$MeshFormat
4.1 0 8
$EndMeshFormat
$PhysicalNames
3
2 1 "SC"
2 2 "FF"
3 3 "air"
$EndPhysicalNames
$Entities
4 6 4 2
1 0.01 -2.939152317953648e-18 0.004 0 
2 0.01 -2.939152317953648e-18 -0.004 0 
3 3.673940397442059e-18 -8.998558695971145e-34 0.06 0 
4 3.673940397442059e-18 -8.998558695971145e-34 -0.06 0 
1 -0.01246676134535753 -0.01445788232083438 0.00399988 0.01000012 0.01445788232083438 0.00400012 0 2 1 -1 
2 0.009999880000000001 -1.200000000029391e-07 -0.00400012 0.01000012 1.199999999970608e-07 0.00400012 0 2 2 -1 
3 -0.01246676134535753 -0.01445788232083438 -0.00400012 0.01000012 0.01445788232083438 -0.00399988 0 2 2 -2 
4 -1.000000000036989e-07 -1.000000000036947e-07 0.05999989999999999 1.000000000036989e-07 1.000000000036947e-07 0.0600001 0 2 3 -3 
5 -1.000000000098145e-07 -1.000000000146958e-07 -0.0600001 0.0600001 1e-07 0.0600001 0 2 4 -3 
6 -1.000000000036989e-07 -1.000000000036947e-07 -0.0600001 1.000000000036989e-07 1.000000000036947e-07 -0.05999989999999999 0 2 4 -4 
1 -0.02000012 -0.02078472969082653 -0.00400012 0.01000012 0.02078472969082652 0.00400012 1 1 4 -1 -2 3 2 
2 -0.01000012 -0.01200012 0.00399988 0.01000012 0.01200012 0.00400012 1 1 1 1 
3 -0.01000012 -0.01200012 -0.00400012 0.01000012 0.01200012 -0.00399988 1 1 1 3 
4 -0.0600001 -0.0600001 -0.0600001 0.0600001 0.0600001 0.0600001 1 2 4 -4 -5 6 5 
1 -0.02000012 -0.02078472969082653 -0.00400012 0.01000012 0.02078472969082652 0.00400012 0 3 1 2 -3 
2 -0.06000012 -0.06000012 -0.06000012 0.06000012 0.06000012 0.06000012 1 3 4 4 -1 -2 3 
$EndEntities
$Nodes
13 2704 1 2704
0 1 0 1
1
0.01 -2.939152317953648e-18 0.004
0 2 0 1
2
0.01 -2.939152317953648e-18 -0.004
0 3 0 1
3
3.673940397442059e-18 -8.998558695971145e-34 0.06
0 4 0 1
4
3.673940397442059e-18 -8.998558695971145e-34 -0.06
1 1 0 46
5
6
7
8
9
10
11
12
13
14
15
16
17
18
19
20
21
22
23
24
25
26
27
28
29
30
31
32
33
34
35
36
37
38
39
40
41
42
43
44
45
46
47
48
49
50
0.00992458278059531 0.001470994748053144 0.003999999999999999
0.009698090712230814 0.002926385588703767 0.004
0.00931987981993865 0.004349870090512641 0.004
0.008789152594521892 0.005723735424100343 0.004
0.008105437605419225 0.007028136948260503 0.004
0.007269394340498949 0.008240418953435772 0.004000000000000001
0.006284061433497498 0.009334624981007126 0.004
0.005156636309600244 0.01028149341474952 0.004
0.003900709000408439 0.01104941789342547 0.003999999999999999
0.002538482549437099 0.01160692866948586 0.004
0.001101952016930142 0.01192691957394835 0.004
-0.0003682733994553908 0.01199185972118942 0.004
-0.001827135362596277 0.01179799431971893 0.004
-0.003231114449474901 0.01135633106054627 0.004
-0.004543571998442682 0.01068983503299996 0.004000000000000001
-0.005737438649764329 0.009828417407999836 0.003999999999999999
-0.006795060139819092 0.008804039248128559 0.004
-0.007706340919684266 0.007647334559611196 0.004
-0.008466415849131759 0.006385962405478252 0.004000000000000001
-0.009073625396663112 0.005044187140846723 0.004
-0.009528000629456542 0.003643181819139562 0.004
-0.009830253833376339 0.002201635251989134 0.004
-0.00998114958771181 0.000736464654357126 0.004000000000000001
-0.009981149587711811 -0.0007364646543571063 0.004
-0.009830253833376346 -0.002201635251989114 0.004000000000000001
-0.009528000629456549 -0.003643181819139536 0.003999999999999999
-0.009073625396663121 -0.005044187140846705 0.004
-0.00846641584913177 -0.006385962405478234 0.003999999999999999
-0.007706340919684283 -0.007647334559611177 0.004
-0.006795060139819111 -0.008804039248128542 0.004
-0.005737438649764373 -0.009828417407999805 0.004
-0.00454357199844273 -0.01068983503299993 0.004
-0.003231114449474953 -0.01135633106054625 0.004
-0.001827135362596351 -0.01179799431971892 0.003999999999999999
-0.0003682733994554498 -0.01199185972118942 0.004
0.001101952016930124 -0.01192691957394836 0.004
0.002538482549437126 -0.01160692866948585 0.004
0.003900709000408494 -0.01104941789342544 0.004000000000000001
0.005156636309600292 -0.01028149341474948 0.004
0.006284061433497524 -0.009334624981007096 0.004
0.007269394340498963 -0.008240418953435746 0.004
0.008105437605419201 -0.007028136948260535 0.004000000000000001
0.008789152594521871 -0.005723735424100377 0.004
0.009319879819938658 -0.004349870090512607 0.004
0.009698090712230814 -0.002926385588703765 0.004000000000000001
0.00992458278059531 -0.001470994748053142 0.004
1 2 0 5
51
52
53
54
55
0.01 -2.939152317953648e-18 -0.002666666666666666
0.01 -2.939152317953648e-18 -0.001333333333333334
0.01 -2.939152317953648e-18 2.602085213965211e-18
0.01 -2.939152317953648e-18 0.001333333333333342
0.01 -2.939152317953648e-18 0.002666666666666673
1 3 0 46
56
57
58
59
60
61
62
63
64
65
66
67
68
69
70
71
72
73
74
75
76
77
78
79
80
81
82
83
84
85
86
87
88
89
90
91
92
93
94
95
96
97
98
99
100
101
0.00992458278059531 0.001470994748053144 -0.003999999999999999
0.009698090712230814 0.002926385588703767 -0.004
0.00931987981993865 0.004349870090512641 -0.004
0.008789152594521892 0.005723735424100343 -0.004
0.008105437605419225 0.007028136948260503 -0.004
0.007269394340498949 0.008240418953435772 -0.004000000000000001
0.006284061433497498 0.009334624981007126 -0.004
0.005156636309600244 0.01028149341474952 -0.004
0.003900709000408439 0.01104941789342547 -0.003999999999999999
0.002538482549437099 0.01160692866948586 -0.004
0.001101952016930142 0.01192691957394835 -0.004
-0.0003682733994553908 0.01199185972118942 -0.004
-0.001827135362596277 0.01179799431971893 -0.004
-0.003231114449474901 0.01135633106054627 -0.004
-0.004543571998442682 0.01068983503299996 -0.004000000000000001
-0.005737438649764329 0.009828417407999836 -0.003999999999999999
-0.006795060139819092 0.008804039248128559 -0.004
-0.007706340919684266 0.007647334559611196 -0.004
-0.008466415849131759 0.006385962405478252 -0.004000000000000001
-0.009073625396663112 0.005044187140846723 -0.004
-0.009528000629456542 0.003643181819139562 -0.004
-0.009830253833376339 0.002201635251989134 -0.004
-0.00998114958771181 0.000736464654357126 -0.004000000000000001
-0.009981149587711811 -0.0007364646543571063 -0.004
-0.009830253833376346 -0.002201635251989114 -0.004000000000000001
-0.009528000629456549 -0.003643181819139536 -0.003999999999999999
-0.009073625396663121 -0.005044187140846705 -0.004
-0.00846641584913177 -0.006385962405478234 -0.003999999999999999
-0.007706340919684283 -0.007647334559611177 -0.004
-0.006795060139819111 -0.008804039248128542 -0.004
-0.005737438649764373 -0.009828417407999805 -0.004
-0.00454357199844273 -0.01068983503299993 -0.004
-0.003231114449474953 -0.01135633106054625 -0.004
-0.001827135362596351 -0.01179799431971892 -0.003999999999999999
-0.0003682733994554498 -0.01199185972118942 -0.004
0.001101952016930124 -0.01192691957394836 -0.004
0.002538482549437126 -0.01160692866948585 -0.004
0.003900709000408494 -0.01104941789342544 -0.004000000000000001
0.005156636309600292 -0.01028149341474948 -0.004
0.006284061433497524 -0.009334624981007096 -0.004
0.007269394340498963 -0.008240418953435746 -0.004
0.008105437605419201 -0.007028136948260535 -0.004000000000000001
0.008789152594521871 -0.005723735424100377 -0.004
0.009319879819938658 -0.004349870090512607 -0.004
0.009698090712230814 -0.002926385588703765 -0.004000000000000001
0.00992458278059531 -0.001470994748053142 -0.004
1 5 0 15
102
103
104
105
106
107
108
109
110
111
112
113
114
115
116
0.01170541932096764 -2.867000860820122e-18 -0.05884711682419384
0.0229610059419053 -5.623824486391537e-18 -0.05543277195067724
0.03333421398117607 -8.164527690828046e-18 -0.04988817673815276
0.04242640687119276 -1.03914726748259e-17 -0.04242640687119293
0.04988817673815263 -1.221907919153521e-17 -0.03333421398117626
0.05543277195067713 -1.357711334745238e-17 -0.02296100594190557
0.05884711682419377 -1.441338665155985e-17 -0.01170541932096793
0.06 -1.469576158976824e-17 -2.278585823177983e-16
0.05884711682419388 -1.441338665155988e-17 0.01170541932096743
0.05543277195067729 -1.357711334745242e-17 0.0229610059419052
0.04988817673815279 -1.221907919153525e-17 0.03333421398117602
0.04242640687119294 -1.039147267482594e-17 0.04242640687119276
0.03333421398117623 -8.164527690828083e-18 0.04988817673815265
0.02296100594190542 -5.623824486391567e-18 0.05543277195067719
0.01170541932096773 -2.867000860820142e-18 0.05884711682419382
2 1 0 248
117
118
119
120
121
122
123
124
125
126
127
128
129
130
131
132
133
134
135
136
137
138
139
140
141
142
143
144
145
146
147
148
149
150
151
152
153
154
155
156
157
158
159
160
161
162
163
164
165
166
167
168
169
170
171
172
173
174
175
176
177
178
179
180
181
182
183
184
185
186
187
188
189
190
191
192
193
194
195
196
197
198
199
200
201
202
203
204
205
206
207
208
209
210
211
212
213
214
215
216
217
218
219
220
221
222
223
224
225
226
227
228
229
230
231
232
233
234
235
236
237
238
239
240
241
242
243
244
245
246
247
248
249
250
251
252
253
254
255
256
257
258
259
260
261
262
263
264
265
266
267
268
269
270
271
272
273
274
275
276
277
278
279
280
281
282
283
284
285
286
287
288
289
290
291
292
293
294
295
296
297
298
299
300
301
302
303
304
305
306
307
308
309
310
311
312
313
314
315
316
317
318
319
320
321
322
323
324
325
326
327
328
329
330
331
332
333
334
335
336
337
338
339
340
341
342
343
344
345
346
347
348
349
350
351
352
353
354
355
356
357
358
359
360
361
362
363
364
0.0003721309572891635 0.01199168823447737 0.002673934869838922
0.0003741225614339287 -0.01199159899784001 0.002769613798103722
-0.002530361582832144 0.01160948186503528 -0.002667243623296262
-0.002532770236749604 -0.011608725506966 0.002783590255258607
0.004552859622456183 0.0106841431912821 -0.002691392262629919
0.004543577230107249 -0.01068983183094258 -0.002725534870686369
-0.005158676090861828 0.01028001983582627 -0.002608037891579506
-0.005154235212186506 -0.01028322699854174 0.002795812824339187
0.0076975620349591 -0.007660055858403189 -0.002553150509325561
0.007707985722684535 0.007644947140589236 0.002531788692712126
-0.008106645123114166 -0.007026131153128344 -0.002583001215281028
-0.008107925615325279 0.007024003188463625 -0.002577593362969942
-0.009698019407960789 0.002926725844771737 -0.002545595213318266
-0.0096999309234168 -0.002917589710112994 0.002733378370925585
0.009073051949269861 0.005045672283177391 -0.002725464547334893
0.009073626223535386 -0.005044184998988651 0.002724707726478835
-0.009999999999999998 1.098658201451978e-17 0.002724552835828574
0.009953670911717659 -0.001153770752344245 -0.000666666666666666
0.009953670911719522 0.001153770752321104 0.0006666666666666721
-0.001101955744916948 -0.01192691907795941 -0.002725902597452923
0.001832285941967081 0.01179684401213699 -0.002685518513094228
0.001827138113760287 -0.01179799370618039 -0.002725869085556218
-0.003900715090542584 -0.01104941479747571 -0.002725638441364684
-0.003887141852175321 0.01105630067600988 0.002625876751407945
0.003241276652381359 -0.01135216018889478 0.002780920686230059
0.003234712821267659 0.01135485585412929 0.002643790778714987
0.005751244298509219 -0.00981679133867914 0.00277335962466221
0.005740976117603015 0.009825442393736832 0.002594880354668937
-0.006284064717596012 -0.009334621797378486 -0.002725217199267326
-0.006290468171673602 0.009328409010162044 0.002631713293602909
-0.008106949648300207 0.007025625171889844 0.002676682849468058
-0.009319533757235701 0.004350937644778613 0.002711224887241369
0.006797062025837641 0.00880181372538404 -0.002686923763969197
-0.007269396575327425 -0.008240416114498699 0.002725029181423594
-0.008795805475853333 -0.005708999972373959 0.002732838785291733
-0.009320548899039218 -0.004347805220762672 -0.002542336105169967
-0.009924745154404066 -0.001469416351137939 -0.002559161309636619
0.007706343315493603 -0.007647331083024696 0.002724947930096524
0.009078398594881083 0.005031804615795815 0.00264836155748553
0.009079159591408533 -0.005029827035175016 -0.002622070924816101
0.009823902922173411 -0.002242084115510884 0.002712831944846455
0.00982390257416843 0.002242086311245748 -0.002712830727654182
0.009833156703518083 0.002182888478929382 0.00247291219956918
0.009833162765624279 -0.002182849155490575 -0.002473033233498554
0.009527133799473547 -0.003646444714564766 0.0027290247689379
0.009322718767707266 -0.004341100929564264 0.001458895325600629
0.008796274780425136 -0.005707958652762791 0.001444230172379793
0.009072642014585729 -0.00504673362683729 0.0001084804483947577
0.008485963430253689 -0.006348490490736484 7.776964998871747e-05
0.009530002210873478 -0.003635635201649794 0.000196412581099125
0.009328648197394332 -0.004322719612156454 -0.001107601559158675
0.00970134513605744 -0.0029108108275146 -0.001053620163795531
0.009535842524419635 -0.003613516096994305 -0.002579934224464883
0.008780111609465882 -0.005743681901051291 -0.001289385510983889
0.008082191871728185 -0.00706658130569103 -0.001225958212149772
0.007723111659918553 -0.0076229329431223 0.0001972002073486771
0.007237396112629831 -0.008280877997700631 -0.001013711979638664
0.006815124810466349 -0.008781677874847319 0.0002861176599299915
0.006250351847255848 -0.009367158938073361 -0.0009285140546371534
0.005763325923092495 -0.009806582840014271 0.0003676137855615708
0.005152190150341003 -0.01028470265894011 -0.0007275755487791595
0.004573563233668241 -0.0106714023380528 0.0004637732723046908
0.003836233601459546 -0.01108187569535262 -0.0005752218272186448
0.003265907855783214 -0.011341990039832 0.0005751423403015611
0.002531632414648935 -0.01160908289817168 -0.0005449532760767352
0.001866565945843683 -0.0117891026571379 0.0006655454097286693
0.001047100124771808 -0.01193403356427876 -0.0004207979379882252
0.0004113857848134545 -0.01198984140428542 0.0007559719714421843
-0.0003763082256893294 -0.01199150051710632 -0.0003917359151796873
-0.001056434656144511 -0.01193284886256871 0.0008464231129978613
-0.001867112057185254 -0.01178897812767992 -0.0002781782768317961
-0.002491993972159662 -0.01162142637981744 0.0009369131794994625
-0.003239157961166292 -0.01135303097026353 -0.0002408534974776987
-0.0038546761724133 -0.01107265637109695 0.001027421710196121
-0.004575329530485848 -0.01067031198934447 -0.0001395146256431507
-0.002641181566508231 -0.01157388397657163 -0.001606732703880074
0.006633606493782611 -0.008979598066468728 -0.002687799257819205
0.0002548602609712018 -0.01199610214178855 -0.001787503868924102
-0.005112372736797887 -0.01031327536721801 0.001117959250964277
-0.005761152692892462 -0.009808421498631483 -8.934617041447825e-05
-0.006242708418630346 -0.009374495821319943 0.001208501726214273
-0.00680802041004773 -0.008789609528231499 -1.859239990150471e-05
-0.005239060609064797 -0.01022131259994262 -0.001426322490742213
0.00312064869157987 -0.01140072956047054 -0.001968656238891593
0.009694419805302215 -0.002943848413137524 0.001466238501686752
0.009921274941590891 -0.001502783114105056 0.00146775611719172
0.009527091698694682 0.00364660310715528 -0.002729102990792385
0.009322697086661004 0.004341167976906896 -0.001458927811485768
0.008796274780422449 0.005707958652768763 -0.00144423017236988
0.009072957640877287 0.005045916476861157 -6.528038378642539e-05
0.008492336344030044 0.006336207203414961 -4.59692738101888e-05
0.009529911359451368 0.003635978114983593 -0.0001919737143440299
0.008122543079984682 0.006999641650531967 -0.001396715464190998
0.007728624260485335 0.007614883356817884 -0.0001212438567945737
0.009331849598704468 0.004312757773943412 0.001067117483061607
0.009701256900761932 0.002911234264947315 0.001053519642898628
0.008132946385020117 0.006982224836087637 0.001234124252330146
0.007303473026515174 0.008196911962525278 0.001182235506045551
0.006826537254640348 0.008768904168700364 -0.0001100128704888412
0.006315476148557379 0.009304045134482318 0.001246455255580434
0.005778661717220268 0.009793578457919424 -7.351545057562078e-05
0.005205510529265277 0.01024596655210137 0.001275270236172563
0.004587710493235653 0.01066265416768114 -7.426639615038325e-05
0.00394497833772322 0.01102676244948843 0.001262332019517372
0.003271401833960416 0.0113397098401456 -7.678546956523848e-05
0.00260292700464516 0.01158635707425868 0.001294914932045134
0.001874854137964281 0.01178720864430403 -6.084906050976991e-05
0.00115395492454222 0.01191983551758411 0.001287983874980538
0.0004119879670227558 0.01198981162978138 -4.124551608797496e-05
-0.0002916424158489817 0.01199489559645435 0.001314697116703744
-0.001035631632002851 0.01193547454677965 -8.68384414902997e-06
-0.0003358872759357662 0.01199322887393236 -0.001308344043347629
-0.001766444787136524 0.01181129666260895 0.001270116058697632
-0.002488654284074003 0.01162245687409846 -3.903694558706103e-05
-0.003176137398958978 0.01137864217562997 0.001277144008850364
-0.003840936123213615 0.01107952986205848 1.661256603792925e-06
-0.004503375025173778 0.01071430087644561 0.001367859781949983
-0.00511776312326238 0.01030942485711075 5.671512335370457e-05
-0.004518703585762505 0.01070500339942891 -0.0012774894381635
-0.005730426913146265 0.009834306210711973 -0.001342670375749766
-0.006257422288744633 0.009360358939296265 4.967778140753908e-06
-0.006777221135863118 0.008823817433111291 -0.001305131637191887
-0.007243814864801363 0.008272792184894722 4.676023685790121e-05
-0.007701801449222129 0.007653917061801377 -0.001259451359306443
-0.008086085500475834 0.00706016420784616 5.353459037823419e-05
-0.008466051053277083 0.006386658795580097 -0.001335530169613736
-0.008769441227567005 0.005767108183569756 3.160285722203851e-05
-0.009061598360555742 0.005075224785055512 -0.00127904929462647
-0.009305550220115165 0.004393825047190315 0.0001080046724569626
-0.009523717199512881 0.003659274164821706 -0.001219148500337653
-0.009688027653171734 0.002973996145859442 0.0001091367443844683
-0.009829083272995389 0.002209148183810226 -0.00130832520850235
-0.009918383066847867 0.001530024630044331 7.211376043981479e-05
-0.009978992394982115 0.0007774210728300951 -0.001249422783119266
-0.009999926147488018 4.611880843104418e-05 0.0001710708162576133
-0.009820723910794044 0.00226204993089448 0.001419870995761462
-0.009982194171570357 -0.0007157871962644944 -0.001192563355270329
-0.00993007593221572 -0.001416605962086614 0.00014274112245506
-0.009836605542052632 -0.002160397100184518 -0.001195204320459308
-0.009709527572670046 -0.002871255302895683 0.000176407892138828
-0.009533190427304116 -0.003623578838459339 -0.001179906212411473
-0.009338179837753903 -0.004292981730404146 0.0001660592431411319
-0.00909040346132811 -0.005000497322346494 -0.00117425326595128
-0.008808311844288624 -0.005681165825200073 0.000241597287232709
-0.008476181298086945 -0.006367280806343005 -0.001164985010152128
-0.008142519925854835 -0.006966138939912276 0.0002059485016613887
-0.007676313010187666 -0.007690700536378854 -0.0009063769698391938
-0.006287105176737303 0.009331673174472296 -0.002691919308957966
-0.002475729614939162 0.01162643103184064 0.002686660641725054
-0.007680878437876272 0.007684133864561246 0.001391631875341726
0.002566163599350081 0.0115981601260361 -0.001367660756644328
-0.007221334001512003 -0.008301045882513456 -0.002338455096561133
-0.009052814748283497 0.005097747050599473 0.001394101655249828
-0.009999992874055445 1.432575059413008e-05 -0.002585313606662927
-0.008787737162442308 -0.005726864134228769 -0.002623000526878998
-0.006768596978092387 0.008833344594509398 0.001358188104534209
-0.005700956326819731 0.009858940086132964 0.00136668503598302
-0.005156197506059179 0.01028181031147011 0.002668217846696367
0.005184156937936117 0.01026154492528792 -0.001407500293521201
0.009535936243088112 0.003613159940214692 0.002495953198782104
-0.009698155003716154 -0.002926078760800756 -0.002624949148021924
-0.009317519323789101 0.004357145907262688 -0.002652535576704642
-0.007271773902260662 0.008237395110879231 0.002690107455031342
0.008811030522507503 0.005675091825624962 0.001340770419875065
-0.007268876969486549 0.008241076128003792 -0.002662674730278545
-0.008438144893547994 0.006439619824795986 0.001366644184965141
0.006800647043964798 0.008797825168080716 0.002623613211019663
0.008465448269794614 0.006387809268572534 -0.002709712980524501
-0.008789358682250495 0.005723279697414485 0.002696393596363549
0.009694336857380586 0.002944241730855423 -0.001464669816602218
0.009921272483444096 0.0015028064829935 -0.001467769940206164
0.004545441261441237 0.01068869064871156 0.002651830422897142
-0.009924572023316865 0.001471099256255151 -0.002638854798347604
0.001825560462036327 0.01179834538226473 0.002628210599081658
-0.003907239354317613 0.01104609488029245 -0.002648491755169729
-0.003110836886873007 0.01140459026721737 -0.001338727778454617
-0.009839764026463856 -0.002139584824458066 0.001450811494204945
0.009831574580522357 0.002193126404332952 -5.334805978708147e-05
0.009831574051684902 -0.002193129818177653 5.382207205306515e-05
0.008466940515317531 0.006384960639385909 0.002640054959712243
-0.008790662183763436 0.00572039614486357 -0.002656008872229945
0.008466829593338917 -0.006385172445423759 -0.00264938284946424
0.007707286092926237 0.007645962801228606 -0.002696779029943113
0.008467687928085854 -0.006383533195626897 0.002721791920567066
-0.00969684389580929 0.002932329207787012 0.002713371862504025
-0.00992396489608517 0.001476985398515439 0.002721142902915486
-0.009514563351729025 0.003693405107126254 0.001408067349288896
-0.009324864368581407 -0.004334459884563206 0.002728599726537632
-0.008110082404365322 -0.007020416746030236 0.002741181089267234
0.006806673874784387 -0.008791111118496443 0.002747469849013564
-0.006284086593658227 -0.009334600590496796 0.00272505446192046
0.005641398277772858 -0.009908151224068976 -0.002147948416977969
0.005740846797322078 0.009825551200392506 -0.002702837308268012
0.00391804719196126 0.01104058082395364 -0.001401466240104218
0.003235780782622277 0.01135441767448291 -0.002686512035009441
0.00112043954178334 0.01192443901975351 -0.001357006637455912
0.0003167012675825419 0.0119939805086652 -0.00266184722890269
0.006303715829651725 0.009315522535218165 -0.00139501997735354
0.007285823847956653 0.008219498161896894 -0.001400600935247567
0.004563244544811414 -0.01067776151086539 0.002812399149746004
-0.003902769310162039 -0.0110483701994813 0.002823540938975945
0.001844552255553609 -0.01179409101398688 0.002830267518517149
-0.001097113642397902 -0.01192756186251644 0.002830559615122292
-0.009977860953689468 0.0007980593561435624 0.001424449244173674
0.009953575130653975 0.001154960021184503 0.002002064871620403
0.009953575130657368 -0.001154960021142374 -0.002002064871620615
-0.009984153041706618 -0.0006753005088728538 0.001435042277319596
-0.007717181875892523 -0.007631575827306588 0.001460497071839678
-0.009924863451348359 -0.001468265330180129 0.002739898885003001
0.008132959844114787 -0.006982202260790179 0.001430221671072107
-0.009543608898710719 -0.003583869700668175 0.001454113112304877
-0.001156602458503033 0.01191946600667572 -0.002551396744443497
-0.001066081909933497 0.01193161329746695 0.002590790282051662
-0.00635301592946 -0.009267169556236663 -0.00150137088408303
-0.009097802719691919 -0.004981082148482952 0.001469915441794665
-0.00849473985767875 -0.006331566033812189 0.001469941557770806
0.007326022715510794 -0.008167883648009468 0.00148356345967748
-0.005156641403040023 -0.01028148973613517 -0.002814704838704747
-0.001719957440851419 0.01182117231150913 -0.001278740796646142
0.006354640237517338 -0.009265565731809623 0.001519627464379275
-0.003986398772158588 -0.01100529053474913 -0.001376469952257554
0.005238728502275802 -0.01022155771389068 0.001550615054057425
-0.002538488125170607 -0.01160692691349651 -0.002914924719199041
0.003991204907229497 -0.01100278183367507 0.001596118580368494
-0.001197072842155907 -0.01191371075354882 -0.001458498522588647
0.002635298172381141 -0.0115758150080851 0.001638551386900673
0.0003682735180753634 -0.01199185971594371 -0.003014170317650582
0.001202760112191047 -0.01191288588386676 0.001685223509354902
0.009961886243310208 0.001046701659738578 -0.0003198278044831318
0.009961886841447625 -0.001046693462192939 0.0003198358757252251
0.001733929231099972 -0.01181823272604721 -0.001539055118536978
0.009958091025995717 0.001097474049759898 -0.00252180135762383
0.009960208390963282 -0.001069447653867087 0.002698895671986141
-0.0002722907044497331 -0.01199555064146991 0.001726450922679907
-0.006986708969553349 -0.008585318444627345 0.001621029118800072
-0.007546785297494914 -0.007873136961203019 0.0003419170857756346
0.003231118989847071 -0.01135632920030797 -0.003115128716544915
-0.001733692169698145 -0.0118182828068822 0.001769443519564199
0.00996596181889655 0.0009892579213665498 0.003050718947788889
0.009963681671314414 -0.001021796690103778 -0.002919215261152422
-0.003142983194336895 -0.01139189121971268 0.001813244954761413
0.004462548844777071 -0.01073887085514531 -0.001617652755796931
-0.007081368117850864 -0.008472902975631134 -0.001314517272169446
0.009869220307198731 0.001934380097159211 0.001333106081733607
0.009869255019805609 -0.00193412505020231 -0.001333107177516744
-0.004468894783579519 -0.01073507011412342 0.001930144007985163
0.005737443381654778 -0.009828413430300957 -0.003216946672998731
-0.005621696200641977 -0.009924263490651088 0.001923830394274831
2 2 0 189
365
366
367
368
369
370
371
372
373
374
375
376
377
378
379
380
381
382
383
384
385
386
387
388
389
390
391
392
393
394
395
396
397
398
399
400
401
402
403
404
405
406
407
408
409
410
411
412
413
414
415
416
417
418
419
420
421
422
423
424
425
426
427
428
429
430
431
432
433
434
435
436
437
438
439
440
441
442
443
444
445
446
447
448
449
450
451
452
453
454
455
456
457
458
459
460
461
462
463
464
465
466
467
468
469
470
471
472
473
474
475
476
477
478
479
480
481
482
483
484
485
486
487
488
489
490
491
492
493
494
495
496
497
498
499
500
501
502
503
504
505
506
507
508
509
510
511
512
513
514
515
516
517
518
519
520
521
522
523
524
525
526
527
528
529
530
531
532
533
534
535
536
537
538
539
540
541
542
543
544
545
546
547
548
549
550
551
552
553
-0.008752241426482921 -9.619761785889351e-05 0.004
0.008698522950432521 -0.0006780109705164291 0.004
0.005742372675186939 0.007742795818919198 0.004
-0.005379168761761538 -0.008400359972356535 0.004
-0.006189905839462268 0.007390278673981442 0.004
0.005751651158215991 -0.007944714662492223 0.004
-0.0009298136080216172 0.01063152746158313 0.004
0.0003467384236710861 -0.01059452922352058 0.004
0.008098236084913507 0.00313291731649205 0.004
-0.008059711078745828 -0.003968695081992614 0.004
-0.008289406377231212 0.003910888639062603 0.004
0.007923888127326084 -0.004350741450877792 0.004
0.002756009429585765 0.0101532945908215 0.004
0.007282800272197054 0.005911780189423394 0.004
-0.007218355873589906 -0.006362435213032001 0.004
-0.004479235791925834 0.009349037855606611 0.004
0.003999031965158557 -0.009695420841793478 0.004
-0.003461557872726706 -0.009555382515789627 0.004
0.008771790452613478 0.0007633884630358963 0.004
0.007500903909490942 0.0001452684312604679 0.004
0.00737597874062791 -0.001312234326326047 0.004
0.006171661952196207 -0.0004865967520130635 0.004
0.006054086686197451 -0.001963844714987773 0.004
0.004836851757182547 -0.001137608130864323 0.004
0.004954638997070236 0.0003449839575080478 0.004
0.003620745936206698 -0.0003073342906366842 0.004
0.003509360940559918 -0.001779675579581684 0.004
0.002291899775302773 -0.0009512720300145251 0.004
0.002401146261089811 0.0005181574691498084 0.004
0.001074027900411079 -0.0001232465309553704 0.004
0.00118225680820335 0.001344699391926342 0.004
0.0009650075432503583 -0.001592198113140497 0.004
-0.0001437325245591554 0.000704863945227667 0.004
-3.544606649593177e-05 0.002172839607558832 0.004
-0.001361304347661942 0.001533280431995068 0.004
-0.001252500310404905 0.003001857324160487 0.004
8.545662144068475e-05 0.003638303379683752 0.004
-0.001470037521489904 6.4695750161093e-05 0.004
0.002524699149807407 0.001999014979745681 0.004
-0.002687529296967985 0.0008932601315557879 0.004
-0.002796331838530386 -0.0005754159174341088 0.004
-0.001141830484562633 0.004469932816623523 0.004
0.0001974435447230768 0.005107522820701874 0.004
-0.002469559393037429 0.003830371593896087 0.004
-0.001032219312517936 0.005938423551689793 0.004
-0.004013850489003046 0.0002531593976196631 0.004
-0.004122641609663285 -0.001215534558026209 0.004
-0.002905145854086957 -0.002044089908887872 0.004
-0.004231406962630085 -0.002684206599080443 0.004
-0.003013951580223142 -0.003512734621604051 0.004
0.0002876629235440921 0.006578937264868987 0.004
0.001530822320467947 0.005778363643867732 0.004
-0.00544892837669457 -0.001855692906235716 0.004
-0.00434016322614761 -0.004152819565792411 0.004
-0.003122744625567533 -0.004981275028195144 0.004
-0.001796602988873117 -0.004341235172864967 0.004
-0.001905383233034255 -0.005809688047202769 0.004
-0.0005793227733970532 -0.005169722418286012 0.004
-0.000688096001602306 -0.006638094127314875 0.004
0.0006379147818252303 -0.005998144507141222 0.004
0.0005291287923010549 -0.007466449449893768 0.004
0.001855156536127395 -0.006826519467046113 0.004
0.001963952057780058 -0.005358154257834116 0.004
-0.0009261096225097292 0.007407132074928059 0.004
-0.002251650736414628 0.00676721823764045 0.004
0.003181237765538404 -0.006186583584493453 0.004
0.0003925057603729812 0.008047423033262332 0.004
-0.0007968159731839234 -0.008106366606239989 0.004
-0.003905050572571336 0.001721858308503535 0.004
-0.00523138296253468 0.001081735179942367 0.004
-0.005122598156147459 0.002550444984120504 0.004
0.003290077324011996 -0.004718206688347782 0.004
0.004507380249853652 -0.005546627003129984 0.004
-0.006440692374595084 0.001894767690852724 0.004
-0.003231468364375507 -0.006449735984491874 0.004
-0.002116212910520358 0.008194518783513335 0.004
0.001708160661538387 -0.00829206350500928 0.004
0.004616193603017887 -0.004078114837159641 0.004
-0.0004704734750709191 -0.003701300695982259 0.004
0.002072958170989199 -0.003889763510428603 0.004
-0.006505664959068543 0.0004325185328962 0.004
0.005769776201553249 -0.004899234180010335 0.004
-0.003402092763540685 0.007494014905878056 0.004
-0.003565863824501596 0.006108166921697055 0.004
-0.006257461664182369 0.003360045494600475 0.004
-0.005001607305205158 0.004015523242579439 0.004
-0.006182114653750839 0.004959194341904938 0.004
0.007297869693436205 -0.002972462302467236 0.004
0.007676363068910721 0.001598895101203591 0.004
0.004464726995223832 -0.007012286166742279 0.004
-0.007792191983927819 0.001259881189540088 0.004
0.006313559898965699 0.0009814703367628909 0.004
0.005069974844066497 0.001815990312394308 0.004
0.006495235925686153 0.002465986079817474 0.004
0.005248926725574621 0.003308096829084194 0.004
0.006594409108133809 0.003894114882489286 0.004
0.005311093384613746 0.004712361133329298 0.004
0.004008787573536083 0.004122905009227147 0.004
0.004122953727582963 0.005598330403512268 0.004
0.005689414125018397 0.006154618490696388 0.004
0.004306766236665559 0.007114723636475261 0.004
0.004419970045144881 0.008623681037304484 0.004
0.002992345275584992 0.007878013818226337 0.004
0.002887984094681972 0.006416949190934183 0.004
-0.004815988343632871 0.007058465171854326 0.004
0.002789981819205836 0.004950522386169709 0.004
0.001446851880145923 0.00429218524332544 0.004
0.00594242817937404 -0.003438037851187683 0.004
0.003732674467036332 0.001166925491294383 0.004
0.003878273095302641 0.002656048891471875 0.004
0.0004211118926331307 -0.008969302607229064 0.004
-0.0009055454422348414 -0.009574576177068188 0.004
0.001604287701648314 -0.009693824215930243 0.004
-0.002122610429995708 -0.008746339733122457 0.004
-0.0008533251778656027 0.008917160594707724 0.004
0.000480343350470291 0.009548955608002022 0.004
0.001839753091256526 0.008971593094240699 0.004
-0.003794253380996018 0.003189924014221988 0.004
-0.004428933500370829 -0.005623589570737431 0.004
-0.005626818861934149 -0.004677102624116993 0.004
-0.004613143962760325 -0.00715634216638306 0.004
-0.003294006357536083 -0.007924810272827067 0.004
-0.00157885724692179 -0.001403963413018534 0.004
-0.002578380687655135 0.002361764193516882 0.004
-0.002007313212059972 -0.007279346799108882 0.004
0.002182325464102286 -0.002420713870259604 0.004
-0.0002524865623522929 -0.0007637216865101978 0.004
0.003065379255796745 -0.007626636790580646 0.004
0.00572113271886924 -0.006363998181840417 0.004
-0.0003614934373218619 -0.002232538877118738 0.004
-0.001687755312903065 -0.002872639346509274 0.004
-0.005332288565477902 -0.0003881247235446566 0.004
-0.005540707385983423 -0.003295445369701949 0.004
-0.006994905987027527 -0.002620930580337459 0.004
-0.006643930648366407 -0.001050869582291647 0.004
-0.00795529900909986 -0.001437964411272794 0.004
-0.00235798476933853 0.005295503391943086 0.004
0.0007467366054462327 -0.00452976711429092 0.004
-0.003682406009760114 0.004654032540614003 0.004
-0.004821239921644549 0.005518883219109077 0.004
0.0008558358073253343 -0.003061037144564372 0.004
0.003399352558253126 -0.003249384789360616 0.004
0.004726413745145912 -0.002607721050061206 0.004
0.001317550171014119 0.002827492519670089 0.004
-0.002124370195873209 0.009565026113233302 0.004
0.007123200761928314 -0.005656436893741436 0.004
0.001653759013343974 0.007282597376242313 0.004
0.002662655484104864 0.00347322668368668 0.004
0.008569646917964942 -0.002123185788765315 0.004
-0.007442698773525587 0.002890879759589612 0.004
0.004214140730514981 -0.008427987821729745 0.004
-0.00581560350096315 -0.006102989363698838 0.004
-0.006927483470529737 -0.005044900278513162 0.004
-0.00769006079337368 0.005168736897543467 0.004
-0.006961786029010505 0.00631079054007854 0.004
0.007765355514976412 0.00467737266144866 0.004
0.006775260503189195 0.006998752152667483 0.004
-0.006264643524790866 -0.007407851347611249 0.004
0.0003793118189291868 0.0108964504886624 0.004
-0.005484332747139734 0.008497299760859616 0.004
0.008558317745586295 -0.003342412226191962 0.004
-0.004684984376933326 -0.009358273924808907 0.004
-0.003311833848645595 0.0100970425102107 0.004
0.002783850711437074 -0.01034056604396703 0.004
-0.002091348285215495 -0.01030288670716413 0.004
0.006798023190800489 -0.007041871363068566 0.004
-0.0009595255544029239 -0.01085511366158426 0.004
-0.008580742220931291 -0.002604481746135645 0.004
0.003894895368030804 0.009828768780173417 0.004
0.001520200499226827 0.01050373104471373 0.004
0.002888105770055423 -0.009011081536104505 0.004
-0.006664703811464947 -0.003872688008131054 0.004
0.008828849010690353 0.00202629453846126 0.004
-0.00331392310311613 0.008800553927663119 0.004
-0.009030306758036373 0.001371578285006576 0.004
-0.007531420302224536 -0.0001750396419434776 0.004
-0.008657734497619149 0.002537330157090916 0.004
0.006767358235445659 -0.004237502569438959 0.004
0.001644382462681566 -0.01087887994739114 0.004
0.006433320111109575 0.005083767833905229 0.004
-0.004312209462425056 0.008242624113908567 0.004
-0.002277330030686813 0.01074801804722277 0.004
-0.009071853628034416 -0.001383173171578643 0.004
0.003117166046683795 0.009100466222379602 0.004
-0.008018662914395904 -0.005379090047805007 0.004
-0.005743017598313723 0.006252747149246493 0.004
0.00515204481571337 -0.00917221059147379 0.004
-0.004287966374247635 -0.008483585739290398 0.004
-0.007048675169570537 0.004169896020022316 0.004
2 3 0 189
554
555
556
557
558
559
560
561
562
563
564
565
566
567
568
569
570
571
572
573
574
575
576
577
578
579
580
581
582
583
584
585
586
587
588
589
590
591
592
593
594
595
596
597
598
599
600
601
602
603
604
605
606
607
608
609
610
611
612
613
614
615
616
617
618
619
620
621
622
623
624
625
626
627
628
629
630
631
632
633
634
635
636
637
638
639
640
641
642
643
644
645
646
647
648
649
650
651
652
653
654
655
656
657
658
659
660
661
662
663
664
665
666
667
668
669
670
671
672
673
674
675
676
677
678
679
680
681
682
683
684
685
686
687
688
689
690
691
692
693
694
695
696
697
698
699
700
701
702
703
704
705
706
707
708
709
710
711
712
713
714
715
716
717
718
719
720
721
722
723
724
725
726
727
728
729
730
731
732
733
734
735
736
737
738
739
740
741
742
-0.008752241426482921 -9.619761785889351e-05 -0.004
0.008698522950432521 -0.0006780109705164291 -0.004
0.005742372675186939 0.007742795818919198 -0.004
-0.005379168761761538 -0.008400359972356535 -0.004
-0.006189905839462268 0.007390278673981442 -0.004
0.005751651158215991 -0.007944714662492223 -0.004
-0.0009298136080216172 0.01063152746158313 -0.004
0.0003467384236710861 -0.01059452922352058 -0.004
0.008098236084913507 0.00313291731649205 -0.004
-0.008059711078745828 -0.003968695081992614 -0.004
-0.008289406377231212 0.003910888639062603 -0.004
0.007923888127326084 -0.004350741450877792 -0.004
0.002756009429585765 0.0101532945908215 -0.004
0.007282800272197054 0.005911780189423394 -0.004
-0.007218355873589906 -0.006362435213032001 -0.004
-0.004479235791925834 0.009349037855606611 -0.004
0.003999031965158557 -0.009695420841793478 -0.004
-0.003461557872726706 -0.009555382515789627 -0.004
0.008771790452613478 0.0007633884630358963 -0.004
0.007500903909490942 0.0001452684312604679 -0.004
0.00737597874062791 -0.001312234326326047 -0.004
0.006171661952196207 -0.0004865967520130635 -0.004
0.006054086686197451 -0.001963844714987773 -0.004
0.004836851757182547 -0.001137608130864323 -0.004
0.004954638997070236 0.0003449839575080478 -0.004
0.003620745936206698 -0.0003073342906366842 -0.004
0.003509360940559918 -0.001779675579581684 -0.004
0.002291899775302773 -0.0009512720300145251 -0.004
0.002401146261089811 0.0005181574691498084 -0.004
0.001074027900411079 -0.0001232465309553704 -0.004
0.00118225680820335 0.001344699391926342 -0.004
0.0009650075432503583 -0.001592198113140497 -0.004
-0.0001437325245591554 0.000704863945227667 -0.004
-3.544606649593177e-05 0.002172839607558832 -0.004
-0.001361304347661942 0.001533280431995068 -0.004
-0.001252500310404905 0.003001857324160487 -0.004
8.545662144068475e-05 0.003638303379683752 -0.004
-0.001470037521489904 6.4695750161093e-05 -0.004
0.002524699149807407 0.001999014979745681 -0.004
-0.002687529296967985 0.0008932601315557879 -0.004
-0.002796331838530386 -0.0005754159174341088 -0.004
-0.001141830484562633 0.004469932816623523 -0.004
0.0001974435447230768 0.005107522820701874 -0.004
-0.002469559393037429 0.003830371593896087 -0.004
-0.001032219312517936 0.005938423551689793 -0.004
-0.004013850489003046 0.0002531593976196631 -0.004
-0.004122641609663285 -0.001215534558026209 -0.004
-0.002905145854086957 -0.002044089908887872 -0.004
-0.004231406962630085 -0.002684206599080443 -0.004
-0.003013951580223142 -0.003512734621604051 -0.004
0.0002876629235440921 0.006578937264868987 -0.004
0.001530822320467947 0.005778363643867732 -0.004
-0.00544892837669457 -0.001855692906235716 -0.004
-0.00434016322614761 -0.004152819565792411 -0.004
-0.003122744625567533 -0.004981275028195144 -0.004
-0.001796602988873117 -0.004341235172864967 -0.004
-0.001905383233034255 -0.005809688047202769 -0.004
-0.0005793227733970532 -0.005169722418286012 -0.004
-0.000688096001602306 -0.006638094127314875 -0.004
0.0006379147818252303 -0.005998144507141222 -0.004
0.0005291287923010549 -0.007466449449893768 -0.004
0.001855156536127395 -0.006826519467046113 -0.004
0.001963952057780058 -0.005358154257834116 -0.004
-0.0009261096225097292 0.007407132074928059 -0.004
-0.002251650736414628 0.00676721823764045 -0.004
0.003181237765538404 -0.006186583584493453 -0.004
0.0003925057603729812 0.008047423033262332 -0.004
-0.0007968159731839234 -0.008106366606239989 -0.004
-0.003905050572571336 0.001721858308503535 -0.004
-0.00523138296253468 0.001081735179942367 -0.004
-0.005122598156147459 0.002550444984120504 -0.004
0.003290077324011996 -0.004718206688347782 -0.004
0.004507380249853652 -0.005546627003129984 -0.004
-0.006440692374595084 0.001894767690852724 -0.004
-0.003231468364375507 -0.006449735984491874 -0.004
-0.002116212910520358 0.008194518783513335 -0.004
0.001708160661538387 -0.00829206350500928 -0.004
0.004616193603017887 -0.004078114837159641 -0.004
-0.0004704734750709191 -0.003701300695982259 -0.004
0.002072958170989199 -0.003889763510428603 -0.004
-0.006505664959068543 0.0004325185328962 -0.004
0.005769776201553249 -0.004899234180010335 -0.004
-0.003402092763540685 0.007494014905878056 -0.004
-0.003565863824501596 0.006108166921697055 -0.004
-0.006257461664182369 0.003360045494600475 -0.004
-0.005001607305205158 0.004015523242579439 -0.004
-0.006182114653750839 0.004959194341904938 -0.004
0.007297869693436205 -0.002972462302467236 -0.004
0.007676363068910721 0.001598895101203591 -0.004
0.004464726995223832 -0.007012286166742279 -0.004
-0.007792191983927819 0.001259881189540088 -0.004
0.006313559898965699 0.0009814703367628909 -0.004
0.005069974844066497 0.001815990312394308 -0.004
0.006495235925686153 0.002465986079817474 -0.004
0.005248926725574621 0.003308096829084194 -0.004
0.006594409108133809 0.003894114882489286 -0.004
0.005311093384613746 0.004712361133329298 -0.004
0.004008787573536083 0.004122905009227147 -0.004
0.004122953727582963 0.005598330403512268 -0.004
0.005689414125018397 0.006154618490696388 -0.004
0.004306766236665559 0.007114723636475261 -0.004
0.004419970045144881 0.008623681037304484 -0.004
0.002992345275584992 0.007878013818226337 -0.004
0.002887984094681972 0.006416949190934183 -0.004
-0.004815988343632871 0.007058465171854326 -0.004
0.002789981819205836 0.004950522386169709 -0.004
0.001446851880145923 0.00429218524332544 -0.004
0.00594242817937404 -0.003438037851187683 -0.004
0.003732674467036332 0.001166925491294383 -0.004
0.003878273095302641 0.002656048891471875 -0.004
0.0004211118926331307 -0.008969302607229064 -0.004
-0.0009055454422348414 -0.009574576177068188 -0.004
0.001604287701648314 -0.009693824215930243 -0.004
-0.002122610429995708 -0.008746339733122457 -0.004
-0.0008533251778656027 0.008917160594707724 -0.004
0.000480343350470291 0.009548955608002022 -0.004
0.001839753091256526 0.008971593094240699 -0.004
-0.003794253380996018 0.003189924014221988 -0.004
-0.004428933500370829 -0.005623589570737431 -0.004
-0.005626818861934149 -0.004677102624116993 -0.004
-0.004613143962760325 -0.00715634216638306 -0.004
-0.003294006357536083 -0.007924810272827067 -0.004
-0.00157885724692179 -0.001403963413018534 -0.004
-0.002578380687655135 0.002361764193516882 -0.004
-0.002007313212059972 -0.007279346799108882 -0.004
0.002182325464102286 -0.002420713870259604 -0.004
-0.0002524865623522929 -0.0007637216865101978 -0.004
0.003065379255796745 -0.007626636790580646 -0.004
0.00572113271886924 -0.006363998181840417 -0.004
-0.0003614934373218619 -0.002232538877118738 -0.004
-0.001687755312903065 -0.002872639346509274 -0.004
-0.005332288565477902 -0.0003881247235446566 -0.004
-0.005540707385983423 -0.003295445369701949 -0.004
-0.006994905987027527 -0.002620930580337459 -0.004
-0.006643930648366407 -0.001050869582291647 -0.004
-0.00795529900909986 -0.001437964411272794 -0.004
-0.00235798476933853 0.005295503391943086 -0.004
0.0007467366054462327 -0.00452976711429092 -0.004
-0.003682406009760114 0.004654032540614003 -0.004
-0.004821239921644549 0.005518883219109077 -0.004
0.0008558358073253343 -0.003061037144564372 -0.004
0.003399352558253126 -0.003249384789360616 -0.004
0.004726413745145912 -0.002607721050061206 -0.004
0.001317550171014119 0.002827492519670089 -0.004
-0.002124370195873209 0.009565026113233302 -0.004
0.007123200761928314 -0.005656436893741436 -0.004
0.001653759013343974 0.007282597376242313 -0.004
0.002662655484104864 0.00347322668368668 -0.004
0.008569646917964942 -0.002123185788765315 -0.004
-0.007442698773525587 0.002890879759589612 -0.004
0.004214140730514981 -0.008427987821729745 -0.004
-0.00581560350096315 -0.006102989363698838 -0.004
-0.006927483470529737 -0.005044900278513162 -0.004
-0.00769006079337368 0.005168736897543467 -0.004
-0.006961786029010505 0.00631079054007854 -0.004
0.007765355514976412 0.00467737266144866 -0.004
0.006775260503189195 0.006998752152667483 -0.004
-0.006264643524790866 -0.007407851347611249 -0.004
0.0003793118189291868 0.0108964504886624 -0.004
-0.005484332747139734 0.008497299760859616 -0.004
0.008558317745586295 -0.003342412226191962 -0.004
-0.004684984376933326 -0.009358273924808907 -0.004
-0.003311833848645595 0.0100970425102107 -0.004
0.002783850711437074 -0.01034056604396703 -0.004
-0.002091348285215495 -0.01030288670716413 -0.004
0.006798023190800489 -0.007041871363068566 -0.004
-0.0009595255544029239 -0.01085511366158426 -0.004
-0.008580742220931291 -0.002604481746135645 -0.004
0.003894895368030804 0.009828768780173417 -0.004
0.001520200499226827 0.01050373104471373 -0.004
0.002888105770055423 -0.009011081536104505 -0.004
-0.006664703811464947 -0.003872688008131054 -0.004
0.008828849010690353 0.00202629453846126 -0.004
-0.00331392310311613 0.008800553927663119 -0.004
-0.009030306758036373 0.001371578285006576 -0.004
-0.007531420302224536 -0.0001750396419434776 -0.004
-0.008657734497619149 0.002537330157090916 -0.004
0.006767358235445659 -0.004237502569438959 -0.004
0.001644382462681566 -0.01087887994739114 -0.004
0.006433320111109575 0.005083767833905229 -0.004
-0.004312209462425056 0.008242624113908567 -0.004
-0.002277330030686813 0.01074801804722277 -0.004
-0.009071853628034416 -0.001383173171578643 -0.004
0.003117166046683795 0.009100466222379602 -0.004
-0.008018662914395904 -0.005379090047805007 -0.004
-0.005743017598313723 0.006252747149246493 -0.004
0.00515204481571337 -0.00917221059147379 -0.004
-0.004287966374247635 -0.008483585739290398 -0.004
-0.007048675169570537 0.004169896020022316 -0.004
2 4 0 384
743
744
745
746
747
748
749
750
751
752
753
754
755
756
757
758
759
760
761
762
763
764
765
766
767
768
769
770
771
772
773
774
775
776
777
778
779
780
781
782
783
784
785
786
787
788
789
790
791
792
793
794
795
796
797
798
799
800
801
802
803
804
805
806
807
808
809
810
811
812
813
814
815
816
817
818
819
820
821
822
823
824
825
826
827
828
829
830
831
832
833
834
835
836
837
838
839
840
841
842
843
844
845
846
847
848
849
850
851
852
853
854
855
856
857
858
859
860
861
862
863
864
865
866
867
868
869
870
871
872
873
874
875
876
877
878
879
880
881
882
883
884
885
886
887
888
889
890
891
892
893
894
895
896
897
898
899
900
901
902
903
904
905
906
907
908
909
910
911
912
913
914
915
916
917
918
919
920
921
922
923
924
925
926
927
928
929
930
931
932
933
934
935
936
937
938
939
940
941
942
943
944
945
946
947
948
949
950
951
952
953
954
955
956
957
958
959
960
961
962
963
964
965
966
967
968
969
970
971
972
973
974
975
976
977
978
979
980
981
982
983
984
985
986
987
988
989
990
991
992
993
994
995
996
997
998
999
1000
1001
1002
1003
1004
1005
1006
1007
1008
1009
1010
1011
1012
1013
1014
1015
1016
1017
1018
1019
1020
1021
1022
1023
1024
1025
1026
1027
1028
1029
1030
1031
1032
1033
1034
1035
1036
1037
1038
1039
1040
1041
1042
1043
1044
1045
1046
1047
1048
1049
1050
1051
1052
1053
1054
1055
1056
1057
1058
1059
1060
1061
1062
1063
1064
1065
1066
1067
1068
1069
1070
1071
1072
1073
1074
1075
1076
1077
1078
1079
1080
1081
1082
1083
1084
1085
1086
1087
1088
1089
1090
1091
1092
1093
1094
1095
1096
1097
1098
1099
1100
1101
1102
1103
1104
1105
1106
1107
1108
1109
1110
1111
1112
1113
1114
1115
1116
1117
1118
1119
1120
1121
1122
1123
1124
1125
1126
0.0138025633749031 0.01062280293223969 -0.05741642014393255
0.05190177560606989 0.01030689615609107 -0.02828380420956
0.03743280568069738 0.01067907121942428 0.04565898046125881
0.05658565512648348 0.01016975798973541 0.01716507082236733
0.005795935119537924 0.01016975798973587 0.05884711682419377
0.03761147514147652 0.01089356831649657 -0.04546105043898475
0.05885099203184417 0.01021879814802717 -0.005668941812868616
0.02598653981291259 0.01185830125667587 -0.05276438609382116
0.04570954038600697 0.01016975798973562 0.03751285033332185
0.0564958311256052 0.01031223889493942 -0.01737465954776659
0.04523411758150273 0.009504673243883014 -0.03825618633828782
0.03089743144294167 0.02076492012057467 -0.04705493409425703
0.05541659212970635 0.02015971808892372 -0.01107190513438808
0.03988887562781735 0.02020622762568221 0.04000732390810007
0.05883884214125149 -0.01005579175649492 -0.006072207804982929
0.04570954038625171 -0.01016975798979504 0.03751285033300752
0.03827170016788875 -0.008506311522809262 -0.04541937505664457
0.005795935119537098 -0.01016975798973441 -0.05884711682419411
0.01716507082245334 -0.01016975798974727 0.05658565512645526
0.05658565512651382 -0.0101697579898002 0.01716507082222893
0.05247109886905008 -0.009301817321151814 -0.02757281229759293
0.04632919234419563 0.01981831383936912 -0.03257054456558556
0.03022492815265214 0.01988717481526844 0.04786391120702495
0.03219847116428928 0.02941707188785063 0.04120551342026282
0.04052028811599818 0.02905571868694703 0.03337471292133452
0.03248549388327674 0.03764439419471842 0.03357964074960064
0.02346746745044002 0.03712756416927401 0.04087568898892077
0.04007742251553345 0.03730402776126556 0.02453996164011142
0.03147355367530344 0.0448933136027494 0.02437223446491906
0.03810646811710725 0.04382727329640638 0.01506874921956006
0.02908725339900332 0.05049025203279322 0.01430615739348585
0.03503996827476481 0.04844407426052826 0.005037091655300558
0.02541908076227026 0.05421854096302609 0.003770961288828627
0.01851412502358211 0.05552393856453722 0.01320300802441122
0.01433087286163828 0.05818160534814319 0.003086564779244966
0.007237601345473632 0.05845538085271988 0.01142740461029833
0.002652351781500008 0.05991734789059108 0.00169601054980617
-0.004422882760460954 0.05904037917607136 0.00972994012483816
-0.008893279991623195 0.05933280011207016 -0.000726912547505476
-0.01591476328996448 0.05726366451325181 0.008221498399813976
-0.02005934672305968 0.05648944377876484 -0.002562294013152887
-0.02682976825649545 0.05331119071517121 0.006170938326818099
-0.03049232454339401 0.05147273627180244 -0.00455802200892057
-0.03671519695692775 0.04727348863488218 0.004148684695378687
-0.03964488059223968 0.04450851881131867 -0.006875696041096452
-0.0451924144559078 0.03940969672643269 0.002126377101093526
-0.04732102129490928 0.03582008495840297 -0.008811495740198377
-0.04145607620250858 0.04133889501811303 0.01313352597641743
-0.04092367140382253 0.04013989117191744 -0.01772123741555827
-0.04774106819049437 0.03070949930276494 -0.01943494431697829
-0.01344513333961623 0.05740513774827539 -0.01113007410494053
-0.04048636892239907 0.03434718096822814 -0.02794861518957935
-0.0464479104673978 0.02428570309410977 -0.02920267519316245
-0.009370253629521038 0.0564022213686518 0.01819306932873193
-0.03834990030725586 0.02735461315294233 -0.03716194674228478
-0.04348885589472209 0.01679219547156414 -0.03777223297890762
-0.05071442936819932 0.01332480693534911 -0.02916326754658322
-0.04911189935767172 0.03267605431024048 0.01096799052680748
-0.04722616695788114 0.00574441339063702 -0.03656078321458398
-0.04449352424310714 0.03389258666574194 0.02171678773514187
-0.05124132269453806 0.02458399309282589 0.01923419174610951
-0.0457669847520815 0.02529853455852151 0.02941712521464381
-0.05150173557527873 0.01544142132926355 0.02662956514977729
-0.05321989698509975 0.001886418661683271 -0.02764206919766
-0.04850155642241458 -0.005901761356556489 -0.03482482214590034
-0.04501182385463968 0.01569613117275127 0.03643579530470928
-0.04988305790548778 0.00560223083361634 0.03286784969669648
-0.05357380719884711 -0.009579745389433071 -0.02526015955005812
-0.04774321689767207 -0.01728662865448768 -0.03196494501831165
-0.05205598497277475 -0.02063680927229791 -0.02154754119552966
-0.04525728687192128 -0.02797581408417913 -0.02773322576477656
-0.042472613017897 0.005650334712340182 0.04200179592672781
-0.04656319703646822 -0.004551898672536477 0.03756526188139778
-0.03837742496366931 -0.004521302916478367 0.04589914022174463
-0.04132936560224938 -0.01463035731839582 0.04096139870233519
-0.0383244550090923 0.02509094195299957 0.03875152616565269
0.01966456938872881 0.05625135147826535 -0.007006437584430762
-0.04920816017261333 -0.01433058946420877 0.03119601221365864
-0.04337475787885415 -0.0241177303704429 0.03371891843949618
-0.03473975624041526 -0.02412703039067511 0.04255626558902894
-0.04864239184433153 -0.03086226002189699 -0.01677613251030546
-0.04091664321784107 -0.03762274395063115 -0.02259109216946243
-0.04342867170087706 -0.03985692031223464 -0.01119715935055038
-0.03488930411356274 -0.04585400368322653 -0.01673758658498836
-0.0352995483312281 -0.03328431992914846 0.03530008405748324
-0.03150552107525843 -0.04279376904796523 -0.02785849013219955
-0.02498093904500433 -0.05020086493205994 -0.02135007832545005
-0.02726837006582829 -0.0523957537485675 -0.010541393791739
-0.01721690974234855 -0.05564580645411114 -0.01439174218068909
-0.01472591692304765 -0.05279597709094342 -0.02440762532054432
-0.006690246257531872 -0.05710347201273132 -0.01715908182580849
-0.00903029203194477 -0.05895874231916344 -0.006505423119235294
0.002104699667472658 -0.05918871265407857 -0.009605547025685666
-0.0005062073908579601 -0.05998030910956854 0.001451300519550965
0.01063079836993455 -0.05903156974914803 -0.001503296035140142
0.003689497715017853 -0.05594172750657082 -0.02137547029170248
0.007964881501551 -0.05870911506389526 0.009476311048111334
0.01903817307344406 -0.05655664376317904 0.006236506415490141
0.01590425297099986 -0.05517445714021556 0.01740212678717628
-0.02628715137856847 -0.03244160451212235 0.0430874456086604
-0.0345969642532382 0.01943285691751336 -0.04500460128124246
-0.02875038348203008 0.02954141010034102 -0.0435972538002072
0.02664204987941601 -0.05194615081481058 0.01384913693150816
0.02937318379240288 -0.05225768866136875 0.002519930488956401
0.02376868266803474 -0.04934959587060575 0.02448810142975882
-0.02637015439944385 -0.04098241370000367 0.03500081033735139
-0.04160900788484096 -0.01385453815342409 -0.04094804312045398
-0.05673516678483268 -0.01272205908337645 -0.01480777034452844
-0.01694577313007651 -0.03948577617559455 0.04187737160848119
-0.03368610152980121 0.005769711460360555 0.04931487598471792
-0.011504068030041 -0.05870847882343234 0.004579403126913272
-0.05488429239199508 0.02274226209585871 0.008396663825190314
-0.05511211590623782 0.005526711280213494 0.02306751271295994
-0.02842508806399027 -0.004500087075752466 0.05264754110939127
0.03639366797705192 -0.04665413973444105 0.009944454576061634
0.03845031341596589 -0.04603205444066254 -0.001619679655324918
-0.05023335613043554 -0.03238302264196851 -0.005286754812036241
-0.02438294289995603 0.02114457621893423 -0.05058042103481508
-0.01802093929262318 0.03076144712660937 -0.04825949769411619
-0.02193467201435782 0.03857330973181947 -0.04038526884837672
-0.01081763615823003 0.03912076102957 -0.04418760917288275
-0.01704812767420822 -0.03135255007277415 0.04823255069699388
-0.006979630164082644 -0.03726436520169545 0.04650432075503626
-0.04439464639856451 -0.04036038754997569 0.0003930495670899673
-0.006681511291727407 -0.04605346386467911 0.03787394715266966
0.0450177316627552 -0.03917977706097135 0.006192649303226432
0.04249598458250817 -0.03864638098025455 0.01733633558432252
0.04603495160152483 -0.03806517603511003 -0.005641418656805364
0.03888004789549128 -0.04376457220556095 -0.01315310211731609
-0.02965738574731463 0.01064239935188823 -0.05106054060299311
-0.0360039421296366 0.04182564013231353 0.02354425574631704
0.009536194585928469 0.0554028270508588 0.02096634797936772
0.003306153172587002 -0.04207339275911485 0.04264855182695721
-0.05598639625701823 0.009526847395375761 -0.01935878645105002
-0.05001695376351572 -0.03250243726706033 0.006472704837943639
-0.02306752422415285 0.005680544028344579 0.05509646763368918
0.0462018958192745 0.03546779513866473 0.01440209466385415
-0.01324215745349293 0.02186109593149709 -0.05428386270937969
-0.006652201133181702 -0.02740567538339657 0.05295920294777469
0.04561572448166047 -0.03506799103800023 -0.01701298576299813
0.03769501211363207 -0.03997117090089281 -0.02411206251162997
-0.03462030975814197 -0.0409148796830287 0.02697047965412526
-0.01757584203813321 -0.004507774467158041 0.05719064386771517
-0.02526360247105522 -0.04800762975987965 0.02563235991911026
-0.01412957931091091 0.04618171734020876 -0.03560342640822285
-0.003051859857487788 0.04589894455752802 -0.03852237064246206
0.0006786990777634269 0.03801601921769157 -0.04641467063765451
0.008467496358805532 0.04398018089538113 -0.0399254955363508
0.004684402735439722 0.050991228697402 -0.0312722075802373
0.01619761311263663 0.04800820553714733 -0.03213797645397666
0.03016680282528637 -0.04790176039862285 -0.01988429928393811
0.02842496744763354 -0.04331609132866551 -0.03026115426760325
0.03534529771607928 -0.03460620013025573 -0.03395763304334401
0.02528389202524609 -0.03710247431179061 -0.03980114576238497
0.004782374567419405 -0.05608679034678273 0.0207701911905726
0.05186970987952342 -0.0300313206742514 0.002766401195479591
0.01785070365025621 -0.04501315154038274 -0.0354283582401622
0.01424570074639921 -0.0379453838741227 -0.04424034191650772
0.02124156043169266 -0.0292275601307645 -0.04790141792503948
0.006556748066573925 -0.0451319185001694 -0.03898870332911248
0.002811057126905508 -0.03729342119668632 -0.04691799967257577
-0.004968768476810829 -0.04368038415505232 -0.04083301825595195
-0.008693528415602062 -0.03505639587501032 -0.04791108088888915
0.01206459212619885 0.03556714126265725 -0.04679128208577581
-0.03435638522852238 -0.04644574047585005 0.01619975264253604
0.05661999455144578 0.01984821448238303 0.0004739186170313894
0.05214243013131876 0.02935810000256427 -0.004389640559314137
0.04986430489741749 0.02925511053730738 -0.0160527133079524
-0.02751176553906698 0.01574723906747524 0.05094239117547573
-0.01667137925007034 0.01554314134399778 0.05550203483711954
-0.02068701947105062 0.02530630227893567 0.05031538820650704
-0.009484235923188459 0.02470594221815781 0.05384854397350358
-0.01320719817560172 0.03398395654831111 0.0476514492295133
-0.001784295088327554 0.03281427180628005 0.05019999857431616
-0.00536183151245792 0.04144430614547358 0.0430536903290795
-0.01660460467730671 0.0418822947609029 0.03962525064994806
0.004196483807667551 0.02862646099883681 -0.05256344028252012
-0.05341469729143365 0.02539404850757098 -0.01010011948739427
-0.03293553689673785 0.04307123813334655 -0.02569277826518911
-0.05511929143014694 -0.02368482187503537 0.0009449470812565688
-0.05392548780730193 -0.02316620204974581 0.01246470406126374
-0.05798338516601294 -0.01389170046396483 0.006704304804323024
0.04563766033277205 0.03780878269401253 -0.009364823038769237
0.04247718436604166 0.03722249772754649 -0.02025276453366558
0.03727037155604161 0.04502816637403069 -0.0135419214688026
-0.01580159111723918 -0.04144949804383218 -0.04040109936719471
-0.0198227349417995 -0.03132089896537279 -0.04718114525345978
-0.01189881759664503 -0.02505382989183227 -0.05320454630530085
-0.02272030740907778 -0.0207714667377639 -0.05150081359356348
-0.01446056528465692 -0.01405986678355611 -0.05650851438214272
-0.02724947249481374 -0.00940883571776477 -0.05262071891556123
-0.01627961102919594 -0.002500062252147988 -0.05769509470893922
0.03171345199353613 -0.02762690536458176 -0.04279031505644849
0.04117051552834908 -0.02409937781509674 -0.03638967765802811
0.0335591213979529 0.04358905189542641 -0.02395370380244531
0.03791546853947309 0.03505458546579001 -0.0305547587660883
-0.03170660524583879 -0.02733664243515109 -0.04298138159898125
0.01937050160705014 0.02145542237481066 -0.05257802314855269
-0.04776617564706615 -0.0316617485534155 0.01777431131138182
0.01236358591978449 0.0538319283733984 -0.02343640823175365
0.006130392979803524 0.03955427186983485 0.04469762699249667
0.009665769835630104 0.03022222238136509 0.05092337545583499
0.002389788725049443 0.04743603591850786 0.03666212495461301
-0.02248717125484967 -0.01460102430109623 0.05367622582031881
-0.02319655977197278 -0.05314637813385387 0.01540720954614149
-0.01681798451493956 -0.05268480096273725 0.02326944658499669
-0.0306228545148292 -0.05123047625178156 0.006138329119495715
0.001132311120392878 0.05607838864641961 -0.02130568464865075
-0.05552979011093615 -0.01255546159448046 0.01894209054948537
0.003225827095636695 -0.04943683897216101 0.03384660975621751
0.01315864836156038 -0.04498916917452756 0.03745430055791382
0.0134337779707549 -0.03633166365714018 0.04582077940560265
0.02307997127459173 -0.03841110600718001 0.0398986448550474
0.02280201038113576 -0.02919351311161259 0.04719965163834031
0.0321046025961045 -0.03087381665436062 0.04020077035753326
0.03129401699929448 -0.02107353723046202 0.04665394440606495
0.01474841060024591 -0.02857096503338165 0.05065752009157019
0.03150760333706185 -0.04013115842486822 0.03157152285577141
0.0402197110826641 -0.03096637078235165 0.03199154139764048
0.0100311025540488 0.05755717125913928 -0.01365829484951421
-0.0003980036801754822 -0.05068229811280859 -0.03211146603746028
0.02727353050893481 -0.01931589788432459 -0.04983021796561347
0.01977879137892977 -0.01216016215066538 -0.05532567096799006
0.01115684873482056 -0.01956496119436507 -0.05561238189262641
0.027912715027582 0.04038746362159407 -0.03449250820110671
0.0230767928613147 0.03132153947240682 -0.04567737729242383
-0.05880637887074677 -0.003770083020751781 0.01129585225323112
-0.05984538956244045 -0.004235423541847766 0.0007684631031522785
-0.05942643337790141 0.006259106404690518 0.005415034902621272
-0.01124929170338776 -0.01442334570941661 0.05714385824144835
-0.05929510550672765 0.005301502637666186 -0.007482281251654076
0.02803123153985265 0.05071511088320974 -0.01556366237306989
0.04722128617519034 0.03696623449868489 0.001909879302211699
0.03315265660693318 0.03002632583147934 -0.03999151306170606
0.0138176498196263 0.04345062695748222 0.03900148164446963
-0.0006547878369537389 -0.01974460861299529 -0.05665440568577354
0.03739280278011482 -0.010071105677674 0.04582958793919666
-0.04096561143467096 -0.0241903533018147 -0.03656016256688335
-0.006171796505520915 0.01680292434588416 0.05726753584118085
-0.00552059955603516 -0.006959668198140771 -0.05933873944661861
0.05241012050413985 0.02826783930867162 0.007355850022985731
0.05119276080086303 0.02502307619016248 0.01879220315894189
0.04810949203606251 0.02048307342024234 0.02942652679629384
0.003369869250293831 0.01972965880914893 0.05656310232395759
0.01539063501186308 0.02001967521461559 0.05442739161702424
0.02083416295381226 0.02877745744705146 0.04835075590822897
0.02551061183132912 0.01070185099787142 0.05324170422902152
0.03099296271527768 -0.01072384484620155 -0.05024375994931116
0.005795935119537837 -0.01016975798973558 0.05884711682419384
0.01102971947299607 -0.02009046505627794 0.05545014429349563
-0.008733934404061004 -0.005909519011768041 0.05906603063415648
-0.000106182260503517 -0.01948696585600977 0.05674721920106979
0.05224646602120311 0.009509340498107137 0.02792631790240752
0.05886696014056616 -0.01010667577407566 0.005704043180648847
0.05544694782638748 -0.02039750810797668 0.01046793388032667
0.05212108104892935 -0.01983800921258367 0.02213247163722079
0.05003948957608234 -0.0297763704450086 0.01447125585727671
0.0564383200269474 -0.0203216857556455 -0.001321030122541776
0.05551100959651787 -0.01885721262154766 -0.01276453468486197
0.05215985988374431 -0.00968624731408084 0.02802723014995636
0.04558913353153107 -0.01058931109658478 -0.03754327362316686
-0.05770149785454606 0.0164294365896696 -0.0007815105167832967
0.02705448549035202 -0.0094428630366392 0.05271515107180862
0.05886518561259413 0.01006341552344665 0.005798067850352714
-0.05303980798449003 -0.004085486511953394 0.02775045168873966
-0.01909717426178426 0.01159947274912768 -0.0556843799207398
-0.008904577154455843 0.01444169951731913 -0.0575512451711673
-0.02309089410485232 0.03427184336617459 0.04350001565198444
-0.02787618484391622 0.04113162597012102 0.03363194409489112
-0.0194583335289258 0.04841061716382172 0.02962744339451129
-0.008847644532934741 0.04783290365997378 0.03512452866124322
-0.001596112657008495 0.0533571363292655 0.02739467881042435
-0.05723188746504158 -0.002077197945955406 -0.01789402989497152
-0.01915545977424577 -0.05673885838074971 -0.003710836898393722
0.01397772849149929 -0.05119544354513131 0.0279937433444547
-0.007124479076881522 0.03074674868917794 -0.05102822006427043
-0.001718957894006683 0.02167309483972987 -0.05592246546627488
-0.03825902506144335 0.03406303126143057 0.03124030893942396
-0.03274534323919397 -0.01304191193697775 0.04855564878750454
-0.03259863298168814 0.04799527372163108 -0.01528995840775585
-0.02497751187675535 0.04989712201586538 -0.02205450328119833
-0.02362328403549676 0.05374572985119768 -0.01238293075730953
-0.03586395124437732 -0.0479384743872753 -0.003959756881612415
0.03335875759738011 -0.0453031953359212 0.02085218894779641
-0.02577207719196957 -0.0231508280011374 0.04898815367078978
0.01816237407030917 0.04093523343206428 -0.03993037480405822
-0.02083248055059139 0.05315170105368847 0.0184635974070213
-0.03921572699014166 0.008950864097479251 -0.04451975728306626
-0.03366546539575143 -0.0002244735268173937 -0.04966473649706823
-0.04199641238155238 -0.001490584447038987 -0.04282615445127941
-0.05233384444562848 0.02934411162739436 0.0003030484116102328
0.03965752841932802 -0.02253760379384154 0.03897867179499591
0.01033454976260397 -0.02937702828836699 -0.05128535161377708
-0.05280612013326075 0.02031536171847937 -0.01996997132494124
-0.04328283342950685 -0.03992834440694942 0.01150320143410496
-0.006353766369268789 0.05189101090769183 -0.02944405950107009
-0.02660681499201223 -0.03790298459388849 -0.03815024449274584
-0.002782400382192223 -0.05848955495852944 0.0130854961261062
-0.03186028282175482 -0.01666201474571114 -0.04803435898532944
0.003993694393912674 -0.03239174558844993 0.05034704780641229
-0.05449615641281481 -0.0228972902807005 -0.01028994820353154
0.03056444584450653 -0.05090329981245881 -0.008641106319283257
0.02202869598140638 -0.05361060015583536 -0.01551257890519548
-0.01215562823762559 0.005853068595948785 0.05846351246854534
0.01043484918287248 -0.05091614691355185 -0.02997765677981369
0.02081491762155487 -0.04972694285725151 -0.02634331715026655
-0.001413854771264287 -0.03047865844849816 -0.05166287248949253
-0.05569126674458835 0.01488827774626145 0.01663796844970212
-0.03675273124225127 0.01553716245374783 0.04480885324487445
-0.03220840251560825 0.0483546636273764 0.01498149901965224
-0.0318278310711017 0.03668923873777798 -0.03522625342201104
-0.01669368312952897 -0.04721372106988278 0.03304822970003365
-0.03671193295618356 -0.03410779031296374 -0.03299837296879317
-0.02122939112760105 -0.0464081663391604 -0.03155305134829518
0.02088591011101798 0.05138935402851225 0.02286729217390441
0.03150132400631063 0.05080042207345138 -0.005194584007274407
-0.04983539788944109 -0.02354336829479693 0.02370955348665684
0.02135653150147609 -0.01996643204188552 0.05239503940014957
0.05204458930970258 0.02012223564400526 -0.02205575562685434
0.04714823979771057 -0.01996270219612868 0.03128152817568637
0.04405121605352925 -0.03019522307829831 -0.02734481426993221
0.05046170993442891 -0.02526992836909163 -0.02037269129777742
0.02315436209655574 0.04483647391740057 0.03245868331519072
-0.006964915266585451 -0.05393848538212594 0.02534027920152955
0.05185341358344265 -0.02872900981222355 -0.009266471548200421
0.05672218698801876 -0.009311267211613445 -0.01720156406290334
0.003986756960396179 0.01397317794505886 -0.05821388208197812
0.02105284511219473 -0.05597540351617813 -0.004850970406317717
-0.04228695481147357 -0.03242055811904803 0.0275811686485874
0.04586697714655691 0.02831304690969826 -0.0263551092224345
0.03919104247613141 0.01924422473562009 -0.04115485395380492
-0.001249052439300831 0.0591267320657138 -0.01012271817414512
-0.030428020761858 0.0250592109764732 0.04523462719811609
-0.05818657207580111 -0.01398983227622633 -0.004313632222461515
-0.02422666429556288 0.04515385665869668 -0.03121214452670582
-0.05676314964687861 0.01575889442893151 -0.0113842913061752
0.05572261101753171 0.01865709127138086 0.01212037815747587
-0.02549861142602945 0.001740734457401603 -0.05428435003657293
0.01240910098259758 -0.05744734200038134 -0.01207547555564241
0.04038963356061787 0.04430734096488333 -0.002353091043835959
-0.01077568753680536 -0.04921111774458575 -0.03259064970873785
-0.02757639175152085 0.04753681956879687 0.0240788995440054
0.04864764336882394 -0.01922950859857503 -0.02938762994385646
-0.01362955395736612 -0.05655201518224279 0.01470050467673224
0.02344865230571589 0.04959966364950814 -0.02429061693126187
-0.01698888130894316 -0.02269517657168969 0.05288011792961953
0.04628548182532846 -0.02952555168601805 0.024205288055164
-0.03187960627258349 0.03280435577007187 0.03882737367393792
0.009585274167045712 0.02065792437054928 -0.05551011331138887
0.01530235939929024 0.03580890123629687 0.04564603366190856
-0.009220544578776456 0.05560069312137061 -0.02058019635703135
0.0002270489536940318 0.0572569676995691 0.01793287758902981
-0.03608920070096828 -0.008618373224329765 -0.04715181052442616
-0.007128171125308823 0.004691900983299423 -0.059390026448649
0.04599952195017243 0.02998853949603608 0.0241812216244401
0.0104142553479814 0.0504831526996407 0.03070821680026049
-0.03823456298546299 -0.04583823949213168 0.006080624439368317
-0.02121493962383379 -0.05580920757141244 0.005937902576506808
0.03687560364385242 -0.01792331697392398 -0.04380575949066226
0.02146401142886855 -0.04497835955127404 0.03341022875494443
-0.01179547151875056 0.05262710280315046 0.02629172687742243
-0.05908895299609048 -0.005460781971911758 -0.008869920748296017
0.04089546015389539 0.02687208165475668 -0.03471962796951089
0.01895570787103332 0.05443375788188841 -0.01666274713137052
-0.05660816225682341 -0.003472346289350839 0.0195821034915043
-0.01626361492083529 0.05119708231703245 -0.02672739403551696
0.0163035265187369 0.01122789179721429 0.0566403519484377
0.01437356171254438 -0.05424514280241484 -0.02123358674461994
0.03869594531786611 -0.0379261562088255 0.02577266946166971
-0.04110126216078041 -0.03855941439035567 0.02058780733015618
0.05341015311037602 -0.01669543261022057 -0.02164758819554211
0.05312282601195038 0.01674922937069546 0.02230310902075942
0.005074453966118147 0.004894366241754326 -0.05958435277853845
-0.03707402305580691 -0.02064432617956873 -0.04241849373856962
0.01961619975573929 -0.02144324187022178 -0.05249182874732125
-0.01760881533460281 0.05420577948627748 -0.01875268228272733
0.01378203965205499 0.0282578396725057 -0.051103325528503
-0.05806831225341409 0.00516888254386175 0.01418991773365017
0.04178203996769241 0.0424721712939641 0.007097591261429836
-0.05766381602601074 0.01460559287200811 0.007846080433919376
-0.02730984081055237 -0.05339978012565337 -0.001623600146022171
0.009343402107897298 0.05907670009424985 -0.004758607256771696
-0.005867918791029172 -0.05395946401229552 -0.02557232434816339
-0.00109993021175613 -0.01234844547883874 0.05870524719124699
3 2 0 1578
1127
1128
1129
1130
1131
1132
1133
1134
1135
1136
1137
1138
1139
1140
1141
1142
1143
1144
1145
1146
1147
1148
1149
1150
1151
1152
1153
1154
1155
1156
1157
1158
1159
1160
1161
1162
1163
1164
1165
1166
1167
1168
1169
1170
1171
1172
1173
1174
1175
1176
1177
1178
1179
1180
1181
1182
1183
1184
1185
1186
1187
1188
1189
1190
1191
1192
1193
1194
1195
1196
1197
1198
1199
1200
1201
1202
1203
1204
1205
1206
1207
1208
1209
1210
1211
1212
1213
1214
1215
1216
1217
1218
1219
1220
1221
1222
1223
1224
1225
1226
1227
1228
1229
1230
1231
1232
1233
1234
1235
1236
1237
1238
1239
1240
1241
1242
1243
1244
1245
1246
1247
1248
1249
1250
1251
1252
1253
1254
1255
1256
1257
1258
1259
1260
1261
1262
1263
1264
1265
1266
1267
1268
1269
1270
1271
1272
1273
1274
1275
1276
1277
1278
1279
1280
1281
1282
1283
1284
1285
1286
1287
1288
1289
1290
1291
1292
1293
1294
1295
1296
1297
1298
1299
1300
1301
1302
1303
1304
1305
1306
1307
1308
1309
1310
1311
1312
1313
1314
1315
1316
1317
1318
1319
1320
1321
1322
1323
1324
1325
1326
1327
1328
1329
1330
1331
1332
1333
1334
1335
1336
1337
1338
1339
1340
1341
1342
1343
1344
1345
1346
1347
1348
1349
1350
1351
1352
1353
1354
1355
1356
1357
1358
1359
1360
1361
1362
1363
1364
1365
1366
1367
1368
1369
1370
1371
1372
1373
1374
1375
1376
1377
1378
1379
1380
1381
1382
1383
1384
1385
1386
1387
1388
1389
1390
1391
1392
1393
1394
1395
1396
1397
1398
1399
1400
1401
1402
1403
1404
1405
1406
1407
1408
1409
1410
1411
1412
1413
1414
1415
1416
1417
1418
1419
1420
1421
1422
1423
1424
1425
1426
1427
1428
1429
1430
1431
1432
1433
1434
1435
1436
1437
1438
1439
1440
1441
1442
1443
1444
1445
1446
1447
1448
1449
1450
1451
1452
1453
1454
1455
1456
1457
1458
1459
1460
1461
1462
1463
1464
1465
1466
1467
1468
1469
1470
1471
1472
1473
1474
1475
1476
1477
1478
1479
1480
1481
1482
1483
1484
1485
1486
1487
1488
1489
1490
1491
1492
1493
1494
1495
1496
1497
1498
1499
1500
1501
1502
1503
1504
1505
1506
1507
1508
1509
1510
1511
1512
1513
1514
1515
1516
1517
1518
1519
1520
1521
1522
1523
1524
1525
1526
1527
1528
1529
1530
1531
1532
1533
1534
1535
1536
1537
1538
1539
1540
1541
1542
1543
1544
1545
1546
1547
1548
1549
1550
1551
1552
1553
1554
1555
1556
1557
1558
1559
1560
1561
1562
1563
1564
1565
1566
1567
1568
1569
1570
1571
1572
1573
1574
1575
1576
1577
1578
1579
1580
1581
1582
1583
1584
1585
1586
1587
1588
1589
1590
1591
1592
1593
1594
1595
1596
1597
1598
1599
1600
1601
1602
1603
1604
1605
1606
1607
1608
1609
1610
1611
1612
1613
1614
1615
1616
1617
1618
1619
1620
1621
1622
1623
1624
1625
1626
1627
1628
1629
1630
1631
1632
1633
1634
1635
1636
1637
1638
1639
1640
1641
1642
1643
1644
1645
1646
1647
1648
1649
1650
1651
1652
1653
1654
1655
1656
1657
1658
1659
1660
1661
1662
1663
1664
1665
1666
1667
1668
1669
1670
1671
1672
1673
1674
1675
1676
1677
1678
1679
1680
1681
1682
1683
1684
1685
1686
1687
1688
1689
1690
1691
1692
1693
1694
1695
1696
1697
1698
1699
1700
1701
1702
1703
1704
1705
1706
1707
1708
1709
1710
1711
1712
1713
1714
1715
1716
1717
1718
1719
1720
1721
1722
1723
1724
1725
1726
1727
1728
1729
1730
1731
1732
1733
1734
1735
1736
1737
1738
1739
1740
1741
1742
1743
1744
1745
1746
1747
1748
1749
1750
1751
1752
1753
1754
1755
1756
1757
1758
1759
1760
1761
1762
1763
1764
1765
1766
1767
1768
1769
1770
1771
1772
1773
1774
1775
1776
1777
1778
1779
1780
1781
1782
1783
1784
1785
1786
1787
1788
1789
1790
1791
1792
1793
1794
1795
1796
1797
1798
1799
1800
1801
1802
1803
1804
1805
1806
1807
1808
1809
1810
1811
1812
1813
1814
1815
1816
1817
1818
1819
1820
1821
1822
1823
1824
1825
1826
1827
1828
1829
1830
1831
1832
1833
1834
1835
1836
1837
1838
1839
1840
1841
1842
1843
1844
1845
1846
1847
1848
1849
1850
1851
1852
1853
1854
1855
1856
1857
1858
1859
1860
1861
1862
1863
1864
1865
1866
1867
1868
1869
1870
1871
1872
1873
1874
1875
1876
1877
1878
1879
1880
1881
1882
1883
1884
1885
1886
1887
1888
1889
1890
1891
1892
1893
1894
1895
1896
1897
1898
1899
1900
1901
1902
1903
1904
1905
1906
1907
1908
1909
1910
1911
1912
1913
1914
1915
1916
1917
1918
1919
1920
1921
1922
1923
1924
1925
1926
1927
1928
1929
1930
1931
1932
1933
1934
1935
1936
1937
1938
1939
1940
1941
1942
1943
1944
1945
1946
1947
1948
1949
1950
1951
1952
1953
1954
1955
1956
1957
1958
1959
1960
1961
1962
1963
1964
1965
1966
1967
1968
1969
1970
1971
1972
1973
1974
1975
1976
1977
1978
1979
1980
1981
1982
1983
1984
1985
1986
1987
1988
1989
1990
1991
1992
1993
1994
1995
1996
1997
1998
1999
2000
2001
2002
2003
2004
2005
2006
2007
2008
2009
2010
2011
2012
2013
2014
2015
2016
2017
2018
2019
2020
2021
2022
2023
2024
2025
2026
2027
2028
2029
2030
2031
2032
2033
2034
2035
2036
2037
2038
2039
2040
2041
2042
2043
2044
2045
2046
2047
2048
2049
2050
2051
2052
2053
2054
2055
2056
2057
2058
2059
2060
2061
2062
2063
2064
2065
2066
2067
2068
2069
2070
2071
2072
2073
2074
2075
2076
2077
2078
2079
2080
2081
2082
2083
2084
2085
2086
2087
2088
2089
2090
2091
2092
2093
2094
2095
2096
2097
2098
2099
2100
2101
2102
2103
2104
2105
2106
2107
2108
2109
2110
2111
2112
2113
2114
2115
2116
2117
2118
2119
2120
2121
2122
2123
2124
2125
2126
2127
2128
2129
2130
2131
2132
2133
2134
2135
2136
2137
2138
2139
2140
2141
2142
2143
2144
2145
2146
2147
2148
2149
2150
2151
2152
2153
2154
2155
2156
2157
2158
2159
2160
2161
2162
2163
2164
2165
2166
2167
2168
2169
2170
2171
2172
2173
2174
2175
2176
2177
2178
2179
2180
2181
2182
2183
2184
2185
2186
2187
2188
2189
2190
2191
2192
2193
2194
2195
2196
2197
2198
2199
2200
2201
2202
2203
2204
2205
2206
2207
2208
2209
2210
2211
2212
2213
2214
2215
2216
2217
2218
2219
2220
2221
2222
2223
2224
2225
2226
2227
2228
2229
2230
2231
2232
2233
2234
2235
2236
2237
2238
2239
2240
2241
2242
2243
2244
2245
2246
2247
2248
2249
2250
2251
2252
2253
2254
2255
2256
2257
2258
2259
2260
2261
2262
2263
2264
2265
2266
2267
2268
2269
2270
2271
2272
2273
2274
2275
2276
2277
2278
2279
2280
2281
2282
2283
2284
2285
2286
2287
2288
2289
2290
2291
2292
2293
2294
2295
2296
2297
2298
2299
2300
2301
2302
2303
2304
2305
2306
2307
2308
2309
2310
2311
2312
2313
2314
2315
2316
2317
2318
2319
2320
2321
2322
2323
2324
2325
2326
2327
2328
2329
2330
2331
2332
2333
2334
2335
2336
2337
2338
2339
2340
2341
2342
2343
2344
2345
2346
2347
2348
2349
2350
2351
2352
2353
2354
2355
2356
2357
2358
2359
2360
2361
2362
2363
2364
2365
2366
2367
2368
2369
2370
2371
2372
2373
2374
2375
2376
2377
2378
2379
2380
2381
2382
2383
2384
2385
2386
2387
2388
2389
2390
2391
2392
2393
2394
2395
2396
2397
2398
2399
2400
2401
2402
2403
2404
2405
2406
2407
2408
2409
2410
2411
2412
2413
2414
2415
2416
2417
2418
2419
2420
2421
2422
2423
2424
2425
2426
2427
2428
2429
2430
2431
2432
2433
2434
2435
2436
2437
2438
2439
2440
2441
2442
2443
2444
2445
2446
2447
2448
2449
2450
2451
2452
2453
2454
2455
2456
2457
2458
2459
2460
2461
2462
2463
2464
2465
2466
2467
2468
2469
2470
2471
2472
2473
2474
2475
2476
2477
2478
2479
2480
2481
2482
2483
2484
2485
2486
2487
2488
2489
2490
2491
2492
2493
2494
2495
2496
2497
2498
2499
2500
2501
2502
2503
2504
2505
2506
2507
2508
2509
2510
2511
2512
2513
2514
2515
2516
2517
2518
2519
2520
2521
2522
2523
2524
2525
2526
2527
2528
2529
2530
2531
2532
2533
2534
2535
2536
2537
2538
2539
2540
2541
2542
2543
2544
2545
2546
2547
2548
2549
2550
2551
2552
2553
2554
2555
2556
2557
2558
2559
2560
2561
2562
2563
2564
2565
2566
2567
2568
2569
2570
2571
2572
2573
2574
2575
2576
2577
2578
2579
2580
2581
2582
2583
2584
2585
2586
2587
2588
2589
2590
2591
2592
2593
2594
2595
2596
2597
2598
2599
2600
2601
2602
2603
2604
2605
2606
2607
2608
2609
2610
2611
2612
2613
2614
2615
2616
2617
2618
2619
2620
2621
2622
2623
2624
2625
2626
2627
2628
2629
2630
2631
2632
2633
2634
2635
2636
2637
2638
2639
2640
2641
2642
2643
2644
2645
2646
2647
2648
2649
2650
2651
2652
2653
2654
2655
2656
2657
2658
2659
2660
2661
2662
2663
2664
2665
2666
2667
2668
2669
2670
2671
2672
2673
2674
2675
2676
2677
2678
2679
2680
2681
2682
2683
2684
2685
2686
2687
2688
2689
2690
2691
2692
2693
2694
2695
2696
2697
2698
2699
2700
2701
2702
2703
2704
-0.02995078556574153 -0.01760567720657382 0.002733520649464777
0.02626346973741616 0.02319521146234826 -0.002699855519661415
0.02527636923112492 -0.02239318051538356 0.002737369447985756
-0.02092343084243771 0.02813149255276334 1.117827557505e-05
0.001525935178294316 0.0330358488098986 0.001318443824358597
-0.001200896291168879 -0.03199698723827038 -0.002609854505298726
0.03414925427402943 0.001141870897074056 0.003333333333333337
-0.03317381045506385 0.007848606163342462 0.003928793074184602
0.01253310761573193 -0.02043904001795613 -0.002856055207465554
-0.004230305042086707 -0.02263321832540337 0.002880551871521499
7.888766914962582e-06 -0.002998370502576869 -0.03207381559475007
0.001703872946912818 -0.003123690093877764 0.03202221297260904
-0.002973976901236015 0.01070761744730429 0.02180631706866957
-0.02404073168511994 -0.002924795798752605 0.02489862633480206
0.02199964233208176 0.01003753368991637 0.02500573914115438
-0.002492878270682128 0.01146194025097997 -0.02186250599908776
0.009188525681224658 0.001377302214058534 -0.01958218328589396
-0.02631691523051395 0.01365578005825885 -0.0185549626096145
0.001786819618897541 -0.01161699247118483 -0.01894900541106193
0.008400836469712814 0.001412890300533166 0.01894648775374924
0.001786819618897541 -0.01161699247118483 0.01859725752526203
-0.009110391844079706 -0.002108067027389823 0.01844524257372293
-0.009810587619625796 -0.001459254293527567 -0.01908813329216386
-0.01592523527155582 -0.01928866959593023 -0.003853803742489892
0.02368771423390125 -0.01068963960950978 -0.01529542118248144
-0.01520269963748567 -0.01854268608724342 0.01612677132066244
0.009314829615792088 0.0262213181665841 -0.01566776550390155
-0.02477592402128196 -0.004511782700472335 -0.00289658561603977
0.02021833792158573 -0.01084521050853927 -0.0002362497223571404
0.01219954604262247 0.02321103746634239 0.003838164223259633
0.0220357613024047 0.001095063399564669 0.0002745639216529624
-0.02029788980633888 0.01437503486523088 0.003782758694365979
0.01899429966151803 0.01190425317699896 -0.003764052782701497
-0.01076889280138147 0.021136372282443 0.0002234886821499193
0.01834787744498041 -0.01156542456437508 0.01621970105315614
0.008170971276639183 -0.02342640522020262 0.01103515906564731
-0.0007944283452226707 0.02231587058727826 0.002890988790154035
-0.01789913832253959 -0.01130253237627001 0.002968143261222433
-0.0004031489524308402 0.002940894780509286 -0.01479837015171639
-0.005797669221777763 0.02196735876945839 -0.01299015708165892
-0.01881830379390007 -0.002386945668957616 0.003719971889758459
-0.01993168568911566 0.005072091877629584 -0.003598678618438746
-0.0008831803464858956 0.002236176131384243 0.01419373071219292
0.00438883567512274 0.01043675467274749 0.01372863463364255
-0.01083063443129042 0.01814526087299678 0.01351909384250373
-0.004952296047645612 0.009998280874280709 0.01283262571099685
-0.01720241944538087 0.006906340171945173 0.01351562969039208
0.004137906738200133 -0.004780962379112175 0.01271324475029698
-0.004060689070792275 -0.007724445903185118 0.01267494019984428
-0.003587659166878546 -0.005685108496960363 -0.01328113714771955
0.005454559725633449 -0.004121190576978294 -0.01313909322426583
-0.01109392000136368 -0.01619935299408457 0.002909385772293348
0.0051318725708022 0.01981722561538064 -0.002932276016234748
0.003061596475595269 0.01094211648395342 -0.01288621067087125
-0.01432820920291748 0.01380152461526708 -0.003694164518012993
0.003682020114438978 -0.02039330413987155 -0.0004179273723193443
-0.002501557936155517 -0.02245910473274386 -0.0122045666362171
-0.008808614098385441 0.003313953408003618 0.01175198653765948
-0.008422472474776592 0.005557794668715356 -0.01266217388669161
0.01924475840775811 0.003666746118818079 0.01250972521466882
0.01965063297814554 0.001232214159837906 -0.01226675255481056
0.004091228553190109 0.02827802279293774 0.02025809455962974
0.01330353052413159 -0.01466491000368232 0.003762637766796758
-0.01335308140959572 -0.01019024710462788 0.01145430130137824
0.008875146305542788 0.002851354378415757 -0.01183212021015095
-0.01686987282322216 -0.006798488369730759 -0.00356647176833485
0.003110145112627578 -0.01106074062605754 -0.01147073790076176
0.01226146909774575 0.01536407835881363 0.0002158458263400787
-0.0111492930876345 -0.014357737556527 -0.01308990983330398
0.001786819618897541 -0.01161699247118483 0.01114902713057855
0.01700844113124589 0.008109421596208533 0.003653744376154781
0.009161711367059769 2.100662667509448e-05 0.01108777199477726
-0.007408802657841307 -0.01795750699885227 -0.003755245642156146
-0.03080831293570815 -0.01724082411529714 -0.01762558325877116
-0.0169405738396985 0.006821418183288562 0.003690776408761831
-0.003890274831211527 -0.01641130860932694 0.001862813628671095
0.0006718024335814826 -0.01886366314023424 0.007955968205279301
0.01243193656720247 -0.01388003934343561 -0.01017067596275015
-0.003752483775517648 0.01075751912164694 -0.0110221216248377
0.01290853636826482 0.01123499339758295 -0.01083903871510567
-0.01279742673537606 0.01259553603869001 0.003680051084700152
-0.004783220556746926 0.01874258360232491 -0.003712252912549709
-0.00188812860821671 0.01784297051376077 0.01036266614834037
0.01720081600808921 -0.004530728032870657 0.003048788653991871
-0.01124214360746399 -0.01137495923024493 -0.000430623554545608
-0.009810587619625799 -0.001459254293527572 -0.01125265860702411
-0.009350739365196713 -0.002853554509648607 0.01030615234434413
0.00808173668708065 0.006184325120372804 0.01025561685287215
-0.007730175950939949 0.01591084115023011 0.002362204860237156
0.02831565781134852 0.01530787593492492 -0.01829064164074463
0.0140063884848953 0.01611220606462464 -0.03245787264893518
0.005840478862694579 0.01773206074044795 0.003676436451186754
0.01213865652983603 0.01361594056815737 0.008652962565846384
0.01663707906725192 0.004411614446660354 -0.003057013365506084
-0.005073212069369056 -0.03181020106403754 0.01681540697197038
0.01016003182071574 -0.01183418833194485 0.01099364265360681
0.003383405467001217 0.001952754803973361 -0.009845753551983111
-0.001948403898086482 -0.0006382209395936476 -0.009866759018061059
-0.0008398322471765145 -0.002935470809154934 0.00993243047019233
0.002881202305370215 0.001223687760218624 0.009529791117022028
-0.0001833404556256516 0.005869343599225077 0.009499915066015057
0.003303196209793444 -0.01842443993679267 -0.008217121188142624
0.01300634865206713 -0.03044819961326939 -0.01843651628032305
0.01600987852221435 -0.005365374350527356 -0.003573468803216244
0.01313919905748837 -0.01139406858550994 -0.003568882399175125
0.001106406980383029 0.01115517683777547 0.009387077782024182
0.001116190493093376 -0.00529536853926278 -0.009520678624017165
0.01538381538829453 -0.03765836327152339 0.002287769990607462
-0.004383428761986621 0.001018916785471382 0.00928156348649398
0.01316388834512746 -0.004609212634005006 -0.01102210137302966
-0.006484491462283831 -0.01613736230771151 0.0091633657174282
-0.01804937820359011 -0.03101607676835046 -0.0183822766076863
0.000620236144405953 0.01769621785106304 -0.009459358124205366
-0.01632202584733985 -0.0286709195843954 0.006528112840811456
-0.01629635832013241 2.958496721970101e-05 -0.001608989551838898
-0.0001833404556256517 0.005869343599225077 -0.009260982263254353
0.01557631370867346 0.0009952462704527088 0.001334910762174964
0.006628237154444491 -0.01636889859120287 0.003020147720940053
-0.02671384293260215 -0.008508376274342335 0.01285761207432246
0.00743054764368701 0.007457130195010419 -0.009362700599113746
-0.01050715244175378 -0.01927147542862436 -0.03182187042049841
0.02463001480260543 0.0005319562943546392 -0.03054217119987429
-0.01157701504676547 0.009120028841921639 0.009438406270352171
0.01314438576124684 0.01006127052221291 -0.002355689420435728
-0.01981455210461344 0.01580749553511669 0.03114356629746936
-0.02774478364129029 0.02509032132723316 0.01707548817819553
0.0139469718501389 -0.004817273003326412 0.009284857740578318
-0.009112073484860456 0.01380862964623763 -0.002311089733094223
-0.01426762241287577 -0.007027015628663952 0.002404272139236348
0.005793795764045716 -0.008725497035082897 0.009239439853078416
-0.002387221041786056 -0.0111260722867178 -0.009707070278044074
0.0269454282287704 0.01700974503590854 0.01143407187522236
-0.005958729079464933 0.002578594189947114 -0.009126302403946705
-0.0132022117925646 0.008943841521544479 -0.0003701009826147079
0.007857614224324327 -0.01610988247431511 -0.003718057874013995
-0.01547536390000471 0.002042661230133453 -0.008485363411746499
-0.004961009952503238 0.00628915991353992 0.008785398939184744
-0.0005259212739382537 0.01748550653061341 -0.000327106975699111
-0.01676178211728646 0.00773485504115738 -0.03572958406569302
0.01362332131144932 -0.00903431280186499 0.001786421846578511
-0.01196772494869487 -0.01234257924509041 0.03108889681034613
-0.008941998857023604 0.03075791289774341 0.009380930700662425
0.0007191473239732449 -0.01650169681754569 0.001672311105712286
0.01235673970201344 -0.01970592764301631 0.03317941087985898
-0.0003185834578193616 -0.007403616509357195 0.008610858384246207
0.009075200400523438 -0.001439935635204803 -0.009048114775461392
0.006562356887397962 -0.007826520923511509 -0.009188152461948337
-0.01290990844349291 -0.007588547534686846 -0.009417616415184226
-0.01432821226535555 -0.00389719553088242 0.007371741071721907
0.00862171903244421 -0.004086056284899837 0.008715095460960894
-0.004156831043010589 -0.009975473389861912 0.008548689501950667
0.01669735464536141 0.03688588727588714 -0.00491517924347827
0.03378990844886903 -0.003218713559998169 0.0209891446057697
0.0154395728349655 -0.01660109684804997 -0.03193804849108932
-0.007340589482265363 -0.005644574237979121 -0.009217988972907928
-0.0150119606515365 0.00199493601448134 0.003648655428066
-0.001829073667380196 -0.01739857452423096 -0.003715667106215115
-0.004800894588077193 -0.004863075439696465 0.00854136540160963
0.01476281570794615 0.0009816180323095527 -0.007966665496748612
-0.007765541179691578 0.01389724863122922 0.008252793467572803
0.004247891475339221 -0.003311179131100715 0.008373091787399353
0.03724135235756928 0.00062072235327576 -0.01408122924553671
-0.01425411363320398 0.004872009337797991 -0.003033537783979446
0.005094245107242993 -0.003374621467716599 -0.008392832068507716
-0.002284802725577738 0.02830620551823189 -0.03045846997708366
0.007239420716052172 0.01501750979786778 -0.001058523183937445
0.007537490952684809 0.01558632635607162 -0.008206226822768298
-0.009329512808627375 0.01247890139459875 -0.008517761379223641
0.01423459254357697 -0.0007673545918070823 -0.002366910837059867
0.0120771924273845 0.009383886483388424 0.002186895507513562
0.01776495813915926 -0.004475339506601869 0.03073940836131857
0.02391188015400944 0.03407255700711163 0.01061078488866534
0.002436169168457592 0.009455219494741655 -0.008448662056658219
-0.005561852362620329 0.006980466891915158 -0.008413568525345177
-0.01394376315025477 -0.002835710471085868 0.003092808699022266
-0.02443217070992819 -0.004725991379464006 -0.0169523807894456
0.008527673821261329 0.009907460724169622 0.03099843593801212
-0.003624646206451873 0.02244704963281039 0.03546897669857642
-0.002973976901236015 0.01070761744730429 0.00821225586714858
0.03543628780474983 -0.01258811787082556 -0.004678330794280951
-0.0109582495961273 0.0393136393687134 -0.01045753548861282
0.003763248095645656 -0.01578023162221204 -0.001494780464798672
0.01500098585814996 0.0009938289055960422 0.007482782188577307
-0.03151732156138936 0.009928660977774199 0.01951723535340847
-0.01132435652681615 0.003772025841911444 0.03178189442947001
0.004473718813277486 0.004829059041083784 0.008104909675936722
-0.002287443065584669 -0.03853817723023023 -0.01859121819000322
-0.04243873320213148 -0.00599752501257677 -0.00216712587543627
-0.01272242639739237 0.001759140265566957 0.008467771042315525
-0.008465135870274055 0.0007184208223035521 0.008155920014252593
0.0134799551662608 0.005668919417399752 0.0001636670975450009
-0.02658926604478479 -0.03075854736549989 -0.005188867706437289
0.009811139430200694 -0.01293329891554666 1.449957328406661e-05
-0.002753197918207787 -0.005746891376823001 -0.008069354686066567
-0.007649684337465002 -0.01367136956987476 0.0001936864522804603
-0.01006012189118651 -0.01323322035298101 -0.005777273390229475
-0.00834611948301142 0.004709625233758084 0.007783670210306191
-0.0008831803464858956 0.002236176131384243 0.007872499812524997
-0.03071609721474055 0.01875411549232785 -0.00554236943689069
-0.01048372793746621 -0.01077274646598154 0.003651719294698058
-0.009113270498439862 -0.009693065942330567 0.008305872546399841
-0.001031183972548559 0.01232224961668115 -0.03837337715964408
0.0005537753802120986 0.01619156612387355 0.003644546157887383
-0.01868146589056142 0.02924734676338271 -0.02317682552348335
-0.03245372473252775 0.004916478064493253 -0.009646323329855658
-0.004696757780595385 0.01513897050063289 -0.0003884846411414312
-0.003751275867200708 0.01546219128340676 0.003643550182559668
-0.000213727496712546 -0.01118934015430316 0.007788317524143332
-0.01261662629452136 0.007455825069405066 0.003624032363554838
-0.01267833449374046 -0.007437481665733441 -0.001640064940831015
-0.01378110570291376 -0.003782482128518687 -0.003568608447434789
0.01343994883834035 0.009870013849692293 0.01774347922145446
-0.01262244921079106 0.007458460183083663 -0.008209558673827208
0.01201660013793023 0.008246822803477145 0.007363968949827388
0.01368466077733181 -0.003711063097524216 0.0005335541019150648
0.004648979905353382 -0.01482074231273164 0.007831414068157884
0.01648450581052974 0.02190957141021686 -0.00751896587932915
0.02594325930304615 0.03107978371044401 -0.01665633416664958
0.006266988754098157 -0.01350844180895499 -0.008023882911441092
-0.03105711362100268 -0.02384916295956973 0.01836434983589591
0.008923560469078459 0.01362208562807657 0.00358422392509781
0.006234916493705172 0.01345598817736303 0.008582804121527107
0.005039835533650463 0.02489371717580424 0.01044295769457977
-0.004857261419712423 -0.008752631303387399 -0.007639977736839082
0.006656554677574564 0.0002074265170032837 0.007938493298910415
-0.01421183608969318 0.0136989848066899 -0.01957435608860563
0.01642695303477692 0.02295807105449058 0.01729889797021921
-0.01026202822415305 -0.02763576163945245 -0.003481621878885413
-0.001041741319888302 0.01147379782145731 -0.007960647752039859
0.0018132861068509 -0.001654388774359358 -0.00767615030123647
-0.009773877316602607 0.001455473553676881 -0.008051243323843969
0.02332396592611411 -0.02881098979895844 0.01975757415435713
-0.01414155814377621 0.02939695241624073 0.02458085613642709
-0.008944456791379209 0.01216408617852278 0.001703050375366678
0.003726171179790263 0.01535821350032173 -0.003043245049412164
-0.01868251213792809 0.02303618716369698 -0.01172655597045267
0.001238987330489776 -0.008962025868289151 -0.007918755035879452
-0.008404379614902613 -0.0122561089973935 0.02111245129779711
0.02990866689244887 -0.02731458352715883 -0.013749046135832
-0.005066710092672606 -0.002602859460235792 -0.007820332283314054
0.01345230460779998 -0.01030894167310594 -0.02162272481181228
0.03059209673234858 -0.01111530888188685 0.009281097688581557
0.009587107208744722 0.002163794928999172 -0.007777501620900872
0.009662230081290715 0.01133510240658904 -0.001037259453021947
-0.04142112480529082 -0.001744118235539194 0.01410620736874513
0.03262137019556142 0.0113586081790526 -0.005800417946207348
0.01311231158650412 0.006604338111974117 -0.007567151797869194
-0.01238798716091614 -0.04292909212441586 0.000542524477577801
0.004733174553999376 0.009477084206262776 0.008099035942711184
-0.001464918031785347 0.01465825675013114 0.007242396397415319
-0.006253498367546772 0.02931547587269091 -0.005131449676303182
-0.02215373992116248 -0.01332086578297407 -0.01058075127177111
0.00059558443224814 -0.000826259502440318 0.007336136596608065
0.01839196210929698 0.009070241946756962 -0.02145152673920594
0.001960203273124618 -0.02447188457174893 -0.02605354485840317
-0.0007273192580950542 -0.02289165378657163 0.02753084085775011
0.009663738925799642 -0.01138727640809333 0.003666224057752458
0.009587107208744722 0.002163794928999172 0.007470030420289458
-0.002100274167099407 0.003064672754720395 -0.007658640112982622
0.003110145112627581 -0.01106074062605754 0.007272019439049866
-0.00784834990230686 -0.006057821034294041 0.007396414474150527
0.004368066750019188 -0.01040278745208384 -0.007392278740196141
0.008113695840074736 0.01160696265471809 -0.02219565232544845
-0.01883971319652126 -0.003338839939659308 0.01631794159382
0.001156333440922233 -0.003157476400281614 0.02079081433549422
0.01261446054076088 0.006412017148835648 -0.003636651492982462
0.005809225800301429 0.0002893261991382501 -0.00760013613632044
0.005752588444486281 0.003989307976867474 -0.007602131753993832
0.01003698167881118 -0.007621430974366274 0.01915306294312283
0.006722652899788115 -0.02755437829400333 -0.006530703520299493
0.002301162778930999 0.0042485182068956 -0.007362332359529176
0.001677409859446072 -0.04347743017374364 0.008173802105536778
-0.02599751293253977 0.001812084085848612 0.01036001251669934
0.01007810510204222 0.03850227312386414 0.01177446954430857
0.00731875585920312 -0.041514192671173 -0.008659965206420716
-0.008536478914472831 -0.001877285722578182 -0.007485288243090944
-0.02407410344523991 -0.00825277421375231 -0.0342364053696133
0.002667307313406949 0.01517267454123279 0.0009033867657140898
-0.001593933210414223 0.01562911248478964 -0.003544617572968531
-0.007186699118356005 -0.01309501262704854 0.003702656493888637
0.02204918699997841 -0.01847280074954101 -0.007823283088237249
-0.01236368991700887 0.01890409678262153 0.006647133478830686
-0.01056325429850091 0.007698915274842049 0.01898430943315103
0.0257103398018426 -0.005279103767563781 -0.006843516562128358
-0.03599867372309473 -0.01122825714691825 0.02379190847575979
-0.01302279143853395 0.00463406326112191 0.0004953199834873273
-0.00375307305995661 -0.001981267107845306 0.007226322821995956
-0.01178380270767113 -0.007078937488694099 0.006440931306815046
0.002694611820636282 -0.006872119684388792 0.007243982210376582
0.01358871781388266 0.02529762048155706 0.03323445194728836
0.008622208236129698 -0.004869801229268368 -0.007634581451183274
-0.00834611948301142 0.004709625233758084 -0.007499472254470002
-0.005412555090183074 0.01402651554279382 -0.003597897796057816
-0.0134836341207765 0.001007520367977466 0.00050806508608232
0.006273620445058855 -0.01358308361266885 -0.0004545776043040908
-0.00409815407496986 0.01003926563713322 -0.007340947759619104
0.001622042069562647 -0.003005251727473996 -0.02105752605403536
-0.01313738221212462 -0.002656890342015217 -0.0002708075998463472
0.01869405309552109 -0.03024821632112816 -0.006924068618399218
-0.01265340736792649 -0.001752032097732004 -0.007004010308813085
0.01066723586713391 0.003882598412505192 -0.03193233861660753
-0.002836314312395852 0.004595115478891056 0.007054388727791534
-0.01632832220780871 -0.02833006674233605 0.02954130651213955
0.003540972722928567 -0.01475772075604114 0.002534889177171833
0.001225076757634684 -0.003826881851267712 0.006968545335523427
0.01244615480133819 -0.007358600839827778 -0.003052170865683438
-0.006038877660778925 0.009081477879896549 0.007260971309765492
0.007995075758891532 -0.0125165497879156 -0.004074108591149561
-0.001759495169548069 0.007440593336716064 0.006928560290542689
-0.01186460495754462 0.005175175655336936 0.00652478566150709
0.003828088450660089 0.03948922271916399 -0.01186068796479981
-0.00158966055206115 -0.01521693411671018 -0.0005453532157055687
0.007009233133244371 -0.01702746357906718 -0.01524075723965324
0.01320576295706796 0.002759259735323425 -0.00182440791594796
0.004442016036942642 0.01431504508130479 0.003593620765938654
0.01264796657730201 -0.004472135460411431 0.003627990316178437
0.01199930399650426 -0.008237756859496344 0.006535306221160381
-0.01069970422622655 0.009678438686108562 -0.003050560897212494
0.007408652002940678 -0.01181830190875032 0.007072043816258981
-0.004951556219426645 -0.002448159541441022 0.01329466231651032
0.002826328785647633 0.01840821329836387 -0.01852999769789245
0.004079582187534736 -0.01802329313815117 0.01487314232792029
-0.001209404407658079 -0.002169732475624937 -0.00701856815390108
-0.003596942495599446 0.0002827400613170388 -0.007506725331670493
0.02676512066280616 0.009709301816333244 0.002138822053660524
0.02078780459978266 0.0168266102838683 0.004179708657423551
0.03963216328283942 0.01381377689658072 0.006181834769710024
0.01346471373941244 -0.0009150649456312117 0.003555501025326429
-0.03614828515412508 0.002710126117653565 -0.02521038728220067
-0.001520351357560999 -0.01507539962271679 0.003734872506535131
-0.003245735770186828 -0.01385515762360956 0.007221305828111145
0.001811730539854295 0.00352192041612872 0.006993608086662427
0.02793671887029969 -0.01612011417020248 0.02783137852055937
0.004037235620244667 -0.006266395193168134 -0.007191277888561503
0.02442382726736652 0.0057754960066155 -0.006626629605654634
0.009075200400523438 -0.001439935635204803 0.006964707794427617
-0.001427115874813952 -0.005106861643393755 0.00682327350984149
-0.01911446003175322 -0.02018909763702992 0.004648540575100717
-0.01932222227722502 -0.01489796999281874 -0.02311079827986921
0.01017220058290315 0.0118451463065115 -0.006045791208792634
-0.03003029314834278 0.03264190114313138 -0.010874123268933
-0.002720034582410031 0.006061360974232469 -0.007010992083096333
0.0132492584441005 0.002733709336038128 0.003457386972058984
0.003081496969628941 -0.02815672336827353 0.004769344283204064
-0.004420019984500549 -0.01442676745499088 -0.002332856577540539
-0.005549887651672032 -0.01429694949827994 -0.006984483814425577
-0.02359808881259291 -0.01608859756991038 0.02604040646620794
0.01056359427323508 -0.009617817660577602 -0.007217579903063634
0.01289167345285847 -0.004536886846706693 -0.006580305707399748
0.009031402759153939 -0.03353812817324175 0.02248361907498065
-0.03898099329462286 0.02175014447324232 0.007095697013727503
-0.01112846074469448 -0.007761393102008457 0.003099955454578747
0.001331098007412265 0.008172867959211164 0.0070335325356451
-0.01017256017798746 0.009347231274108594 0.00229960631357642
0.002364875233965946 0.01421204917108611 0.006862506223316391
0.002037613456946669 0.001294071195739533 -0.00688033632622478
0.008938627624703573 -0.009993434817168153 -0.01575490948656921
0.002578372586875854 0.0185197765209754 0.01920634124507434
-0.007832740552647998 -0.004970581131048585 0.04383089754634177
-0.007970438103303081 0.04473052500520101 0.003441545402261397
-0.02067608570115412 -0.004223932567207668 0.03839228716554385
-0.005958729079464933 0.002578594189947113 0.007039741010549156
-0.007035647460100453 -0.01288566523017109 -0.003710954685986033
-0.009110391844079717 -0.002108067027389826 0.007025816620450013
-0.00619165095958428 0.02090505408786245 0.006230330706782323
-0.02102762649079599 0.01186337540715292 -0.01053747111975158
-0.01209763398729321 -0.005172984182628661 0.001066029460197111
0.006910241554766609 -0.01268166993252884 0.002450148906996931
-0.001203057668459743 0.007464390981393124 0.04123020519761321
-0.001757110773909897 -0.009517586357157501 -0.007051157927272497
0.004216990208661032 0.001871251286591975 0.006796130117566938
-0.03324863607502794 -0.01167229951337989 -0.006917909818967645
0.003932928622917789 0.004790044711877923 0.0135654836852012
-0.006087266176654078 0.01321489207619683 0.002290344573453856
0.01141596926504236 -0.006909802547084267 0.002342135246934631
0.01073321468396991 -0.008599296292273798 -0.0002906272348100982
0.005229719009875205 -0.005842592319490286 0.007153023883146549
-0.04660684426255059 0.01415241454585179 -0.006550007950511478
0.002290972707537247 -0.01388027962962813 -0.007343687618997614
0.03550158921847021 0.02713873128163971 0.00701711659524317
0.01980992499556333 -0.01057780877111705 0.008105813642890184
0.02452992126242292 -0.002647555952712383 0.008336349568377073
0.01847191925304921 -0.02079186095997581 0.01075389598807405
0.01280067482229359 0.000746833119655082 0.0002354510844789996
-0.0113906607103136 0.01714530745549057 0.02435800493555811
-0.02150304782602005 0.01676998379948582 0.01422815870725507
0.0004694500611931762 -0.0142824662444701 0.006433382535982244
0.002247619997090696 -0.01606998168647197 -0.03780156254674584
-0.02205557335663956 0.03783049025836464 0.01145369747418976
0.02942007471919266 0.02318773160266247 0.02498764911275093
0.01740798239370998 -0.02015178598686735 -0.01801130597193838
0.006152041879758096 0.01332044816817576 -0.003620259088069996
-0.005934226313052188 -0.00882279719432591 -0.02558038675312575
0.001786217628727368 0.004754897367876673 0.02093100450596919
0.01216362578874135 0.006237858684238574 0.003575061040078388
0.03766537247598785 0.02354024282345461 -0.01129913992996758
-0.01310183229508741 0.00179821471821059 -0.003563334661006751
0.01027674638024793 -0.008588368658558176 0.04321680903368792
-0.001408298991907225 0.01486180271328837 0.001653801661939101
0.004343585143989821 -0.01407453822165151 -0.003965110102189747
0.01125402227741498 0.007795040812431394 -0.0009744310329205413
0.01025037353059609 0.009401806789180718 -0.003611114266521882
-0.0004680966301199593 0.008141823914944469 -0.006941900115178397
0.007176279016980662 0.04579333015178016 0.0001817244219780455
-0.009267616068220536 0.01776659556114439 -0.03047631048398494
0.008546475139522678 0.008255218038924355 -0.01615084666382141
0.01207942382294517 -0.002551656339970472 0.006232868317480725
0.0004858812262262116 0.01465446288258429 -0.006564978892670026
0.003873760071942806 0.01292656374662083 -0.00741485703221723
0.03570909543142319 0.01096473596301431 0.02100013911284976
0.008617253327500149 0.004867887137075439 -0.006880240202657694
-0.0333728437852058 -0.004573347586644281 0.004533518821321171
-0.04205604609498043 -0.01452728984053846 0.00876273813653624
-0.02032582796162075 0.007401281378988148 0.02405768430490728
-0.03115282620125344 0.00618359773741466 0.03330045005401224
-0.0251282363054931 -0.007662395783833622 0.004764042180775216
-0.009790899072780157 0.01022691862038559 0.00611385838537864
0.007185235555817342 0.005162115999798067 0.006891905064136912
-0.006341993731763685 -0.003118129164050902 0.006747806816769902
-0.01889228818927606 0.02662456503544389 0.01054980848020155
0.04535243078412007 0.005741288540617577 -0.003804686167071828
0.009525371927034839 0.02924678166254029 -0.004320596933026813
-0.005904704085652829 -0.01836419758247993 -0.02123586663625744
-0.008200612894223788 0.004362079984989454 -0.02885672759680567
-0.01957571667150113 0.00376291667640567 -0.0243370257666492
-0.01181604577842939 -0.004503009361235808 -0.03829971725020681
0.0133944349454098 -0.02126600813052425 0.02146510419426024
0.03808082128896878 -0.01361612720833499 -0.01976712143342114
0.02863342697471596 -0.0220458354262547 -0.02763592180554078
-0.02401389364909716 0.003465690191565008 0.002930202451088552
0.005227465126488169 0.006964994034599039 -0.00694765866954624
-0.003277653929435065 0.01395662050770875 -0.006535793944572401
-0.006176686674147726 -0.0003462832170026074 0.006646863621085491
0.01477597434826936 -0.001365664883221152 0.01596639090105396
0.007456351784610606 -0.007474925871374619 0.006705033860146714
-0.005032711888485225 -0.01354000055857804 0.001872020646566198
-0.003338359791176857 -0.01413857142695003 0.01487314232792029
-0.01159727611437863 0.02020119376105129 -0.007715063602622793
0.003987785008884267 -0.001075485260930071 0.006682900540712159
0.01279220036554697 0.003926280138065105 0.0113592923854294
-0.006404703651832643 -0.03221375018473915 0.006454371177775893
-0.02082076758081031 -0.0141747138454412 0.01044336619060444
-0.003736066841360655 -0.007167205613387635 0.006895328726217906
0.0126846726080254 0.03104123485743646 -0.02972196684763804
-0.0266641329001944 0.01084715709913655 -0.00164896581298828
0.005227790277817191 0.0008866225489706807 -0.04535190300535436
-0.00657560919861959 0.0122480832690244 -0.006337851341764239
-0.003157613121602004 0.04136344122410432 0.01839753778159004
-0.001355945006979198 -0.02471959086575992 -0.003541031470529063
-0.01011126939852943 -0.008835902000169645 0.0007575255218196881
0.0005344977112346981 0.01470647108359084 -0.0009604892514534834
-0.005853161728254338 0.003069048224316214 0.02447340358400877
-0.02573039419104795 0.0195747788588879 -0.03253515041740263
-0.01631558401410875 0.006325252412964629 -0.01582222849018352
0.03973661934573583 -0.02214978732442425 0.005720708039861589
0.04415889702925505 -0.008639400332251985 0.005829891497475353
0.006465889951274405 -0.01207640840960929 0.02831619621364615
-0.0002283448745562989 0.02295860859814393 -0.00327196883338781
-0.0002098404966685963 -0.005935307398313404 -0.006745051653263438
-0.01676075154423794 -0.01308776081764214 -0.002983629227697565
-0.0013632741680285 -0.01544549534767455 0.03861730405106605
-0.01905104222532281 0.003136652731227323 0.008582662098550631
0.002494717485744771 0.01758915399926851 -0.02944424614980624
0.01546369012737374 0.0349128660633773 0.02376448274042541
0.008326451817716985 6.346354696284333e-05 -0.006591596382191573
-0.009846468976656536 -0.01027069797551759 -0.003377263065564068
-0.01101335704174886 -0.0223381189767999 -0.01011103658146734
-0.002317972032839588 0.0001275143870623 0.006509465896585563
-0.01127929827573055 0.006920568669495378 0.0009514044143884071
0.02979360663877846 0.006134771850865618 0.0119246616983989
0.002392751292413834 0.004995633384486368 -0.02212732795469457
-0.01319014524540292 -0.0001708425956754448 0.01428104594587457
0.002278890120372576 0.01082498957146347 0.006712277090286729
0.0003454648353148467 -0.01147547799318116 -0.006751030361494448
-0.02949715247989497 -0.03448134454798392 0.008565427160947957
-0.006258424159223636 -0.01180848622591421 0.006668362770557225
0.01634579041428402 0.01861134946241975 -0.01751132464837801
0.02357057600120927 0.02368247701367483 -0.02735534083168328
-0.03890923864874812 -0.02430545512365065 -0.005537183211558746
-0.008909196075812417 -0.03763747975189557 -0.009143396224657773
-0.02456578542272484 -0.0130808139359699 -0.001126076493490043
0.01965026291525519 -0.01080019831762408 -0.008267188756801217
-0.005121044400001863 -0.02462827885644226 0.01152753084385035
-0.01873672148972704 0.02038644298370818 -0.001575477231706456
-0.004764385136316758 0.01975856382270701 0.001396878942766213
-0.006501118184212209 0.0269302284007866 0.001946355505118748
-0.01301316289461714 0.03530995542500065 0.0005973762659597719
-0.0128236934537644 1.344410693882025e-17 0.003616771905832185
-0.01205579175386047 -0.001690484548912169 0.006113648892705924
0.006458910309090253 -0.002735832106460206 0.006696457644988597
-0.0124627392550962 0.003506056453570925 0.003610121269955717
-0.004640385858018236 0.003248157384480692 -0.006617386460884982
0.01269537868416538 -0.003485345810879951 -0.00304246989681657
-0.008147834060851473 0.01130649520525976 -0.0009100491002130727
0.02919338854807793 -0.03571424402634665 0.0006329665807195712
-0.008963540196439983 -0.009575104678984437 -0.007501474453792352
0.03039625809120775 0.002228261990863131 0.03423849128469578
-0.006192006625958446 -0.008234293860901746 0.006567059571675546
-0.02124613496263673 -0.02366041388461007 -0.01169968797607905
0.003701932633473434 0.006223194891350037 -0.01075299185411365
-0.01469515285642071 -0.03990631103876788 0.01309331955064662
-0.01860803389293638 -0.003900517965042535 -0.009453068084911491
-0.001473548881599544 -0.01472320499983368 -0.006316010197067328
0.005980263212172554 0.01291191691946305 0.00170708351956267
-0.004448873496026479 0.02493363564098422 0.01668896251194356
-0.04195962728478234 0.01075116135680261 0.01249611428518675
-0.007302268314674731 0.0006077604650837511 -0.006751663064591283
-0.02794808951805849 0.02206378515545458 0.006070223538666497
-0.01504773722506263 -0.006401112045326101 0.02441532021264387
-0.01131896497864594 0.006868578932714631 -0.003573287495691278
0.002920918044979118 -0.003952266725615926 -0.006516651325315715
-0.01163668821306323 -0.005101257503687732 0.003616006569597779
0.009199655484845148 0.008677185173310682 -0.006746765464412609
-0.0163400077665409 0.01403579678866572 0.009357479369397268
0.009506675244554542 -0.02344446996509637 0.003498981863833078
0.004357962961553524 -0.001840837613967553 -0.006410524368721439
0.0005018160727168133 -0.01501522301806413 -0.003882008970311557
-0.005264996130534355 -0.005450447981888889 -0.006731105972603143
-0.00784834990230686 -0.00605782103429404 -0.006565238484877457
0.006568226561030401 0.007800299574511072 0.00659664233744937
0.009051057147092034 0.01083555625405557 0.006351252253124351
0.008115102542698592 0.01120136510627496 0.002176952473746493
-0.01037323428759994 -0.01404417912589056 0.007018978744419785
-0.01230433465224396 -0.02168554423690132 0.008681851089007835
0.01156507491353204 -0.0008176713428935393 -0.006867615546007892
-0.005368166790194137 0.0003034633212982165 -0.01426153858854196
0.02186525940799556 0.01237350521687067 -0.01246455880138732
-0.03967360595908891 0.01307948247574977 -0.01746658799766003
0.00480039095843233 0.00102206951118895 -0.01513720960854249
0.009026158004022292 0.01657567679417158 0.01520439887277565
-0.02387745207284227 0.0030645981019967 -0.01136672878950517
0.005680484835405155 0.02439569486869162 0.002124786351815812
-0.0001414555649209628 -0.01593135051237415 -0.01233571458490277
0.005794198437706557 -0.009019176402811949 -0.02729900778299407
-0.004173103330371341 0.007484202688980428 0.006357697394137843
-0.008051427193335105 0.01115933908273452 -0.003603092352097117
0.005782616428258044 -0.009842123983296735 0.01487314232792029
-0.005618805707274732 -0.005448345412698086 0.02554450623723668
0.002501643928182308 0.007178804242254587 -0.00661815011998744
-0.0003621193894832809 0.01119325236070621 0.006549367870460744
-0.03232748957109607 0.03453540376453677 0.003342545595612015
0.001238987330489776 -0.008962025868289151 0.006518663305244082
-0.008896252469550074 -0.03184881119163552 -0.02794111825591883
-0.00976628241562244 0.009123780964029125 -0.0003520058748335982
-0.005454386224120721 0.005510334951214712 -0.0191851154554544
-0.0402731908885164 -0.00410869711464763 -0.01488767439421747
-0.0238794663817647 0.009746399643297397 0.009594287311132963
0.03676183250948557 0.007339625207037423 -0.02681179998812767
0.008830435227482414 -0.01048886015445975 0.001166373777030323
0.01008660584091342 0.03207761057381557 0.004339874922532218
-0.01118967441174094 -0.004956281608956512 -0.006820965055644111
-0.03087012500615219 -0.0301312397314729 -0.01733513171132321
0.001724404872956395 0.01133679485627536 -0.006596492306363397
0.0199140314286274 0.01162970843767604 0.01051070464245966
-0.006921142607248722 -0.009949178333147781 -0.01255259839922216
-0.0005288299130099717 0.007552492128419841 0.01455639117969713
-0.0005388831468919088 0.01329403552921809 0.01445598370411875
0.009412985629384345 -0.01009447180091258 -0.002987476934545703
0.01968515279952262 -0.0007836028652116482 -0.004955755363365373
0.01671381043838888 -0.005504070522187881 -0.04043424304126244
0.02798085489623914 0.00429421773018478 -0.01881829555028539
0.04225600270805248 0.002863263292062748 0.01329351864414068
-0.0241417597313493 -0.02169411193935063 -0.002293572754559969
-0.03191798283866199 -0.001342348092518225 0.01830176387081137
-0.006377872519341083 0.005746946678967164 0.006458897873006408
-0.008781867080314736 0.007435734570453653 0.006740219960296542
0.01878888707464942 -0.001457080695295029 -0.02222797593863548
0.02968810606206697 0.03616706461299486 -0.001387830450157957
-0.02024366362579159 -0.02948085966625964 0.01804815798313765
-0.00120940440765808 -0.002169732475624937 0.006318522282800802
0.002390225118207213 0.0196521531810255 0.007467221131744724
0.01294353050204202 -0.03040392412592303 -0.03247320959309772
-0.001274963693259145 -0.008809087793612532 0.006375180977022691
0.006371269796866262 0.01159729485015624 0.02167312665127191
-0.007838894640822006 -0.01127219863496923 0.001974238375562689
0.01685178601198916 0.004887467457662545 0.04244131658775686
-7.323434018080902e-05 -0.002833621717062358 0.01508572810553192
-0.002387221041786057 -0.0111260722867178 0.006417045932259794
-0.02079297791175251 -0.00533065154845146 0.009829156886878701
-0.004226021249031487 0.03292843405588865 -0.01893406345317666
0.00503601123034093 -0.008355334982458603 0.006452765458507854
0.001309699881061228 0.01628878548899192 0.02875880436761045
0.02372806986369851 0.0001621369668142647 0.02148374367454699
0.01445599245629731 0.004364774557289018 -0.01591585410310225
-0.004903644196129753 0.01302437311876293 0.006522917981417483
0.02323664271245541 -0.01034674635024324 -0.02742135939763522
-0.01546688783833677 0.001443401792789428 0.0217937992417312
0.001150946249029268 0.02827878911032679 -0.01111056097420684
-0.0005136616820664875 0.001470133832274065 -0.00642208237217704
-0.004269650908782505 -0.005673461258757341 0.01832377721291105
0.01179491831697854 0.004245485894999788 0.006177540948177119
0.01216914928792971 0.0007299764163645472 0.002446232974535451
0.00654384785492543 -0.006251334745573732 -0.006472055643562164
0.00502644068914321 -3.422106797736144e-05 0.01381303872956894
-0.03140832935085529 0.02547206439774602 -0.02202113572341268
-0.009384618779486594 0.002860658103628446 0.006402484593884358
-0.0002898880173276143 0.004405790576089714 -0.006423280475303538
0.0001081451300159048 -0.03174873772231029 -0.0121667391873362
0.006954762681359525 -0.00212436869120412 -0.006420810525970082
-0.01816707758955212 0.008549970305534456 0.04263703037384613
0.004227437834559852 0.01368466022717199 -0.0009935574594844387
0.009611459515033441 -0.004666962344616022 0.01429779541096517
-0.01248082778980356 -0.0008472517309475135 -0.002117409002947755
-0.01198163890749961 0.003405182763617612 -0.006346337142076684
-0.003426021517747708 0.002423919114781932 0.006237564001689831
0.007828919273834509 -0.003194914927805691 0.02609472978441512
0.001815758878911039 -0.001583701807879861 -0.01220836527872646
-0.004684036845963896 0.005191441128845102 0.01351407086765484
-0.01032483422109105 -0.02224544289158802 0.0003465846151000018
-0.02359618513303059 0.03931892295696401 -0.003303747871770204
-0.0006546117096116829 0.005171901973408955 0.006241308784862888
-0.002889659868355037 0.009448116214189863 0.006219026130268496
0.009750707962419307 0.008959588575169625 0.0007888734577117956
-0.02285526119939224 -0.02626309530854171 -0.03089358762074245
-0.005602288970666936 0.005483674510613881 -0.00632335369969346
0.009772440724314119 -0.01984577828517189 -0.008884624413890626
0.02224912908624446 -0.01341128812826928 0.0396485179745721
-0.007235654261740304 -0.02077718466130869 0.019171978644264
-0.009622832481275902 -0.006853641668070795 0.01478780384617728
0.03974966650864232 0.01238452772107664 -0.0155449627329214
0.006126890273484219 0.01029212327068173 -0.007329072771432459
0.01484100349699022 0.03768257743935054 -0.01866966883717517
0.01146344168071752 -0.006012407099217867 -0.0008136589125612352
-0.01658656422848959 -0.008221398702320868 0.006598620684541475
-0.01845882146922599 -0.01130215294152551 0.017613218246196
0.0006039025390125019 0.03422433188007413 0.01160567622569246
-0.003492292087534941 -0.00421559802333161 0.006179624166075785
0.01440025910540848 0.01679416893863469 0.02512940633868544
-0.03212906243577883 0.0197510704910232 0.0283556455447028
0.01987344494607523 0.02984675021604381 0.001933942479765589
0.01990336376611528 0.007553121411345895 -0.04099895975898846
0.01298018979984733 0.002691836107166021 -0.005387796410321028
0.0001596402464851549 -0.006700891804094828 0.006179562149336031
-0.01912841872357485 0.01042648566361301 -0.0007449288814129866
-0.007966384466491921 -0.01099249307704921 -0.0005526668152265584
0.001334662442614017 -0.007110415068302702 -0.01444822576077969
-0.03808993191541768 -0.02593989713352597 0.006600042749837906
0.01039042143903095 -0.01506914912862786 0.01783552051602948
0.01562914976917086 -0.01231213200537239 0.02541232404615253
0.015780642453645 0.003441514310719448 0.02323788262167002
0.0005353657702240728 -0.007642218753620865 0.01314584116351908
-0.01232930273790164 0.01640288107333736 0.0004870484741810873
0.002037613456946669 0.001294071195739533 0.00617567938457438
0.01909056550090693 -0.04105318501234881 -0.0140952321923778
-0.008289297413974052 -0.0291160119113934 -0.01699770056426769
0.003768341469455502 -0.004015312077319174 0.006179744761909999
0.009540731280592447 -0.03454680130871185 0.01133234410114403
0.0100779701658469 -0.001729105321206463 -0.0142724070643979
-0.01920418135002675 -0.006735090029197956 0.001010144035618117
-0.03626212663872711 -0.01065551240891173 -0.02837550444981515
0.019133727829422 -0.01840250003188984 0.0004718068323815291
0.01706829616566389 -0.02682755679924424 0.0008912716198157659
0.008696248848425113 0.01950865021690423 0.009327625863450458
0.002390048216223842 0.005713738394879046 0.006231047086636766
0.009290921581319063 -0.003580189688060391 0.006162686802987495
0.0003774502473520392 -0.003763919034637353 -0.006162482209306812
0.02155826782366643 0.007254096733059793 -0.0005111780060379973
0.02636091219642661 0.01235460224939676 -0.02963865407698073
-0.006474762026708071 0.0147273102275936 0.01752740172262475
-0.01403765003348853 0.02712797302318824 -0.004208821667782868
-0.007692569444511284 0.006779347935495983 -0.006301075394891303
-0.008934951828923624 0.009552582050604044 -0.00604031486145166
0.02486334932392785 0.02132096724009946 -0.01186152260990611
0.02956117311141628 -0.0217527937202056 0.01330241905431239
0.006253695750920052 0.002737450161678539 0.01096561440949823
-0.005754110259228441 0.01278043862088048 -0.0003566083477538077
0.001460800307273332 -0.01433987390617697 0.0004500160637576921
0.008146529498706026 0.01521755728538486 -0.01520745484656801
-0.01160222043583689 0.005101196605499499 -0.001717532055921494
-0.005587180238462277 0.0203154914906621 -0.02222703899087095
0.006435332190397436 0.02292681032323082 -0.04086282274328162
0.0002728537130628999 0.007262446242517956 0.02927043356983948
0.003081496172623909 0.03398706200460736 0.03261446136860548
0.006127247236504835 0.02280667901581625 -0.009759153746316732
-0.03171825635077642 -0.005884831217444452 0.03375688977879356
0.009410388466375499 -0.002136293454920851 -0.006309876282460231
-0.04074303240006973 0.003967660186041803 0.02490288713575999
0.04017618396340972 -0.01483047289679721 0.01812282262411375
-0.0157444748591553 -0.008264035963487935 -0.01802852722541377
0.001830224591724363 -0.005139445260982062 0.01012020178378217
0.004216990208661032 0.001871251286591975 -0.006195667317856372
0.007278717635884929 0.01159961335529609 -0.001798375245379936
-0.01475775148873714 -0.004479768200448782 -0.02719532738064247
0.02617743689907956 -0.005691235430252852 0.001128180750244408
-0.001553092653300233 -0.01940105572555102 0.003950346476950054
-0.01132889268598658 -0.01594520563303538 -0.001870621365409349
-0.03121891648528809 0.001320145275182518 -0.001614263326224972
-0.01162280001278932 0.02983555081521512 -0.01330709435632234
-0.01441891014032106 0.02877127610991601 -0.03567943916561198
-0.003678278793966347 0.005162736484465059 -0.012295972202305
-0.001806405176642261 -0.04302569485487819 -0.002622912908862117
-0.04415221576911774 0.004148986819751429 0.003204096251836049
-0.01102328687662094 -0.006734772198250148 -0.003545958062904062
-0.01390774316624294 -0.00974918777936544 -0.005361099182226529
-0.001497751147159106 0.009056232223243912 -0.01634398161527255
-0.008115941460231625 0.01144938637422643 -0.01650247815540807
-0.001214265742247418 0.01501346842031422 -0.01471778119627778
-0.02952472778325077 0.003732915138126865 -0.03683885100615695
0.01942850262515988 0.003170544254691086 0.004796762335499996
0.01981582953916569 0.01503181619808852 0.03607451020397131
0.008112792341889687 0.01708400893434648 0.04235210490806314
-0.03227820923393458 0.01469237232712227 0.01094143063587473
0.01049940003002089 0.0184299097018381 -0.004253717263824678
-0.04226976760842768 -0.016040577296374 -0.01378201255933902
0.01449896820725522 0.01474954218117306 -0.004653525754191075
-0.02640832513581114 -0.02177764087066787 0.01041932380239914
0.003398693506554521 -0.008372888566606498 -0.006250088416588929
0.005793795764045716 -0.008725497035082897 -0.006291542874753501
-0.03937569804543744 0.02451240311704354 -0.01245438836895302
0.003853347071438017 0.009093730268712817 -0.006254787676357798
0.01009446562637395 -0.01689421271200955 0.008093134718653557
-0.02123082098962203 -0.0410093339002503 -0.01088342503711225
0.007349223989129504 -0.03431063378231661 -0.0004362333684811027
-0.005840431769038991 -0.00195265204750992 0.009858425296791585
-0.02123758946964071 -0.0170550042317259 0.03863017930886892
-0.002227092111155476 0.02697998894457039 0.008875287537159774
-0.01220573481174886 -0.001629230967950953 0.001850998320964681
-0.01572326762718679 -0.0006433339432535602 -0.01499124816875523
-0.007866366056256834 0.01096827230367263 0.003556667040626767
0.01003448618981953 0.02074111521791657 -0.02441697319334241
0.007424116552368546 0.002493286645439962 -0.006379684565138406
0.01218813475911797 -0.002139955028926033 -0.0005903838394495997
0.001349937392338497 0.01405943342142099 -0.003060191982053739
-0.001681401331970112 -0.01290448322061532 0.0262028021285019
-0.01164027879806756 -0.005062703269127158 -0.001634072960406911
0.02268881007095814 -0.03049889361689422 0.009216191736527468
0.002568570635065119 0.01915907296453792 0.001720254670855817
-0.01741656500943341 0.003861311389825376 0.0003853748042683821
-0.002960059829214135 0.003980013229437928 0.01050286417517599
0.006112954139948132 -0.03129908301313469 0.03530433451827451
-0.005073740077830593 -0.03514707487072464 0.02954342709134666
0.005159268905987574 -0.02532824327017601 -0.01461277194355523
0.01203544715936732 -0.0004678250568219234 -0.002
0.002467515359241253 -0.03620708343603158 -0.02968795495208002
0.009189542368420756 -0.04168349165401493 -0.02114602617490078
-0.002222830002803322 0.01395151457270194 -0.0003749769723402586
-0.01531901449296571 0.009234534306708307 -0.004630419372927382
-0.008242713909870684 0.007414865444175157 0.01063436061106188
0.007448354426563784 0.00665106112530781 -0.006129661485596621
0.007954652702292462 0.0008279016305834044 0.006146747496917468
0.009991986439050689 0.008203359999673785 0.00306555926230424
0.01195507275567401 0.003420519750236513 0.0001944118115401296
0.003362994295359936 0.006615856975782524 -0.01616474839943297
-0.006936544060863293 -0.01180476297603536 0.01228966061221725
-0.002907670983004826 0.008116894160280268 -0.006107954057878827
-0.003780879477133021 -0.0002053453540532585 0.01816932587031674
-0.009583606022567659 8.023096076392733e-18 0.006168509371864245
0.04644998123703959 -0.006511737043615439 -0.008180520865588117
-0.0101589203845845 0.010900922736006 0.01448549441448124
-0.01649446896997488 0.01274049434285555 0.01863247132072582
0.001371506693925635 -0.007518152744089937 -0.006042293928212353
0.007416430875517059 -0.004830183971560235 -0.01915387479879826
-0.01187909612190168 0.01696270188376486 -0.04276622724548074
-0.002644448322199885 -0.004278408351731882 -0.006212282892613944
-0.001268022688849961 -0.01407391022302384 0.001674008571073651
-0.007204880081235927 -0.01893748070389746 0.0048961136888789
-0.02307803350844996 0.003349667852455801 0.0176871298222706
-0.01513930157474553 0.009907863722144129 0.00661155341628368
-0.005803903766389097 0.01623029877258227 -0.01129862326692339
-0.0001687130294598612 0.008473330980553169 -0.03015502324948228
0.0159868327727451 0.01221655499145348 0.001080638207219183
0.00630924820668268 -8.418483763622531e-05 -0.01146609820890159
0.0013703759330974 0.01859817660915386 -0.004845011804121052
-0.01028085537760939 -0.004661532649903713 0.006551692822125417
-0.01610703083454428 0.02436758098430163 0.003818725299889697
0.01162143260217603 -0.003143269679305722 -0.02617023721008723
0.01945721011967187 -0.04180289556928892 0.01329006165675627
-0.01520114176835085 -0.01026694293875647 1.098959223365999e-05
-0.03906353669497187 0.02029741467202823 0.01881382508776837
-0.005264996130534355 -0.005450447981888889 0.005993260341266989
-0.006038877660778925 0.009081477879896547 -0.006274341641106641
-0.006198932907170617 -0.007634025399229119 0.009902456735292482
0.02429545781642052 -0.03379331373368274 -0.0230423415225804
-0.003208001202860441 -0.01366026639952489 7.005836242776831e-05
-0.002125828946344992 0.01893468027671696 0.006002089139107267
0.01620254746118108 0.019909020553784 0.009276918716474602
-0.001442909950699042 -0.009933790589982037 0.01098279116590453
-0.001712415521782611 -0.01915996259752403 -1.904103520366206e-05
0.005454559725633449 -0.004121190576978294 -0.006194421738147444
-0.008804756851051533 0.005408835911014962 -0.04452163937285553
-0.003736066841360655 -0.007167205613387635 -0.006192232597150743
0.004733274895832897 -0.01775116544498993 0.02288542712229813
0.03386378087402542 0.02469314581690778 -0.02216696051516386
-0.003974608172701696 0.0132616267575185 0.003062531843999054
-0.01841164868189708 -0.02711855572696609 -0.004749916149560964
-0.01584772481184662 -0.0156672257284662 0.006147086166013269
0.01005386310229953 -0.01901255942924864 -0.02423653309735783
0.02642013757602972 -0.0157573715941006 -0.001649858521257175
0.03390192979975211 -0.02354861909234155 -0.004122678480423395
-0.01512691136986221 -0.005404065200297151 -0.0004533813643229495
-0.009586756358569997 0.01394631426497745 0.004852430177019411
0.002358374513642813 -0.01091507889662762 -0.006076117682580161
0.01040450000069036 0.0008836988128891232 0.03483591255195024
-0.0007211776976822788 -0.01545682082532688 0.01072494144357958
0.01792624190844978 -0.03078401281634746 0.03096545832014527
0.01609619730936411 -0.009903246550206853 -0.01493237815779196
0.003319335863160027 0.03913601887021206 -0.02700548338813527
0.006784033585872258 -0.01107457609515598 -0.005848647516406685
0.001388313289843265 -0.01406527445002957 0.003110848869092936
0.002167020373288388 -0.01708462037625002 0.0049242553495849
0.002898256930476596 -0.02244903394146867 0.004543550833248042
-0.005801271228138088 -0.001089270040745866 -0.006179228458811338
-0.00375307305995661 -0.001981267107845306 -0.006068824838512508
-0.01198090017934503 0.002611721503999517 -0.0003893148451517276
-0.02596047489069735 -0.01609586057331791 0.01745563217971167
0.0173641818474807 0.01984864963165473 -0.0009929414353000527
0.01213901878870374 0.0008470971795371354 0.006160511575838492
-0.02015285092019961 0.02035591017762447 0.02286678105671113
-0.02330228544063749 0.02735491701595767 0.03223680586511515
-0.02471955893922439 0.03526522535285208 0.02306990579687364
0.006183969333797597 0.003120190768863244 0.006087659202535533
0.008642778778327826 0.007185592664011024 0.01592944814363339
0.02550106100264788 0.02424788200083466 0.006234509912297183
-0.01360298026084759 -0.01837679555776121 0.02482755397486573
0.001401576079776256 0.01407064943711955 0.003074354151011275
-0.01327504004745731 -0.0412741097630822 -0.01894397689846263
-0.002054159406003571 -0.02761044808002912 -0.03727832799206907
-0.01366990167183501 -0.009621842953835474 0.004785939133216106
-0.01424679686447521 -0.02100091809842385 -0.0185633639678234
0.00059558443224814 -0.0008262595024403182 -0.006034674847391986
0.00958289298341776 -0.008941482694991882 0.003616384885571409
0.01638474750337815 0.008452327029307951 -0.005060745559658601
-0.004854851788760631 0.03855064481526409 -0.003155914280503282
-0.007749390218688779 0.004425292805805075 0.005854037841869954
-0.002530571304152976 0.008049802355113005 0.01002227270667069
0.004759135057907789 0.00629055167459117 0.006197223136752472
0.03625162398625233 0.02019886392786907 -0.001442184954970492
0.007290169816170529 -0.004860477608712644 0.006072253681654026
-0.02094440241593439 0.03163945979705884 -0.008704327399609251
-0.00927378825955111 0.009867203731632804 0.02642465924524436
-0.01071234635319656 0.0134847833630422 0.03652836464876846
-0.013387628044398 0.04019083160909775 -0.02236439396888626
-0.004020972847853485 -0.009132219851586989 0.006043527727922441
-0.006724403050328094 0.01652398171543486 -0.006856075337225689
-0.004104466794603432 0.0141199547968009 0.01064788684149471
0.004388835675122742 0.01043675467274749 0.006091493484050093
0.005714095134897879 0.01260419378103868 0.005224663768570677
0.01203145407282255 -0.002573755657878901 0.001842698644874913
0.01305064785826206 0.02756368051951508 0.0110492329508746
-0.01106457289328955 0.005818060580314015 0.003109309091929387
-0.01520734212111606 -0.01468767057761142 -0.008610859353131288
-0.0001285605131210026 0.0002319299599747174 0.01034714515553253
-0.002492878270682128 0.01146194025097997 0.005933472927693504
-0.03304910971932697 -0.01522060466588129 0.01124779870160139
-0.00992562493612407 -0.008252522715346754 -0.0015769936538085
0.01098113075603004 0.005768924288872896 -0.001845447661260701
0.02199028336325227 0.02954277119954108 -0.008224891238137855
-0.01200321844491706 0.001685070101527198 0.005734098463217915
-0.009085516191629225 -0.01578858000245657 -0.04437471322224542
0.03098337974805327 -0.01725387208874024 -0.01256376988076067
0.009724111518881584 -0.007807072229558462 0.0101498340275595
0.01093643532493547 0.005763792286324021 -0.005712462577433271
0.0003050523531706387 -0.04262331544361609 0.02078220249661225
0.0325591841308837 0.001104463359422402 -0.005937470071317764
0.005614088236580872 -0.003647889215064432 0.017782606609442
-0.0001663079179335318 0.002483368670642498 -0.01076486708145529
0.03111313139274621 0.01357252806690194 0.03144467101790224
0.01889393031306186 0.043839706707003 0.005018247245504572
0.005809225800301429 0.0002893261991382504 0.005968136757236866
-0.01025191155938575 0.006385692535133966 -0.005914789411850044
-0.03410370111970173 0.005077988135235651 0.01241831669979404
-0.02151414330123172 0.04162177859671365 -0.01436732999549869
0.03423142300477341 -0.00371322120061179 -0.02440256837797787
-0.01059942148299218 -0.00656519859580409 0.01014172302213197
-0.007782442713640809 -0.01804702586191525 0.0006270070926538863
0.004000156724868271 -0.01334806082025585 -0.0002604027006032319
-0.01516731269200738 -0.004973876781020901 0.01264386986239325
-0.001428620434745935 0.01438511268588574 0.004238620619861729
-0.009268988502060087 -0.008723710798152085 0.00311486643206345
-0.008804307943733132 -0.009449657542073133 0.005653711764908677
0.0018132861068509 -0.001654388774359358 0.005884658839141271
-0.02437148677895141 -0.04197210480914006 0.0006815525766189973
0.002836986909300078 0.01506160013801689 0.01155318038642046
-0.002645391765464613 -0.007215373021056747 -0.01927227011562789
-0.002595114087129018 0.01010554408910216 -0.005893336133077493
-0.006668752836774421 0.002667381556499019 -0.006035110490542514
-0.009415431865645222 0.009855546033773289 -0.02349900401161754
0.02629911334359478 -0.006953191104130892 0.01626277185234231
-0.01485448498337997 0.01549772456232676 -0.01241851655267699
-0.01281840779513677 0.02178466218043656 -0.0176488368499687
0.009248016029891441 0.01926980604265552 0.0004493391336636449
0.02510523250387 0.0158275934835627 -0.001875434591355957
-0.007937216211541998 0.002823432344338992 0.01694346269790964
-0.003931187999475642 -0.01110942175582988 -0.006625077039276954
-0.0005136616820664875 0.001470133832274065 0.005936363433160986
0.0009029115202298972 -0.01115951104413363 0.00597588890943473
-0.007247156683743762 -0.02603395287651029 0.03732940533315993
0.001937175110145095 -0.02643604631122272 0.01652974861091684
0.04350142429975962 -0.01961893622996808 -0.01059694371998798
-0.00452910448545653 0.004721334043242229 0.005880790793083225
-0.02966732633428735 -0.003372218282531531 -0.01006731156319443
0.0009437099773374211 -0.02014011082131746 -0.01853651325205768
-0.002263004366638834 -0.01393032612568068 -0.003117737322066882
0.004824023952117794 -0.01283686100039729 0.003118959487382771
-0.02946751222659682 -0.02685484941988948 0.003281771918381186
-0.01142295847282281 0.01205520199788448 -0.0005855085575309201
-0.002738314772288216 0.004769492619328568 0.0181908800013573
0.006579936264741404 -0.00204136587586918 0.01044287021158543
0.003131728569054138 0.01202780378534212 -0.01881992709227839
0.01790345197371214 -0.004398723224768714 -0.008505237207492716
0.005989427855099541 -0.005539852954141923 0.01006826676453176
-0.007822558852079236 0.01751613482231473 -0.001346380368935015
-0.003166489980049351 0.01360324753200609 -0.003586124478674543
-0.01531967914996048 -0.01487379112556192 0.001180214452750207
-0.007398265148746944 -0.003396763915583571 -0.006150032030381142
0.002518502829268544 -0.001877282585031334 0.01098339715483464
0.004473718813277485 0.004829059041083784 -0.006026748184047874
0.01096116336786568 -0.005773344784151502 0.005747076647965877
-0.03374996387474728 0.01363520392322127 -0.02713092264824443
0.01842161273861051 0.007292652804998813 -0.01093586335367864
-0.01207402396631569 0.006494079973720509 0.01354159974425016
0.0111637353802286 0.005870219896215118 0.0008235375326499466
0.01736167813712463 -0.002248712179998091 -0.0002812901911434405
-0.0001766725279596345 -0.01497266673291053 -0.02647607127582409
0.02574187911418335 -0.01399864845343969 -0.03858449161895064
0.03916191883080812 0.02222266234151412 0.01762362414503938
0.01014364017274631 -0.01765072199410127 0.0001260251288387406
0.0201782814821367 0.01524536601451012 0.01835484224012893
0.01614042666010489 0.005709177117055994 0.007790520184537885
-0.02099906094014433 -0.0005463008230193467 -0.005181767055107396
0.00705090971653926 -0.01153343470793756 -0.001249009143989123
0.02645982495892946 0.003394597605304256 0.005258840509463004
-0.0001568117852074638 0.01017871841072454 -0.006056161902347751
-0.01190741475360478 0.001746887172756242 0.001835063829249141
-0.0044036782306037 -0.01952322649766849 -0.008024595662410934
0.007773777202225451 0.01175828091261234 -0.01172798272346903
0.007375016511672197 -0.02151728726515225 -0.004275688146245184
0.009327928785996515 0.008722036800293133 -0.00180245851425184
-0.02091181851326362 0.01320901822414924 -0.02677275509073915
-0.003152548414092954 -0.01355892945339139 0.003667274620954918
-0.03522299270935788 0.01123650729700718 -0.004034983131204646
0.03260469680673143 -0.007769740116651983 -0.01309877261265261
0.01017383018969364 0.007280916668179955 -0.003597413320085656
-0.00426909754843484 -0.01633059173646776 0.005197563296387962
0.003029512338284791 0.02690426345383026 -0.02273303740483067
-0.01982507039437226 -0.01828850257532539 -0.03944451304296
-0.003272396870929066 0.001104912713885213 -0.02457551516681927
0.001273832411225002 0.01372863748982121 -0.01047566852300503
0.00950898273133175 0.006932430282408897 0.006579239200059769
-0.02569424240633527 0.01809154232801968 0.0001013876233800347
0.002224736322773808 -0.0090014548839922 0.009488173086633954
0.01498051908468569 -0.02812101553205497 0.01534396588673899
-0.02117681612680194 0.004723867584671365 0.03375108058898434
-0.001771514149747765 0.01123004436785528 0.01159548997833478
-0.005178424047638735 -0.02820808626817023 -0.008648201612929396
-0.01566307640720591 -0.000949868030853499 0.005694558644512118
-0.01633638820495046 -0.0007715875535977226 0.0105032198130699
0.00429812593096494 -0.03245396861583632 -0.02023026886491579
0.006997112699120886 -0.02258106107800764 0.04360542069217187
0.01167509911862322 0.004213650686491294 -0.003612460977070936
0.01324992069368265 0.04614838355795751 -0.01093898559240026
0.002771628009560167 -0.0002481622171941723 -0.005820810981769538
-0.01536582392088439 -0.0344344889511949 -0.0003818184728444497
-0.02813946330866664 0.003617396163093046 -0.01996781214492861
0.002901692689643183 0.007250349666072125 0.009910183302189636
-0.0134997421173855 -0.03022050205888215 -0.01065416599266309
-0.01130086575069659 -0.01580410997472416 0.01260310546011501
0.00308844136086342 0.01333560275993375 0.002209986190033706
0.007534981368373687 0.004389340781443842 0.02587796372627375
0.003514493462505416 0.003427650785399159 0.005789351565900719
-0.008566016288365641 -0.005433290037828766 -0.01411693822023622
-0.0090571320799256 -0.01023799995901926 -0.01930551805911517
0.01498160114791199 -0.008575876173661264 -0.006626115985671453
0.01746868904766994 -0.0006994572918890794 0.00461246756767424
-0.006092308134985236 0.003594816352823973 0.01005754117157671
0.01190245073227064 0.01792503933024178 0.004972994898649084
0.01135768551100739 0.006893877226940514 -0.0119672314998999
-0.0009491072193252067 -0.04826437736542225 -0.01274290139651692
-0.001832278052749802 -0.006874578432480861 -0.04216477224624594
-0.01049097667076505 -0.006413107115029883 0.001109978037630011
-0.0203557481402246 -0.01710372351985732 -0.0007476871473393451
0.01995481295642389 -0.005351723606619829 0.01309926121806352
-0.01244253620866012 -0.0266907139366836 0.01569098420283368
0.01496161796176894 0.009194534098294887 0.01222617795449561
-0.02398674323367901 -0.02353792352801293 -0.02129972021629161
-0.0187142051941717 0.01957377914051179 0.00717741968054669
0.01189042252111226 0.0007584044091189348 -0.01056837796287028
-0.02881013021736855 -0.01891631781828226 -0.009218976836227865
-0.02788536758045451 -0.02647585030656499 0.02932298216354825
0.01638425485085046 -0.01636236740822678 -0.005852509576272003
0.01638623388903195 -0.02332790887004065 -0.008580381529895915
0.01859298488201064 0.004859590567308555 0.03218134496835011
-0.007178405116497514 -0.004055934907192341 0.0346027637346984
0.02588745155604646 0.02574858404571664 0.0160546315808685
-0.003257304158979809 0.04418952365855244 -0.01931735242854385
-0.002543164584449381 0.008196946340385862 -0.009024892278669382
0.03440002052877492 -0.03248772006956988 0.01095893138285562
-0.01172636377413538 -0.0180398127928517 -0.006554460658769922
-0.03441090186078895 -0.02387246197646521 -0.02651433924550346
-0.0008400975943644272 -0.01150980265286979 -0.01434959970509908
0.01124114292425644 -0.002093378470159924 0.009472069162044185
0.009693690873991216 -0.04769663954404497 0.0008915285058319548
-0.02146787195497367 -0.01022506478458731 -0.005446315142527768
-0.005846495317334275 -0.01256145154677334 -0.001036630067761334
0.01753017051787891 0.004762659941152034 0.001084578497691696
0.003985297098178002 -0.01319909424096187 0.005712381815176655
-0.0211347793022392 0.0003477902931117776 5.466457418625177e-05
-0.02233868449934289 0.008943612832968833 0.003855700487907005
0.008487377223011067 -0.004387750192681937 -0.03441212856272603
-0.004222719834234783 0.02005812074844922 0.02287332512152071
-0.004266607738305631 0.02964044575052458 0.02541111741109861
-0.001224027484431902 -0.002184217765835564 -0.01658623435108345
0.03312251195000364 -0.002503774128931115 0.01178208983921132
-0.02274996999870853 -0.01487800953476352 0.004558784771383747
-0.00448692953154024 -0.0004501742809000781 0.00572911771238041
0.009217751818244913 0.01092750230112447 0.01195915790251638
-0.001161796579232367 -0.007341179796885147 -0.005766685238098761
-0.01191299150041971 0.01315561084503104 0.008275190843172839
-0.02449936294818983 0.02402553890810268 -0.006077851630034581
-0.02054978601887881 0.01515307308045419 -0.004961577131723792
-0.03905111769151396 -0.01601964047485277 -0.0003948611648020581
0.003369163617527978 -0.00767560262534408 -0.0101395306287472
0.0039800595461278 0.01318629676287281 -0.00359556740412475
-0.002720034582410031 0.006061360974232469 0.005763866748056358
-0.008820658673284403 -0.0004804960760273688 0.01396356916737453
-0.01010565320552043 0.008233418776833585 0.004577454697533042
0.005557257122522664 -0.01234768790275083 -0.003619197762011654
0.0005193105834798938 0.01380930917359537 0.0008681706730137391
0.006052941690547868 -0.01943587853519408 0.006832194427066536
-0.005144639076303916 -0.01475595760147664 -0.01209304220042008
0.003226020269683546 -0.00970640997163472 0.005827018782047381
-0.005174049554636492 -0.02804478576071821 2.332349974477205e-05
-0.009384618779486594 0.002860658103628446 -0.00620990633560648
0.00767720816688218 -0.0107336545820957 0.003120981162160512
0.001616702563128935 0.0447040790282852 0.009340647018648167
0.0002434165259312156 0.008896750907370101 -0.01145679191400423
0.01411571183717242 -0.008317080735649511 0.01391927303216128
-0.04800256626392685 0.002154549244297179 -0.008588676801293759
-0.001954787360085738 0.01792984158915293 0.002549456576529702
-0.02081919213092433 0.0003911781913242081 -0.04374923362803067
-0.0366620849528413 0.03102607443353643 0.01325451560795703
0.0227265611819652 -0.0441607704038973 -0.003666056286212854
-8.029906934716428e-05 0.007343193507278396 0.005824474648393425
0.003611324883267758 0.008432410487111724 0.005985607959553557
-0.003831002773679556 0.01304042160623823 0.0003827015649661689
0.002153522123153289 0.0006776373941368499 0.0177993686917005
0.009336184516117124 0.01190969575396732 -0.04406471805069112
-0.009583606022567659 8.023096076392733e-18 -0.00620509562105484
0.005777783367636622 -0.02620003980839521 -0.0005800992412171646
-0.009350739365196715 -0.002853554509648602 -0.005877864329102546
-0.007242636688131886 0.01032430154214242 0.005704409065482573
0.004853026805277714 -2.276181185459011e-05 -0.02715548380923975
-0.03003373869527799 -0.008579386005012528 -0.0003249927741029589
-0.04881454366335422 -0.005901709250176685 0.00693087009720981
-0.007755328589353769 -0.0108536314261155 0.004206601711872455
0.006304837240239797 -0.01177083136859174 0.0006993217608020688
-0.03009081628635339 -0.01751570046102341 -0.03445012890305501
-0.04060018614810426 0.02738265017409012 -0.001996740042997916
0.01200765882951206 0.00676773810429101 -0.02119057265488141
-0.02585638082188766 -0.003196752889552562 -0.02629946380431901
0.01290976904111805 0.0178602238608124 -0.01139547801807183
0.000392120660424387 0.0007856758624023639 0.02644530514070425
-0.005083829668948576 0.001391178279125257 0.01304845717835752
0.01661546375000728 0.02717164087205566 -0.02178301575405549
-0.00111097628609017 -0.007902602067270816 -0.01031568269883182
0.002252029404261099 -0.01370545202230337 -0.003624652480335061
-0.01461379343469183 0.02432468067603025 0.03998106822024976
-0.01141077967853096 -0.003215143856666255 0.001053878688292815
-0.01294268195973187 0.037067024194542 0.01712750448463552
-0.005256307309302993 -0.02206720475142584 -0.001955612005914733
-0.0196213927954523 0.00216138975067847 0.004089097469703709
-0.00751155280994876 0.01067892223071766 0.0009205219067245655
-0.04005276222309925 -0.01876207775453808 0.01798225812320916
-0.02087315659362153 -0.008948952666874149 0.03075765668043496
0.02141196308327231 0.01712264636230702 -0.007521414720081649
0.02525811764204765 0.03912621075537867 -0.01022826022457435
0.02231616953844029 -0.01951209132491447 0.01920240522654003
0.02766043761289532 -0.005888992055954724 0.02869589873268475
-0.003859131911814644 -0.02008800436188135 0.007980141300146917
0.003754267581626749 -0.0126345948054081 -0.005609081742899014
0.02895921461584377 -0.03778797161686422 -0.01025147741548351
0.009137073739252363 -0.005668012785834402 -0.01175401946499068
-0.01130254128558819 -0.01617406530999129 0.04489121925400613
-0.008045661928003295 0.02367681825316221 -0.004427528691564122
0.02160931904340527 -0.005510340175252824 -0.002336543019273649
-0.008120630345348077 -0.03455693210058966 -0.001928552742033567
0.01384168711446322 0.01229655582044158 -0.01748360307028182
0.02731177266199502 0.0006043839389189885 -0.01157488967086018
-0.03362924355267785 0.01627638491113294 0.002665117416926897
0.006656554677574564 0.0002074265170032836 -0.005699505449817958
0.04551359563570898 0.01674449477623321 -0.0068809626944486
-0.03248388018119454 -0.0169229733620048 0.0326702014915537
0.007322082112418807 0.02212676926163967 0.02579978044621307
-0.02791135114626794 0.004280503141583417 0.0242513911995611
0.008104009643044488 0.03749719803414032 -0.002114207473242542
-0.01909697311703631 -0.02309756432641105 0.01158351958053958
0.002243437572688087 0.01352136066473495 -0.0009666690184180252
0.01600346228378362 -0.004398321927204106 0.0230958453075642
-0.01224452138831159 0.002651534146034323 -0.01203964059068272
-0.002946861609162447 0.003127403435110951 -0.005721437831260208
-0.01871349156129868 -0.003468931345850828 -0.001668879535565322
-0.01382544270893194 -0.005138562628138366 0.01809463128105113
-0.01042771168919553 0.006505841672979885 -0.0008592327753550881
-0.01039914149900154 0.02419775065450033 0.01044229769568899
-0.01486167579662979 0.02433985887473599 0.01761771722473817
-0.01624310569608465 -0.0006273015524109449 0.001776589267868639
-0.01117428640826629 0.004084131701231663 0.002291369795059913
0.01231756436574964 -0.0008562511285744327 -0.004468451413305867
0.01105853891231622 -0.004914551585367981 0.002334636078186491
0.00958710720874472 0.002163794928999173 -0.005810145701583122
0.00807181580585244 0.009909781753037406 -0.0009964844175233112
-0.000101038799171393 -0.004466930862243344 0.005667602087171477
-0.007641420540418201 -0.004662315961705509 0.005894616903704299
0.008537295593391536 0.002432051891148983 0.014689740320846
0.01337289960270668 0.004268808548636556 0.01697326504215646
0.007168529252289455 0.002159745429039147 -0.009107814690908565
-0.004952296047645605 0.009998280874280714 0.005841448079721038
0.0127953657991105 -0.01648544307114992 -0.04377422205398775
-0.001642782991795958 -0.000450473937543542 -0.005846711959601822
-0.004383428761986621 0.001018916785471382 -0.005718490119613588
-0.00663705295546281 -0.0005124118490721983 -0.0096902263839104
-0.02398985741243118 -0.007202853199612872 0.01925931116669017
0.004830601512135404 -0.01115925511957359 0.00595582918689249
0.04011357824250909 0.003141624382734294 0.02817300941844638
0.008176120451913916 -0.01004767545685722 0.005476745009792236
-0.01171334462790077 -0.002988079423159626 0.003408422970562727
0.01533812621966786 -0.01433217297111573 0.009369723381262476
-0.006931679771183817 0.001184015838076142 0.005732518424877755
0.006999935076963882 0.004554759380145641 -0.005806906324583557
0.0054844421705951 0.01216470561063718 -0.0009853661689041998
0.02205081976763151 -0.02474956331899019 -0.03669812863831953
0.03370799804276629 0.03364717694126591 0.01584966405104431
-0.008944080671691062 -0.02647478257855187 0.005004200462781287
-0.006370554148652832 0.0492955101081293 -0.007007721970542398
-0.003045493550507195 0.01321861862494602 0.004937962455170013
0.007563236499281885 -0.01136701182419285 -0.01172851419774418
-0.005444835204809419 -0.01215266917094178 0.003137521929567184
-0.01164196031782272 -0.003333961379326306 -0.003537810063931149
-0.006570382339066159 0.0160322765433772 0.005700234200380121
0.005404575309300772 -0.008339605790833492 -0.01384192047005169
-0.01270194050827726 -0.009963825345305608 0.001788449948560506
0.02390573949952081 0.008551074507438517 0.01655510756909312
0.007994570357830211 -0.03246593236986355 -0.01262841436502718
0.03780100396901401 -0.01073978957393101 0.02832685826669346
-0.001818688015676251 -0.02026143625419683 0.01466852917831337
-0.001621559814246897 0.003767887741363447 0.00560769952832094
-0.006878062406991405 0.007932113304240278 0.005823392249046938
0.03096419076282262 0.0167167589515499 0.004069986781796446
-0.01677560029725358 -0.001438921180159651 -0.005669268534762122
-0.01524655243273461 -0.00488987879596756 -0.007206990315062779
-0.01683114108485157 0.002399287657800882 -0.004726917401298671
0.01619255294146785 -0.002453441426841541 -0.01635346355204949
0.00180867411927015 0.01050013938557529 0.01866757417808381
0.02343226787504379 0.03093068552237985 0.03110089641414664
-0.01105160293077018 0.005376767540927634 0.009959532031097328
-0.01554349156502653 0.006081362079390664 0.009161897275358027
-0.003972198583394937 0.003653020126570515 -0.03694626297329191
0.0009273549173872371 0.02730845851691254 0.0004288258961548195
-0.0069136405362466 -0.007960142641110468 -0.00601671985788069
-0.005408363201267585 -0.009152005641998072 -0.005782035491240976
0.00844578779745562 -0.008157284688116315 -0.006421116003774069
0.002236986222392467 0.01363791888383298 -0.005259859459528648
0.004154684301253013 0.01665966772289235 -0.006617277761220813
-0.0348203029419326 -0.006581421015355169 0.01249780261790049
-0.002218363542550005 -0.006553631685163037 0.005624087337059559
0.002195814794610758 0.004107628582939235 0.009897286591844051
-0.0272496749012851 0.03531231720165295 -0.02090003424226953
-0.02704510514310541 0.01446342531282832 0.03948746577635822
0.002374738699041693 -0.01879903687177524 -0.004109277332860191
-0.02685654903821525 0.01375748333419058 0.005101542320811369
0.004795076492888972 -0.007759840800706414 0.02208626497924231
-0.02736772422339814 0.02188739414052564 -0.01456310150999319
0.01185812201282177 0.001807813912714448 -0.003172049508194819
0.005954760487072413 -0.01252122917606258 0.01117766143334736
-0.00140363152173795 0.006703444257215108 -0.005741628221930746
-0.009068570941831383 0.008159473890194016 -0.009697922452909319
0.002169926571121457 0.002775775312409074 -0.005697730732983524
-0.00173622829824332 -0.0110110299352971 -0.005788304263406596
-0.01158961041718524 0.003322985025490019 -0.003485126053559062
0.0007758801531461096 -0.03614527271396664 0.004333273722541222
0.002811738813759418 -0.005420973280333428 0.005587243330809365
-0.002387471581405329 -0.00577399552080856 0.01060204760790152
0.01056227436873858 -0.007484523535178805 -0.004939564662256024
-0.00461097320011503 0.02556105416684208 -0.04123586958628903
0.02554355017264522 -0.01198640337784311 0.004246358936248109
0.01585439151912836 -0.002062974767192564 -0.005716696429011684
0.008233354096563773 0.01009921437369755 -0.003586462042033443
0.03133018450027877 0.02935754296665982 -0.007600109304429406
0.01049859311446458 0.01451127817037679 -0.003184853497745895
0.02345521848305992 0.0196068949074092 -0.03822302343498268
0.002348545965684195 0.02057773423105613 0.01315779861774319
0.006366805430865756 0.008418386653424398 -0.00587407872274905
0.04502129761686156 0.01318059391198983 0.01568918404232667
0.0006761179665990206 0.005816646138436257 -0.005663856957756946
-0.0177445890648328 -0.000620125156735546 0.0290642207884248
0.009790171169865025 -0.00801892892411122 -0.002147106940368574
0.01653035933368826 0.00818988938524152 -0.0009584024575191228
-0.005441189828256178 0.01216992707132796 -0.002188745363943541
0.0008456384375489609 -0.01704947994422455 -0.001459559198414105
-0.01119718981473971 -0.04833864237728711 -0.008898272639119201
0.01136499324228475 -0.01464925429133069 -0.005959876406532014
-0.01554571943709934 0.01241121940460783 0.0004293850110881798
0.03294221172130166 -0.005521004057429148 -0.03568143517709074
0.008957809026403182 0.003491683774249361 0.005921141240500618
0.002075824967375566 -0.002306274480331467 0.04235006591176461
-0.02044005867228136 0.01948133692459144 -0.02090486964183171
0.002945801739696814 -0.02355994413022943 -0.006590282583489218
0.002521736015174088 -0.005847100471353321 -0.005894001698086042
-0.00967517571639185 0.03930744105539946 0.02772828856954729
0.04560782389737558 -0.005004188108661703 -0.01949050957761549
0.04746539671526109 0.0046251131896685 -0.01453120638494282
0.005454559725633449 -0.004121190576978294 0.005583010161766479
-0.01582490418802241 0.016515580647674 0.004009705231058748
0.0346859258918495 -0.02796060372071732 0.02156607193284068
-0.009138655989669101 0.008663708944815595 -0.00217145772498784
-0.02261390182221347 0.0102003743442854 0.01644194008167551
0.01909668338899265 0.003623774190669336 -0.007456279896877839
-0.007509069909881785 -0.01059938110946017 -0.005669566231964281
0.0002260188953054051 -6.083710401992733e-05 0.005527990148685696
0.01434106453138583 -0.02030776820232069 0.003077262074113798
0.02896660716381943 0.008827181717503491 -0.01237672784161106
-0.005366106433978935 -0.01211344860170856 0.0007266161390151375
0.01769305274212116 -0.02435005857372305 -0.02667707898251945
-0.0117358651173766 -0.0007610504190484027 -0.0002952941578863279
-0.01798768274178095 0.04341715548049371 0.004058296896618963
-0.002109611228366807 -0.009613973531195773 0.0166337859306313
-0.02602345525578499 0.01410323453251241 0.02506571511023946
0.005559677868830307 0.01584309191618405 0.001276251577719896
-0.02976258863676264 -0.03463231257760188 0.01947875690161225
0.004102523781376466 0.0003974670453662699 0.005541872962223705
-0.02492389916355924 0.01279445134585246 -0.04126921825339369
-0.01754612712845515 -0.03900374368749124 0.02455381080100317
-0.006430913790349407 0.01797511313868554 0.009839550920962252
0.01485487727604881 -0.006798786289093419 -0.0005916463451272837
-0.02447487530155339 -0.002094631433569892 0.003928154425194638
0.02025418682578232 -0.02759465971431874 -0.01490390595575557
-0.04748306821041384 0.01570405023356839 0.00481471411926342
0.00384428073852552 -0.01522136143119717 -0.01105953747518592
-0.002977763878048611 0.02184044012485834 -0.00808776110536873
0.00694575039245447 0.006133872733380604 -0.01313068919606188
0.03143273550672172 -0.01747829394176772 0.004415134412381937
0.003673374000833285 0.02913805156920985 0.005884935217257591
-0.001430140644830611 -0.01710640020837705 0.02049892918464587
0.01181808104937272 -0.002510985433101171 0.003991540132735082
0.03462371549863529 -0.00753439786393297 0.002404414668592474
0.00133431870397685 -0.002358123854848197 -0.005550421062572617
0.02354857874844801 -0.003383619577800067 -0.01657065996867751
-0.02569199886347551 0.03032218679430377 0.006816275973192893
-0.02664031981467152 0.004970065193272431 -0.005310219133401498
-0.02845758309399836 0.01135160670097774 -0.009018076332859249
0.01204040657650481 0.02403354992887465 -0.0022514070963396
-0.01850162735571458 0.006945569444483417 -0.008870297812188883
-0.03514788555896982 -0.03508275917057649 -0.0004803625920973301
0.009178638102861413 -0.008579081086473071 0.001061349980604932
0.004134481983103967 -0.03420010894208119 -0.006807595204045343
-0.006944049187373491 0.0383917423383422 -0.0312711713534307
0.01835004532327801 -0.01567989793320114 -0.01257106102847851
0.005205338160630318 -0.001904494242797339 0.00561089652995502
0.004888209456288632 0.03331720023991683 -0.03728456378554101
0.0004623532545502357 0.002869489710503799 0.005530492609043713
-0.01151400202706807 0.01723438395348996 -0.003797678844042546
0.006152961302388274 0.03823683302945449 0.02119988168099255
0.0247005663244041 -0.01602812767710397 0.01091486345953335
0.01101178162953371 -0.01167548415679585 0.006999087658290067
-0.001403434579472446 -0.02523385815539872 0.007171245217290948
1.066619524448757e-05 -0.03193875909372749 0.01080429547666969
0.01453268187509755 0.01471978400827646 -0.02456618375398067
-0.04570901309280201 0.004134003729088606 -0.01985260311081814
0.003961365603557877 -0.0009165053516533811 -0.009546343054979872
0.0111315912198488 -0.004895735968992777 -0.003075105957287553
-0.00375307305995661 -0.001981267107845306 0.005489115327782342
-0.01021287198105204 -0.01320046817408504 0.001803490098879589
-0.01330113503721087 -0.01299157315875517 0.003614932100287262
-0.0115016454001369 0.001633413834967684 0.003596281806030898
-0.03945330750576546 0.003392746956391258 -0.004336418673937349
0.0004439171071681498 0.01370440783903218 0.004909856951813681
0.004972560002935616 0.02564013682874658 -0.003555958490288269
-0.0004769595614092713 0.01367254367577544 -0.00220950302227698
0.04112827552121772 0.02965369924912065 -0.003133882202620891
-0.005791764466784331 0.03450693283044779 0.003381703338399844
-0.002964677484357978 -0.01296171686913786 -0.005639555114984281
-0.007833151490843768 -0.006864059563699922 0.005701247342749815
0.01384254142916291 -0.01504049111053421 -0.0008142221629328628
-0.004774735999399245 -0.01277052834110425 -0.003620429415410441
0.01144896962735497 0.004153569500811042 0.003454026739106091
-0.01351183137191094 -0.02854046399399903 -0.0379589896349407
-0.01075714121367046 0.02633075123207932 -0.02711850616512463
0.04487889510853554 -0.005005854740872768 0.0208679235788679
0.007806149928752824 -0.003572909207088059 -0.0056656752158897
-0.007249963719570594 0.01086759397725182 0.01017046391991112
-0.01640951894696382 -0.02397870494064643 0.0003648401861792673
-0.03009147851446284 0.001456548396008438 0.005024155634186516
0.003184777784943447 0.03223126336445332 -0.005554172686974486
-0.0109785334369602 -0.001165014911104766 0.02635190543288864
0.0009161813029855666 -0.01390956382970104 -0.001645750012450232
0.00303067300237859 -0.002482817269215462 -0.005474896580388106
0.01904316248107801 -0.00443137822506836 0.007988159883946806
-0.006106282085899209 0.008083736902133959 0.01712890796442473
-0.008096919561103618 0.01449628238422776 0.01270963865347483
0.01969606209692736 -0.02003484387560954 0.0278663601146751
0.02569919736901486 -0.02570660583074847 -0.005122955570457385
0.03269711091494158 0.02062143553643433 -0.0319622102042279
-0.0181610488686963 0.001791165052645585 0.01486210750634294
0.006844703719920148 0.01684715134303277 -0.004176822153453143
0.004474335606281207 -0.0003628324167413782 -0.005509223014935902
-0.02031244259478535 0.0001438208993000279 -0.03251695996335061
0.00750436050517435 0.01121859139011183 -0.03031450852241026
0.01419518020700146 0.03154436301758575 -0.01109871398219412
-0.004684347345686788 -0.01259253587602882 0.005231564804478955
0.0022117781008596 -0.00760243300258429 0.005627734846400018
0.01939155232333961 0.04237919607263833 0.01649355404968558
0.01166686235398685 -0.0008661204136489138 0.00111718550808223
-0.01993480967088919 -0.01628083510961457 -0.006207459807806199
-0.0164517621078874 -0.005055107613427237 0.004605300951811896
-0.007857560058564694 -0.003296102989180526 -0.03096082505094216
-0.004007130297604122 -0.01076498614640975 -0.03413669194261722
-0.007146608566807225 -0.001762759159636338 0.005687783010672023
-0.01770755564776196 -0.009088448352589144 -0.008670255805367264
-0.03263656799162494 -0.008448970586722448 -0.01689273873883816
-0.01194013954158248 1.149254302834635e-17 -0.005368574460019289
0.007746187312361565 0.02333960530669075 0.01677725545003404
-0.009845212956065497 -0.008076483249454782 -0.005502880336205898
-0.002209122542024515 0.001596010225477536 -0.005490045556611424
0.02706710352188848 0.004450287198829477 -0.001159798735491392
-0.01836173588697369 -0.03692505032246616 -0.02736461485685203
0.04046729078026547 -0.002288032273027069 -0.0025082937287363
0.0009127357380105257 -0.009494809138295575 -0.005902457465371542
0.01737651722437049 0.008719965462493193 -0.02990068955494534
0.007874828680548465 -0.02455857336041044 0.02742165128750595
0.0126869564885508 -0.01079717019600474 0.0347715703135511
-0.001988948115329592 0.004530585745321107 -0.005489621034521282
-0.006112290391363606 0.01160595469298911 0.003571640518774481
0.01268279723816496 -0.01485665121777526 -0.01624461984272562
0.02112198036500928 0.01157239169578445 0.002780831392927791
0.009518823509318345 0.004780143544811481 0.00826931911496011
0.04978238552544963 0.0009851904992001208 0.005268700171773477
-0.01158809642182351 -0.01180761173920637 0.01652183615632698
-0.009189011382579992 -0.02817048957933962 0.02399589895924866
0.0004623532545502358 0.002869489710503799 -0.005494274985147204
0.01171131887258667 -0.0307543205054539 0.004913544088721862
-0.002343999724697149 0.01856609166462996 0.01611320309687391
0.003040706479405536 -0.01310941722386698 0.003136793521612243
-0.001315319920665415 -0.01348674278604082 -2.944268057902501e-05
-0.00993968573801355 0.007149486066403267 0.002256667309027992
-0.001373040513624555 -0.003595049553180517 -0.00967424764445097
-0.00440845405329543 -0.002750996026640912 -0.01130159110818889
-0.002906257437500866 -0.0131462149868165 0.001738580920543118
0.02993777990774994 0.01829983056791424 -0.007139437654867737
-0.008544553116133571 0.009245016215537111 0.003581683497079886
0.0003146918909699193 0.0003368883758098978 -0.008739835917295876
-0.01042288937983769 -0.006463067165395164 0.004466739369899911
0.01230777578662712 0.009358485787984344 0.02463379476454323
-0.0006686320449748235 0.009347047676651538 0.008482312171590786
0.0003230550814211064 0.008394418824109684 0.01132085160888347
-0.01100906973857454 0.01262593846479049 -0.005240836396042998
0.01220156248380167 -0.006093365070698845 -0.01578967064272034
-0.003690342026202346 -0.01291323882653212 0.01080924337240257
0.01177994494238296 -0.0267843441742492 -0.002698496826754655
-0.00844714396787143 0.009241526367424003 0.001801026918557166
0.0004332198885778593 -0.0134622260250978 -0.005584618676908057
0.03899632733924283 -0.02458077532825024 -0.01933385581504847
0.002203182960613198 0.01707354140659178 -0.001251493670064238
-0.01701344755422424 0.04706310543138618 -0.006420385518489534
-0.004700256160925067 -0.003387819955278819 -0.005556606317308655
-0.003747396804251217 0.03505935960245024 -0.0106880386175181
0.00678423819512446 -0.01107481972098962 -0.004010199809821745
-0.002309836721532425 -0.0006716865127138867 0.009071363482778061
-0.0096116788452366 -0.02260256000521124 -0.004848421820121887
-0.005434296752009865 0.003313721086680086 0.00550425418915922
0.02694918135747429 -0.01251072659339283 -0.008387363118832923
0.01221327543340229 -0.02373351221783861 -0.01447471264047243
-0.001357599786056247 0.01385067321300872 -0.00512275080309344
0.01321333198793616 0.01301692927973821 0.004416531524699254
-0.01122249379835149 -0.003206079917282802 -0.0007328449306736359
0.01141175550485088 -0.03305252029248478 -0.00628356721889676
-0.01060978985794644 0.0003848897966363552 0.01094293165525554
-0.01022967497282174 -0.006330610297602577 -0.0006870747470422375
0.01823007215894412 -0.03962789803937055 0.02416647341032803
-0.03377970332698844 -0.005822990306864801 -0.03732779562151406
-0.008307396628816306 -0.04828524488334476 0.009434105695907958
-0.001239406279421501 -0.01296125194540813 0.005826378276526639
-0.02126678278197316 -0.01045089179364109 0.006822888425995193
-0.01929116436051656 -0.01046891923083085 -0.0009006427816363799
-0.004025336846247482 0.004586226342147084 -0.008987840083674752
-0.006066426466643539 0.001145569761281168 -0.005483964899079314
-0.001246278786130458 -0.02714043351198677 -0.01773232677897195
-0.02715809044348767 0.006743461138725839 -0.02851977326652617
-0.01757782899369943 -0.01612282731864688 -0.01495423797042487
0.04593802577984435 0.02145682910015077 0.002551572386792112
0.01078688280142483 -0.00484871610474856 0.0005702783117862513
-0.0004163609663229075 -0.01353550362368763 0.003131489368100726
0.005123872443568009 0.009666718307522611 -0.01051094703969539
0.004575878230894797 0.0005220298710722606 0.02252764735123032
-0.01164089224265666 0.0008466419702857816 -0.002148898489204928
0.02213833239317217 -0.002888955134843685 0.003678737425665531
0.002390048216223842 0.005713738394879046 -0.005494756293263486
-0.02426113125986312 -0.00709130600441736 -0.01050901382150998
-0.0009035066461549526 -0.0399105874680503 -0.01038734231640518
0.01518872206039524 -0.003148829820821355 0.005279346896480849
-0.004961009952503238 0.00628915991353992 0.005480529485883705
0.002204932970422637 -0.01139705093709761 -0.008790126792380188
-0.04791541520542187 -0.01415133581955973 -0.005347074522210532
-0.01712567945161946 0.03148363765035853 0.00533133967889591
-0.002666544644945107 -0.003776945854202721 0.008389577165661915
0.01532328325969585 0.0154366098012491 0.01402704319641108
-0.004776227919506154 -0.01783095788486381 -0.001297435725012569
-0.002369135522646497 0.01785502382084615 -0.00678990769641758
0.01230467181493909 -0.009307688356612755 -0.01170707744636663
-0.02453548635656654 -0.00288399776028963 0.01404878802941382
0.003926072663437625 -0.01275542800585229 0.001400224635873198
0.007971890004049549 0.009812429366119996 0.0007898937913550421
-0.01283224020333465 0.04730072991384782 0.01300621425839568
0.009609381910071532 -0.01471446035437509 0.002916547267471948
-0.0164651708272445 -0.01238738971658413 -0.03139368460952661
0.0205671119462314 0.005675763715473585 -0.0166233522999486
-0.02913440714825571 0.027369407362203 -0.0001317402566792171
-0.01100114648662532 0.004089492177379374 0.0005269506866118978
0.02840374478356263 -0.02738207947641088 0.03152586342439197
0.01654996324523657 -0.008528381646301691 0.005421345662574198
0.004646431553945617 0.0125152669679031 0.003087901958549922
0.00767198386526092 0.04519545941566486 -0.01970795552206345
-0.004753009518980155 0.001784686536377756 0.005442020505442577
-0.002209122542024515 0.001596010225477536 0.005441352780347233
-0.0007492382074309085 -0.008006432847598482 0.02144367191090622
0.009189835787552891 0.0086704130759359 0.005144121009862172
0.01949008394413858 -0.02549485523919092 0.03984552074679155
-0.006493008806084746 -0.01144252303369122 -0.008727414815994991
-0.01003158273092705 0.006285984505210441 0.005447470826657743
-0.006817951745688744 -0.009885834636827842 0.005663066934163186
-0.01493224476879205 0.004810549985981335 0.005366493903642774
-0.02690485468191902 0.003044474128108615 0.04210422195865603
0.00814787834181115 -0.02238895757853095 -0.03273801824102948
-0.004131963813047953 0.01150478755139705 -0.005867323511813482
0.001829543718806826 -0.006388003862759377 0.0174681050565761
0.006518175444094715 -0.01204074404509889 0.004639484452827572
2.011620044989944e-05 -0.02352513828076705 0.0008798465369629087
-0.01368859073453982 -0.01911450700126264 0.000479402457301947
0.0173575913869666 0.001045708055687955 -0.001848428021362479
-0.008361613437153454 -0.009515344765091732 0.0007447932412136504
-0.01942292902232395 0.008146597124392209 0.007467900771593748
-0.01670983617991502 -0.0006737959877136479 0.04744874279690924
0.007659264558605787 -0.01382339059768738 -0.02095993787140912
0.01857033378561852 0.02550574509045466 -0.01427639811817176
0.0110181799055932 0.01229967273266154 0.001637782000239365
-0.02514843918231902 -0.03818242876163108 -0.01986126093072227
0.02176283622634865 0.01592978843234059 -0.02225806188001457
0.002551344794211851 -0.003186782381159479 0.005421219922379979
-0.01090727520801268 0.006584409257485063 -0.01773720159931294
0.03208293372771612 0.006003991744735386 -0.03696210769179489
0.02594942157062254 -0.01804233708881535 -0.02000926395228969
0.02996632316015444 0.005485908450143791 0.02564777527072001
-0.01307852676160937 0.01016226390814345 -0.01317728872856048
0.01757731952843518 0.01188496973850917 -0.008729944411813314
0.01149538329095747 0.0019192700443458 -0.0006926902823182614
-0.01138066965860553 -0.01456870889411335 -0.02551276800678854
0.01042886193260444 0.004756473014477252 -0.009633768760476925
0.0145245485792612 0.004167993599749422 -0.0108730331317184
-0.02082537432703773 -0.006192712147400177 0.005241578357560209
-0.01064813172601545 0.02382942195773147 0.004986989981436244
0.002040008303666962 -0.01275362876641797 0.005562572590580856
-0.0004036806469976708 -0.01023713840510086 0.005460414690535629
0.005321947600065073 -0.01207323870695786 -0.0007745728381932468
-0.006815384410838628 -0.01591453311775238 0.002588294126713084
-0.002166077533360786 -0.003575519252804918 0.005421454939046277
0.005947391900413272 0.001779656908824413 -0.005498070576060904
-0.006284961663616146 -0.004764537683616708 0.01143674991640709
0.009362193557609066 -0.04434095628635791 0.01547656350812883
-0.007749390218688778 0.004425292805805074 -0.005732690935118981
0.00673731335131996 0.01137868187642843 0.000674238969301491
0.003246318870755128 0.01676098317204772 0.005206909888500151
0.001133722404414188 -0.01127910149627761 0.04822665847486299
0.02310262879097676 -0.002994105923904122 0.03960301016150033
5.871576585794996e-05 0.009531810577912029 -0.0484889805118266
0.002745038568224731 0.01044665810229676 -0.02458383779162763
0.00752843132227707 0.006294806109618861 -0.02580940208619773
0.01197927489195733 0.02772136348519812 0.0221679887130888
0.0197506730890916 0.0242994329079891 0.02581854991714388
0.02493113612723921 0.0346355956567756 0.02054613871463107
-0.006986574692339797 0.0324010699934299 0.03518090767519984
0.004709347209572466 -0.009728693899711437 -0.005511633623972325
0.02445898761183668 0.01190079319951797 -0.006532890552504137
0.0024167742467713 -0.001991866883872212 0.008056263311458348
0.004448893565285955 -0.0008532779103549181 0.009249601057903373
-0.005988428298499378 0.01152803959123382 0.0009504283011362899
0.02849896039316712 0.01496381285251169 0.0194252871338062
0.009594066074976034 0.0007166186326627928 0.005544257142732652
0.005978361000227161 -0.007149684794949676 0.005564398256776936
-0.006602091930332876 0.0390133934329243 0.01077049102081537
-0.004987409106732817 0.0173973601197131 0.04578105325031262
-0.004004892356048875 0.005411615689351836 -0.005566036019862173
-0.006735636238072258 0.01097425913323062 -0.002235686822480912
-0.008708861831560825 0.01044172526995279 -0.03483622274591228
0.04428014420493778 -0.01610261945683781 -0.001082500938920127
0.0210365867622407 0.007688630610947657 0.007110604623852067
0.006844756416564039 -0.01696953172588693 -0.0005497144019052194
-0.03439362599587581 -0.01195249584886595 0.004688113819447599
-0.02794009511991133 -0.01202298086730805 -0.02465979401768752
0.006959221885452822 0.01128317074602992 -0.005277383355341446
0.01423663009784086 -0.001237342545402303 0.001097415332644157
-0.002252842520503016 -0.00122261746674169 0.01218675855965316
0.00808173668708065 0.006184325120372804 0.00564237074168011
0.01295472467854724 0.009685628520678658 -0.005857724304750409
0.02222282541209259 -0.009145054832663677 0.02259099695512832
-0.0002328806245491002 0.00933098305501758 0.00584905164159545
0.0006761179665990208 0.005816646138436256 0.00544514145940662
0.03333935240723106 -0.01285310320775341 -0.02869364671125864
-0.007707772872794488 -0.01989674483037673 -0.01516614335124975
-0.005957724217825509 -0.04165545175736833 -0.02763074873624102
0.002072313032802839 0.0008925391892945668 0.01270121688095869
0.001126408113258928 0.02242753413554134 -0.01379640669036935
0.003720400864047605 0.04927927754100876 -0.008819027925362511
-0.02223476792162794 -0.02876624659361043 0.001671082510481368
-0.02088376820365304 -0.03613702332453397 0.006199507202813649
-0.01148719454350466 7.081534906024859e-05 0.001847515547814624
0.01968248847874575 0.000413046392401621 0.008854843750288216
0.007293554898022496 -0.001057512500504223 0.005986420080122012
-0.008627906560828544 0.001908656005008762 -0.01140475870292194
-0.02017618067402232 -0.02208724627670377 0.02160780735145979
0.009787745696747396 0.00706188606785514 -0.001834659313241499
0.03945699741967558 -0.02988595943265988 -0.01032589497733374
0.004578493218338955 0.03300545772752783 -0.01715989125714101
0.03935472602945288 -0.03175158446207412 0.000561226860265716
0.01025252059514462 0.006379848551888901 0.003093403610894321
0.02558824949709963 0.0008831099774717155 0.01454474266332816
-0.01845647034092462 -0.009190020324592848 0.01270032682778863
-0.0052197595026471 -0.01527126733246048 -3.070843499804708e-05
-0.03204239344528338 -0.002418483015881864 0.02638348409286247
0.00833816938674805 0.01827870450797311 0.03361907312407639
0.009393538408485662 0.003955484830578189 -0.01604271168758969
-0.03482672879792936 -0.004612407649934819 -0.004654588698321235
0.002264673300706609 -0.01323820226629084 0.001482218542989863
-0.02683474875496485 -0.01232494516988907 0.008188682925563186
-0.01779155921620808 -0.009703750000948816 -0.04545786630141769
0.01890172453719482 0.02363821559389107 0.00435949914043725
-0.02426915277982154 0.03001906827913191 -0.03209823270897606
-0.01736542449224149 0.01665218252719089 -0.0343466190277359
-0.03842368746983309 0.01324556338023074 0.02525139387258385
-0.01143696816332842 -0.01075528411172065 0.006582440247593644
-0.01521226186108233 -0.011936373390453 0.007886216794622493
-0.002429509836576807 0.01415058023124719 -0.01017276535420177
-0.00301794154276614 -0.008777072267893265 -0.00562179325059634
0.007324430402856802 0.003075799089174546 0.008546903730209882
0.004888090774085153 -0.00629115657182346 -0.005599603318060454
-0.007289131346789829 -0.004049217614189702 0.009063466821196976
-0.000948804974429366 -0.004404088729142312 -0.005415592550878039
-0.01464893604179111 0.002992751949834675 -0.001035215083110213
-0.02210666432434758 0.02282624756214151 0.003073919069114178
-0.02147317550344413 0.002087332734903226 -0.01783924603854137
0.01595201036495186 0.01657848412537826 0.002922060707603262
0.03484559095973737 0.009058295052712049 0.001663189610456529
0.008070302821276918 -0.009999401653941448 -0.0005902630302472964
-0.04321962306926791 -0.004449373001800132 -0.02452773357358103
0.01121062119301867 0.04874243557658921 0.01010393470983869
0.004451608422312632 -0.009891733481796653 0.03617650701798954
0.01133724520843758 0.002856458782145581 0.00177608096250332
0.00159454120475427 -0.004592489598652856 -0.005398698413898515
0.01100298533461538 -0.0007888532705283237 0.005621478720060427
-0.007731583467016872 0.005998448574376595 0.005408398133695522
0.0003308401378357879 -0.002523851527862631 0.005576243272141789
0.004137906738200133 -0.004780962379112175 -0.005426710186088094
-0.04881288919753481 0.00398633095112092 0.01166960902268514
0.01880962387024486 -0.01413712452719482 0.0039856181725425
0.001988824456940201 0.009802077333656008 -0.005628181512983459
-0.009041161574234778 -0.007138607627214535 0.02001939428572648
0.00560091466064453 0.03848490045328921 0.005291099905438201
-0.02849501939545532 -0.003806617438666735 0.0085989422745976
0.005650422461857802 -0.00972479864308496 0.005534210090560033
0.002927083110891866 -0.002601632599229431 -0.01612584964394688
0.001663805812349448 0.001200408453346807 -0.01875775065726002
-0.02245119670302836 0.009842325198188799 -0.005276659880401451
0.00842717157355969 0.01345450547930683 0.0007632486357217925
0.01208414342471596 0.001178863619956826 0.00952321189593466
-0.01487639086153058 -0.02043593465499724 0.03339644468463721
0.002475538728612729 0.003627861779156775 -0.01283982462693703
0.005675931713621556 0.003039235840550449 -0.01180405472548034
-0.01560743694392232 0.006580373055346408 -0.0004588575376707187
0.0111803021605511 0.0007979442220653249 -0.005560818444720199
-0.04025645194913414 0.01155163113272154 0.00236040759358984
0.02305344819387309 0.03457907900451475 -0.02660473548077551
0.005260525755247492 0.02636498647975933 0.03909700844692407
-0.04416907886166022 -0.005350641427789604 0.02311724485811669
-0.003886236882695133 -0.01289697909724216 -0.01910817596775725
0.01020152824185062 -0.005239747506935831 -0.006663228766737033
0.00421600347497913 0.002280353771472186 -0.0369069565515513
0.00312431593151858 -0.01994532843824726 -0.01324250119639257
-0.001226416474179265 0.0128635019981114 0.005502593725598277
-0.004700256160925067 -0.003387819955278819 0.005417736141927728
0.003831897929262372 0.01267089869537168 0.0008279100489380362
$EndNodes
$Elements
5 15490 1 15490
2 1 2 600
1 1 355 5 
2 50 349 1 
3 1 349 55 
4 55 355 1 
5 2 348 51 
6 51 356 2 
7 56 348 2 
8 2 356 101 
9 5 159 6 
10 5 355 159 
11 6 276 7 
12 159 276 6 
13 7 155 8 
14 7 276 155 
15 8 296 9 
16 155 296 8 
17 9 126 10 
18 9 296 126 
19 10 283 11 
20 126 283 10 
21 11 144 12 
22 11 283 144 
23 12 288 13 
24 144 288 12 
25 13 142 14 
26 13 288 142 
27 14 290 15 
28 142 290 14 
29 15 117 16 
30 15 290 117 
31 16 329 17 
32 117 329 16 
33 17 265 18 
34 17 329 265 
35 18 140 19 
36 18 265 140 
37 19 274 20 
38 140 274 19 
39 20 146 21 
40 20 274 146 
41 21 279 22 
42 146 279 21 
43 22 147 23 
44 22 279 147 
45 23 285 24 
46 147 285 23 
47 24 148 25 
48 24 285 148 
49 25 301 26 
50 148 301 25 
51 26 302 27 
52 301 302 26 
53 27 133 28 
54 27 302 133 
55 28 325 29 
56 133 325 28 
57 29 130 30 
58 29 325 130 
59 30 304 31 
60 130 304 30 
61 31 151 32 
62 31 304 151 
63 32 305 33 
64 151 305 32 
65 33 150 34 
66 33 305 150 
67 34 307 35 
68 150 307 34 
69 35 124 36 
70 35 307 124 
71 36 317 37 
72 124 317 36 
73 37 120 38 
74 37 317 120 
75 38 319 39 
76 120 319 38 
77 39 118 40 
78 39 319 118 
79 40 318 41 
80 118 318 40 
81 41 141 42 
82 41 318 141 
83 42 316 43 
84 141 316 42 
85 43 143 44 
86 43 316 143 
87 44 306 45 
88 143 306 44 
89 45 154 46 
90 45 306 154 
91 46 300 47 
92 154 300 46 
93 47 132 48 
94 47 300 132 
95 48 161 49 
96 132 161 48 
97 49 157 50 
98 49 161 157 
99 157 349 50 
100 52 322 51 
101 51 348 52 
102 322 356 51 
103 53 134 52 
104 52 345 53 
105 134 322 52 
106 287 345 52 
107 52 348 287 
108 53 135 54 
109 54 346 53 
110 53 346 134 
111 53 345 135 
112 54 321 55 
113 55 349 54 
114 135 321 54 
115 202 346 54 
116 54 349 202 
117 321 355 55 
118 57 158 56 
119 158 348 56 
120 58 203 57 
121 57 203 158 
122 59 131 58 
123 131 203 58 
124 60 284 59 
125 59 284 131 
126 61 299 60 
127 60 299 284 
128 62 149 61 
129 149 299 61 
130 63 309 62 
131 62 309 149 
132 64 121 63 
133 121 309 63 
134 65 311 64 
135 64 311 121 
136 66 137 65 
137 137 311 65 
138 67 313 66 
139 66 313 137 
140 68 328 67 
141 67 328 313 
142 69 119 68 
143 119 328 68 
144 70 291 69 
145 69 291 119 
146 71 123 70 
147 123 291 70 
148 72 264 71 
149 71 264 123 
150 73 281 72 
151 72 281 264 
152 74 128 73 
153 128 281 73 
154 75 297 74 
155 74 297 128 
156 76 278 75 
157 278 297 75 
158 77 129 76 
159 129 278 76 
160 78 289 77 
161 77 289 129 
162 79 270 78 
163 270 289 78 
164 80 153 79 
165 153 270 79 
166 81 277 80 
167 80 277 153 
168 82 152 81 
169 152 277 81 
170 83 271 82 
171 82 271 152 
172 84 127 83 
173 127 271 83 
174 85 268 84 
175 84 268 127 
176 86 145 85 
177 145 268 85 
178 87 334 86 
179 86 334 145 
180 88 139 87 
181 139 334 87 
182 89 339 88 
183 88 339 139 
184 90 136 89 
185 136 339 89 
186 91 343 90 
187 90 343 136 
188 92 138 91 
189 138 343 91 
190 93 353 92 
191 92 353 138 
192 94 122 93 
193 122 353 93 
194 95 363 94 
195 94 363 122 
196 96 193 95 
197 193 363 95 
198 97 125 96 
199 125 193 96 
200 98 298 97 
201 97 298 125 
202 99 156 98 
203 156 298 98 
204 100 169 99 
205 99 169 156 
206 101 160 100 
207 160 169 100 
208 101 356 160 
209 224 226 117 
210 117 290 224 
211 226 329 117 
212 118 344 318 
213 319 350 118 
214 118 350 344 
215 291 292 119 
216 292 335 119 
217 119 335 328 
218 317 357 120 
219 120 354 319 
220 120 357 354 
221 275 309 121 
222 121 310 275 
223 121 311 310 
224 200 353 122 
225 122 358 200 
226 308 358 122 
227 122 363 308 
228 123 236 235 
229 235 291 123 
230 123 264 236 
231 307 364 124 
232 124 362 317 
233 124 364 362 
234 171 173 125 
235 125 298 171 
236 173 193 125 
237 213 214 126 
238 126 296 213 
239 214 283 126 
240 127 263 261 
241 261 271 127 
242 127 268 263 
243 128 242 240 
244 240 281 128 
245 128 297 242 
246 129 248 246 
247 246 278 129 
248 129 289 248 
249 130 325 293 
250 293 327 130 
251 130 327 304 
252 131 204 203 
253 131 205 204 
254 131 284 205 
255 132 162 161 
256 132 163 162 
257 132 300 163 
258 302 320 133 
259 320 323 133 
260 323 325 133 
261 134 346 295 
262 295 361 134 
263 134 361 322 
264 135 345 294 
265 294 360 135 
266 135 360 321 
267 192 339 136 
268 136 341 192 
269 194 341 136 
270 136 343 194 
271 267 311 137 
272 137 312 267 
273 137 313 312 
274 194 343 138 
275 138 347 194 
276 200 347 138 
277 138 353 200 
278 192 337 139 
279 139 339 192 
280 139 337 334 
281 231 233 140 
282 140 265 231 
283 233 274 140 
284 141 340 316 
285 318 342 141 
286 141 342 340 
287 220 222 142 
288 142 288 220 
289 222 290 142 
290 143 336 306 
291 316 338 143 
292 143 338 336 
293 216 218 144 
294 144 283 216 
295 218 288 144 
296 199 330 145 
297 145 334 199 
298 145 330 268 
299 146 273 272 
300 272 279 146 
301 146 274 273 
302 147 279 266 
303 266 282 147 
304 282 285 147 
305 148 285 269 
306 269 303 148 
307 148 303 301 
308 149 315 299 
309 309 314 149 
310 314 315 149 
311 305 324 150 
312 150 351 307 
313 324 351 150 
314 304 331 151 
315 151 332 305 
316 331 332 151 
317 152 259 257 
318 257 277 152 
319 152 271 259 
320 153 255 253 
321 253 270 153 
322 153 277 255 
323 154 326 300 
324 306 333 154 
325 154 333 326 
326 155 276 211 
327 211 280 155 
328 280 296 155 
329 156 169 167 
330 167 170 156 
331 170 298 156 
332 161 201 157 
333 201 202 157 
334 202 349 157 
335 203 286 158 
336 286 287 158 
337 287 348 158 
338 212 276 159 
339 159 360 212 
340 159 355 321 
341 321 360 159 
342 168 169 160 
343 160 361 168 
344 160 356 322 
345 322 361 160 
346 162 201 161 
347 163 164 162 
348 164 166 162 
349 166 201 162 
350 163 165 164 
351 163 326 165 
352 300 326 163 
353 165 170 164 
354 164 167 166 
355 164 170 167 
356 165 171 170 
357 165 172 171 
358 165 326 172 
359 167 168 166 
360 168 295 166 
361 166 295 201 
362 167 169 168 
363 168 361 295 
364 171 298 170 
365 172 173 171 
366 172 174 173 
367 172 333 174 
368 326 333 172 
369 174 175 173 
370 175 193 173 
371 174 176 175 
372 174 336 176 
373 333 336 174 
374 176 177 175 
375 177 308 175 
376 175 308 193 
377 176 178 177 
378 176 338 178 
379 336 338 176 
380 178 179 177 
381 179 358 177 
382 177 358 308 
383 178 180 179 
384 178 340 180 
385 338 340 178 
386 180 181 179 
387 181 200 179 
388 200 358 179 
389 180 182 181 
390 180 342 182 
391 340 342 180 
392 182 183 181 
393 183 347 181 
394 181 347 200 
395 182 184 183 
396 182 344 184 
397 342 344 182 
398 184 185 183 
399 185 194 183 
400 194 347 183 
401 184 186 185 
402 184 350 186 
403 344 350 184 
404 186 187 185 
405 187 341 185 
406 185 341 194 
407 186 188 187 
408 186 354 188 
409 350 354 186 
410 188 189 187 
411 189 192 187 
412 192 341 187 
413 188 190 189 
414 188 357 190 
415 354 357 188 
416 190 191 189 
417 191 337 189 
418 189 337 192 
419 190 195 191 
420 190 362 195 
421 357 362 190 
422 195 196 191 
423 196 199 191 
424 199 337 191 
425 308 363 193 
426 195 197 196 
427 195 364 197 
428 362 364 195 
429 197 198 196 
430 198 330 196 
431 196 330 199 
432 197 351 198 
433 307 351 197 
434 197 364 307 
435 198 352 263 
436 263 359 198 
437 198 359 330 
438 351 352 198 
439 334 337 199 
440 201 295 202 
441 295 346 202 
442 204 286 203 
443 205 206 204 
444 206 208 204 
445 208 286 204 
446 205 207 206 
447 205 209 207 
448 205 284 209 
449 207 280 206 
450 206 211 208 
451 206 280 211 
452 209 210 207 
453 210 213 207 
454 213 280 207 
455 211 212 208 
456 212 294 208 
457 208 294 286 
458 209 315 210 
459 284 299 209 
460 299 315 209 
461 210 214 213 
462 210 215 214 
463 210 315 215 
464 211 276 212 
465 212 360 294 
466 213 296 280 
467 215 216 214 
468 216 283 214 
469 215 217 216 
470 215 314 217 
471 215 315 314 
472 217 218 216 
473 217 219 218 
474 217 275 219 
475 217 314 275 
476 219 220 218 
477 220 288 218 
478 219 221 220 
479 219 310 221 
480 275 310 219 
481 221 222 220 
482 221 223 222 
483 221 267 223 
484 221 310 267 
485 223 224 222 
486 224 290 222 
487 223 225 224 
488 223 312 225 
489 267 312 223 
490 225 226 224 
491 225 227 226 
492 225 228 227 
493 225 312 228 
494 227 229 226 
495 229 329 226 
496 228 335 227 
497 227 230 229 
498 227 335 230 
499 312 313 228 
500 313 328 228 
501 328 335 228 
502 230 231 229 
503 231 265 229 
504 265 329 229 
505 230 232 231 
506 230 292 232 
507 230 335 292 
508 232 233 231 
509 232 234 233 
510 232 235 234 
511 232 292 235 
512 234 273 233 
513 273 274 233 
514 235 236 234 
515 236 237 234 
516 237 273 234 
517 235 292 291 
518 236 238 237 
519 236 264 238 
520 238 239 237 
521 239 272 237 
522 272 273 237 
523 238 240 239 
524 238 281 240 
525 264 281 238 
526 240 241 239 
527 241 266 239 
528 266 272 239 
529 240 242 241 
530 242 243 241 
531 243 282 241 
532 241 282 266 
533 242 244 243 
534 242 297 244 
535 244 245 243 
536 245 269 243 
537 269 282 243 
538 244 246 245 
539 244 278 246 
540 244 297 278 
541 246 247 245 
542 247 303 245 
543 245 303 269 
544 246 248 247 
545 248 249 247 
546 249 252 247 
547 252 303 247 
548 248 250 249 
549 248 289 250 
550 250 251 249 
551 251 320 249 
552 249 320 252 
553 250 253 251 
554 250 270 253 
555 250 289 270 
556 253 254 251 
557 254 323 251 
558 251 323 320 
559 252 302 301 
560 301 303 252 
561 252 320 302 
562 253 255 254 
563 255 256 254 
564 256 293 254 
565 293 323 254 
566 255 257 256 
567 255 277 257 
568 257 258 256 
569 258 327 256 
570 256 327 293 
571 257 259 258 
572 259 260 258 
573 260 331 258 
574 258 331 327 
575 259 261 260 
576 259 271 261 
577 261 262 260 
578 262 332 260 
579 260 332 331 
580 261 263 262 
581 263 352 262 
582 324 332 262 
583 262 352 324 
584 268 359 263 
585 266 279 272 
586 310 311 267 
587 330 359 268 
588 269 285 282 
589 275 314 309 
590 286 294 287 
591 294 345 287 
592 293 325 323 
593 327 331 304 
594 305 332 324 
595 306 336 333 
596 316 340 338 
597 317 362 357 
598 318 344 342 
599 319 354 350 
600 324 352 351 
2 2 2 423
601 5 383 1 
602 1 366 50 
603 1 383 366 
604 6 537 5 
605 5 537 383 
606 7 373 6 
607 373 537 6 
608 8 520 7 
609 7 520 373 
610 9 378 8 
611 378 520 8 
612 10 521 9 
613 9 521 378 
614 11 367 10 
615 367 521 10 
616 12 466 11 
617 11 466 367 
618 13 533 12 
619 12 533 466 
620 14 377 13 
621 377 533 13 
622 15 534 14 
623 14 534 377 
624 16 523 15 
625 523 534 15 
626 17 371 16 
627 371 523 16 
628 18 546 17 
629 17 546 371 
630 19 527 18 
631 527 546 18 
632 20 380 19 
633 380 527 19 
634 21 524 20 
635 20 524 380 
636 22 369 21 
637 369 524 21 
638 23 519 22 
639 22 519 369 
640 24 518 23 
641 518 519 23 
642 25 375 24 
643 375 518 24 
644 26 541 25 
645 25 541 375 
646 27 539 26 
647 539 541 26 
648 28 365 27 
649 365 539 27 
650 29 547 28 
651 28 547 365 
652 30 532 29 
653 532 547 29 
654 31 374 30 
655 374 532 30 
656 32 549 31 
657 31 549 374 
658 33 379 32 
659 379 549 32 
660 34 522 33 
661 33 522 379 
662 35 368 34 
663 368 522 34 
664 36 526 35 
665 35 526 368 
666 37 382 36 
667 382 526 36 
668 38 529 37 
669 37 529 382 
670 39 531 38 
671 38 531 529 
672 40 372 39 
673 372 531 39 
674 41 543 40 
675 40 543 372 
676 42 528 41 
677 528 543 41 
678 43 381 42 
679 381 528 42 
680 44 551 43 
681 43 551 381 
682 45 370 44 
683 370 551 44 
684 46 530 45 
685 45 530 370 
686 47 510 46 
687 510 530 46 
688 48 376 47 
689 376 510 47 
690 49 525 48 
691 48 525 376 
692 50 513 49 
693 513 525 49 
694 366 513 50 
695 455 539 365 
696 365 540 455 
697 500 540 365 
698 365 547 500 
699 383 384 366 
700 384 385 366 
701 385 513 366 
702 367 465 464 
703 464 521 367 
704 367 466 465 
705 485 522 368 
706 368 552 485 
707 526 552 368 
708 469 524 369 
709 369 550 469 
710 519 550 369 
711 370 493 454 
712 454 515 370 
713 370 530 493 
714 515 551 370 
715 479 480 371 
716 371 509 479 
717 480 523 371 
718 371 546 509 
719 475 476 372 
720 372 477 475 
721 476 531 372 
722 372 543 477 
723 373 458 453 
724 453 537 373 
725 373 460 458 
726 373 520 460 
727 498 532 374 
728 374 536 498 
729 517 536 374 
730 374 549 517 
731 375 541 514 
732 514 553 375 
733 375 553 518 
734 376 525 452 
735 452 542 376 
736 376 542 510 
737 377 534 481 
738 481 548 377 
739 377 548 533 
740 378 521 464 
741 464 544 378 
742 378 544 520 
743 516 517 379 
744 379 522 516 
745 517 549 379 
746 524 545 380 
747 380 538 527 
748 380 545 538 
749 515 535 381 
750 381 551 515 
751 381 535 528 
752 478 486 382 
753 382 529 478 
754 486 552 382 
755 382 552 526 
756 383 453 384 
757 383 537 453 
758 384 386 385 
759 384 456 386 
760 453 456 384 
761 386 387 385 
762 387 452 385 
763 452 513 385 
764 386 388 387 
765 386 389 388 
766 386 456 389 
767 388 507 387 
768 387 472 452 
769 387 507 472 
770 389 390 388 
771 390 391 388 
772 391 507 388 
773 389 473 390 
774 456 457 389 
775 457 473 389 
776 390 392 391 
777 390 393 392 
778 390 473 393 
779 392 490 391 
780 490 506 391 
781 506 507 391 
782 393 394 392 
783 394 396 392 
784 396 490 392 
785 393 395 394 
786 393 403 395 
787 393 473 403 
788 395 397 394 
789 394 491 396 
790 397 491 394 
791 395 398 397 
792 395 508 398 
793 403 508 395 
794 396 505 490 
795 491 494 396 
796 494 505 396 
797 398 399 397 
798 399 402 397 
799 402 491 397 
800 398 400 399 
801 398 401 400 
802 398 508 401 
803 400 488 399 
804 399 404 402 
805 399 488 404 
806 401 406 400 
807 406 408 400 
808 408 488 400 
809 401 407 406 
810 401 471 407 
811 401 508 471 
812 404 405 402 
813 405 487 402 
814 487 491 402 
815 473 474 403 
816 474 512 403 
817 403 512 508 
818 404 410 405 
819 404 433 410 
820 404 488 433 
821 410 411 405 
822 411 412 405 
823 412 487 405 
824 407 409 406 
825 406 501 408 
826 409 501 406 
827 407 415 409 
828 407 416 415 
829 407 471 416 
830 482 488 408 
831 408 503 482 
832 501 503 408 
833 415 428 409 
834 428 429 409 
835 429 501 409 
836 410 496 411 
837 433 434 410 
838 434 496 410 
839 411 413 412 
840 411 417 413 
841 411 496 417 
842 413 414 412 
843 414 495 412 
844 412 495 487 
845 413 418 414 
846 417 497 413 
847 413 497 418 
848 418 419 414 
849 419 420 414 
850 420 495 414 
851 416 511 415 
852 415 431 428 
853 415 511 431 
854 416 470 468 
855 468 511 416 
856 416 471 470 
857 496 499 417 
858 417 498 497 
859 417 499 498 
860 418 483 419 
861 418 484 483 
862 418 497 484 
863 419 421 420 
864 419 439 421 
865 419 483 439 
866 421 422 420 
867 422 443 420 
868 443 495 420 
869 421 423 422 
870 421 489 423 
871 439 489 421 
872 423 424 422 
873 424 502 422 
874 422 502 443 
875 423 425 424 
876 423 432 425 
877 423 489 432 
878 425 426 424 
879 426 427 424 
880 427 502 424 
881 425 441 426 
882 432 475 425 
883 425 475 441 
884 426 430 427 
885 426 492 430 
886 441 492 426 
887 430 436 427 
888 436 444 427 
889 444 502 427 
890 428 440 429 
891 431 479 428 
892 428 479 440 
893 440 447 429 
894 447 448 429 
895 448 501 429 
896 430 437 436 
897 430 454 437 
898 430 492 454 
899 431 480 479 
900 431 481 480 
901 431 511 481 
902 432 476 475 
903 432 478 476 
904 432 489 478 
905 433 435 434 
906 433 482 435 
907 433 488 482 
908 435 438 434 
909 438 445 434 
910 445 496 434 
911 435 449 438 
912 435 450 449 
913 435 482 450 
914 437 442 436 
915 442 506 436 
916 436 506 444 
917 437 446 442 
918 437 493 446 
919 454 493 437 
920 438 455 445 
921 449 514 438 
922 438 514 455 
923 483 485 439 
924 485 486 439 
925 486 489 439 
926 440 538 447 
927 479 509 440 
928 509 538 440 
929 475 477 441 
930 477 535 441 
931 441 535 492 
932 446 472 442 
933 472 507 442 
934 442 507 506 
935 494 495 443 
936 443 505 494 
937 502 505 443 
938 490 505 444 
939 444 506 490 
940 444 505 502 
941 455 540 445 
942 445 499 496 
943 445 540 499 
944 446 542 472 
945 493 510 446 
946 510 542 446 
947 447 469 448 
948 447 545 469 
949 538 545 447 
950 469 504 448 
951 448 503 501 
952 448 504 503 
953 450 451 449 
954 451 553 449 
955 449 553 514 
956 450 504 451 
957 482 503 450 
958 503 504 450 
959 504 550 451 
960 451 519 518 
961 518 553 451 
962 451 550 519 
963 472 542 452 
964 452 525 513 
965 453 458 456 
966 492 515 454 
967 514 541 455 
968 455 541 539 
969 456 458 457 
970 458 459 457 
971 459 474 457 
972 457 474 473 
973 458 460 459 
974 460 461 459 
975 461 462 459 
976 462 474 459 
977 460 544 461 
978 520 544 460 
979 461 463 462 
980 461 464 463 
981 461 544 464 
982 463 470 462 
983 470 512 462 
984 462 512 474 
985 464 465 463 
986 465 468 463 
987 468 470 463 
988 466 467 465 
989 467 468 465 
990 466 548 467 
991 533 548 466 
992 467 511 468 
993 481 511 467 
994 467 548 481 
995 469 550 504 
996 469 545 524 
997 471 512 470 
998 508 512 471 
999 478 529 476 
1000 529 531 476 
1001 528 535 477 
1002 477 543 528 
1003 478 489 486 
1004 481 534 480 
1005 480 534 523 
1006 484 516 483 
1007 483 516 485 
1008 497 536 484 
1009 484 517 516 
1010 484 536 517 
1011 485 552 486 
1012 516 522 485 
1013 487 494 491 
1014 487 495 494 
1015 492 535 515 
1016 493 530 510 
1017 498 536 497 
1018 499 500 498 
1019 500 532 498 
1020 499 540 500 
1021 500 547 532 
1022 527 538 509 
1023 509 546 527 
2 3 2 423
1024 56 2 572 
1025 2 101 555 
1026 2 555 572 
1027 57 56 726 
1028 56 572 726 
1029 58 57 562 
1030 562 57 726 
1031 59 58 709 
1032 58 562 709 
1033 60 59 567 
1034 567 59 709 
1035 61 60 710 
1036 60 567 710 
1037 62 61 556 
1038 556 61 710 
1039 63 62 655 
1040 62 556 655 
1041 64 63 722 
1042 63 655 722 
1043 65 64 566 
1044 566 64 722 
1045 66 65 723 
1046 65 566 723 
1047 67 66 712 
1048 712 66 723 
1049 68 67 560 
1050 560 67 712 
1051 69 68 735 
1052 68 560 735 
1053 70 69 716 
1054 716 69 735 
1055 71 70 569 
1056 569 70 716 
1057 72 71 713 
1058 71 569 713 
1059 73 72 558 
1060 558 72 713 
1061 74 73 708 
1062 73 558 708 
1063 75 74 707 
1064 707 74 708 
1065 76 75 564 
1066 564 75 707 
1067 77 76 730 
1068 76 564 730 
1069 78 77 728 
1070 728 77 730 
1071 79 78 554 
1072 554 78 728 
1073 80 79 736 
1074 79 554 736 
1075 81 80 721 
1076 721 80 736 
1077 82 81 563 
1078 563 81 721 
1079 83 82 738 
1080 82 563 738 
1081 84 83 568 
1082 568 83 738 
1083 85 84 711 
1084 84 568 711 
1085 86 85 557 
1086 557 85 711 
1087 87 86 715 
1088 86 557 715 
1089 88 87 571 
1090 571 87 715 
1091 89 88 718 
1092 88 571 718 
1093 90 89 720 
1094 89 718 720 
1095 91 90 561 
1096 561 90 720 
1097 92 91 732 
1098 91 561 732 
1099 93 92 717 
1100 717 92 732 
1101 94 93 570 
1102 570 93 717 
1103 95 94 740 
1104 94 570 740 
1105 96 95 559 
1106 559 95 740 
1107 97 96 719 
1108 96 559 719 
1109 98 97 699 
1110 699 97 719 
1111 99 98 565 
1112 565 98 699 
1113 100 99 714 
1114 99 565 714 
1115 101 100 702 
1116 702 100 714 
1117 555 101 702 
1118 644 554 728 
1119 554 644 729 
1120 689 554 729 
1121 554 689 736 
1122 572 555 573 
1123 573 555 574 
1124 574 555 702 
1125 556 653 654 
1126 653 556 710 
1127 556 654 655 
1128 674 557 711 
1129 557 674 741 
1130 715 557 741 
1131 658 558 713 
1132 558 658 739 
1133 708 558 739 
1134 559 643 682 
1135 643 559 704 
1136 559 682 719 
1137 704 559 740 
1138 668 560 669 
1139 560 668 698 
1140 669 560 712 
1141 560 698 735 
1142 664 561 665 
1143 561 664 666 
1144 665 561 720 
1145 561 666 732 
1146 562 642 647 
1147 642 562 726 
1148 562 647 649 
1149 562 649 709 
1150 687 563 721 
1151 563 687 725 
1152 706 563 725 
1153 563 706 738 
1154 564 703 730 
1155 703 564 742 
1156 564 707 742 
1157 565 641 714 
1158 641 565 731 
1159 565 699 731 
1160 566 670 723 
1161 670 566 737 
1162 566 722 737 
1163 567 653 710 
1164 653 567 733 
1165 567 709 733 
1166 705 568 706 
1167 568 705 711 
1168 706 568 738 
1169 713 569 734 
1170 569 716 727 
1171 569 727 734 
1172 704 570 724 
1173 570 704 740 
1174 570 717 724 
1175 667 571 675 
1176 571 667 718 
1177 675 571 741 
1178 571 715 741 
1179 572 573 642 
1180 572 642 726 
1181 573 574 575 
1182 573 575 645 
1183 642 573 645 
1184 575 574 576 
1185 576 574 641 
1186 641 574 702 
1187 575 576 577 
1188 575 577 578 
1189 575 578 645 
1190 577 576 696 
1191 576 641 661 
1192 576 661 696 
1193 578 577 579 
1194 579 577 580 
1195 580 577 696 
1196 578 579 662 
1197 645 578 646 
1198 646 578 662 
1199 579 580 581 
1200 579 581 582 
1201 579 582 662 
1202 581 580 679 
1203 679 580 695 
1204 695 580 696 
1205 582 581 583 
1206 583 581 585 
1207 585 581 679 
1208 582 583 584 
1209 582 584 592 
1210 582 592 662 
1211 584 583 586 
1212 583 585 680 
1213 586 583 680 
1214 584 586 587 
1215 584 587 697 
1216 592 584 697 
1217 585 679 694 
1218 680 585 683 
1219 683 585 694 
1220 587 586 588 
1221 588 586 591 
1222 591 586 680 
1223 587 588 589 
1224 587 589 590 
1225 587 590 697 
1226 589 588 677 
1227 588 591 593 
1228 588 593 677 
1229 590 589 595 
1230 595 589 597 
1231 597 589 677 
1232 590 595 596 
1233 590 596 660 
1234 590 660 697 
1235 593 591 594 
1236 594 591 676 
1237 676 591 680 
1238 662 592 663 
1239 663 592 701 
1240 592 697 701 
1241 593 594 599 
1242 593 599 622 
1243 593 622 677 
1244 599 594 600 
1245 600 594 601 
1246 601 594 676 
1247 596 595 598 
1248 595 597 690 
1249 598 595 690 
1250 596 598 604 
1251 596 604 605 
1252 596 605 660 
1253 671 597 677 
1254 597 671 692 
1255 690 597 692 
1256 604 598 617 
1257 617 598 618 
1258 618 598 690 
1259 599 600 685 
1260 622 599 623 
1261 623 599 685 
1262 600 601 602 
1263 600 602 606 
1264 600 606 685 
1265 602 601 603 
1266 603 601 684 
1267 601 676 684 
1268 602 603 607 
1269 606 602 686 
1270 602 607 686 
1271 607 603 608 
1272 608 603 609 
1273 609 603 684 
1274 605 604 700 
1275 604 617 620 
1276 604 620 700 
1277 605 657 659 
1278 657 605 700 
1279 605 659 660 
1280 685 606 688 
1281 606 686 687 
1282 606 687 688 
1283 607 608 672 
1284 607 672 673 
1285 607 673 686 
1286 608 609 610 
1287 608 610 628 
1288 608 628 672 
1289 610 609 611 
1290 611 609 632 
1291 632 609 684 
1292 610 611 612 
1293 610 612 678 
1294 628 610 678 
1295 612 611 613 
1296 613 611 691 
1297 611 632 691 
1298 612 613 614 
1299 612 614 621 
1300 612 621 678 
1301 614 613 615 
1302 615 613 616 
1303 616 613 691 
1304 614 615 630 
1305 621 614 664 
1306 614 630 664 
1307 615 616 619 
1308 615 619 681 
1309 630 615 681 
1310 619 616 625 
1311 625 616 633 
1312 633 616 691 
1313 617 618 629 
1314 620 617 668 
1315 617 629 668 
1316 629 618 636 
1317 636 618 637 
1318 637 618 690 
1319 619 625 626 
1320 619 626 643 
1321 619 643 681 
1322 620 668 669 
1323 620 669 670 
1324 620 670 700 
1325 621 664 665 
1326 621 665 667 
1327 621 667 678 
1328 622 623 624 
1329 622 624 671 
1330 622 671 677 
1331 624 623 627 
1332 627 623 634 
1333 634 623 685 
1334 624 627 638 
1335 624 638 639 
1336 624 639 671 
1337 626 625 631 
1338 631 625 695 
1339 625 633 695 
1340 626 631 635 
1341 626 635 682 
1342 643 626 682 
1343 627 634 644 
1344 638 627 703 
1345 627 644 703 
1346 672 628 674 
1347 674 628 675 
1348 675 628 678 
1349 629 636 727 
1350 668 629 698 
1351 698 629 727 
1352 664 630 666 
1353 666 630 724 
1354 630 681 724 
1355 635 631 661 
1356 661 631 696 
1357 631 695 696 
1358 683 632 684 
1359 632 683 694 
1360 691 632 694 
1361 679 633 694 
1362 633 679 695 
1363 633 691 694 
1364 644 634 729 
1365 634 685 688 
1366 634 688 729 
1367 635 661 731 
1368 682 635 699 
1369 699 635 731 
1370 636 637 658 
1371 636 658 734 
1372 727 636 734 
1373 658 637 693 
1374 637 690 692 
1375 637 692 693 
1376 639 638 640 
1377 640 638 742 
1378 638 703 742 
1379 639 640 693 
1380 671 639 692 
1381 692 639 693 
1382 693 640 739 
1383 640 707 708 
1384 707 640 742 
1385 640 708 739 
1386 661 641 731 
1387 641 702 714 
1388 642 645 647 
1389 681 643 704 
1390 703 644 730 
1391 644 728 730 
1392 645 646 647 
1393 647 646 648 
1394 648 646 663 
1395 646 662 663 
1396 647 648 649 
1397 649 648 650 
1398 650 648 651 
1399 651 648 663 
1400 649 650 733 
1401 709 649 733 
1402 650 651 652 
1403 650 652 653 
1404 650 653 733 
1405 652 651 659 
1406 659 651 701 
1407 651 663 701 
1408 653 652 654 
1409 654 652 657 
1410 657 652 659 
1411 655 654 656 
1412 656 654 657 
1413 655 656 737 
1414 722 655 737 
1415 656 657 700 
1416 670 656 700 
1417 656 670 737 
1418 658 693 739 
1419 658 713 734 
1420 660 659 701 
1421 697 660 701 
1422 667 665 718 
1423 718 665 720 
1424 717 666 724 
1425 666 717 732 
1426 667 675 678 
1427 670 669 723 
1428 669 712 723 
1429 673 672 705 
1430 672 674 705 
1431 686 673 725 
1432 673 705 706 
1433 673 706 725 
1434 674 675 741 
1435 705 674 711 
1436 676 680 683 
1437 676 683 684 
1438 681 704 724 
1439 682 699 719 
1440 687 686 725 
1441 688 687 689 
1442 689 687 721 
1443 688 689 729 
1444 689 721 736 
1445 716 698 727 
1446 698 716 735 
2 4 2 798
1447 116 747 3 
1448 3 991 116 
1449 747 1046 3 
1450 3 1126 991 
1451 3 1046 993 
1452 993 1126 3 
1453 102 760 4 
1454 4 1115 102 
1455 760 982 4 
1456 982 1096 4 
1457 1096 1115 4 
1458 102 743 103 
1459 103 965 102 
1460 102 1115 743 
1461 102 965 760 
1462 103 750 104 
1463 104 990 103 
1464 743 750 103 
1465 103 990 965 
1466 104 748 105 
1467 105 759 104 
1468 104 750 748 
1469 759 990 104 
1470 105 753 106 
1471 106 1003 105 
1472 748 753 105 
1473 105 1003 759 
1474 106 744 107 
1475 107 763 106 
1476 106 753 744 
1477 763 1003 106 
1478 107 752 108 
1479 108 1068 107 
1480 744 752 107 
1481 107 1068 763 
1482 108 749 109 
1483 109 757 108 
1484 108 752 749 
1485 757 1068 108 
1486 110 996 109 
1487 109 1006 110 
1488 749 1006 109 
1489 109 996 757 
1490 110 746 111 
1491 111 762 110 
1492 110 1006 746 
1493 762 996 110 
1494 111 995 112 
1495 112 1002 111 
1496 746 995 111 
1497 111 1002 762 
1498 112 751 113 
1499 113 758 112 
1500 112 995 751 
1501 758 1002 112 
1502 113 745 114 
1503 114 979 113 
1504 113 751 745 
1505 113 979 758 
1506 114 989 115 
1507 115 1005 114 
1508 745 989 114 
1509 114 1005 979 
1510 116 761 115 
1511 115 1109 116 
1512 761 1005 115 
1513 989 1109 115 
1514 116 1109 747 
1515 116 991 761 
1516 743 940 750 
1517 743 1091 940 
1518 1069 1091 743 
1519 743 1115 1069 
1520 744 1061 752 
1521 753 764 744 
1522 764 1061 744 
1523 751 756 745 
1524 756 765 745 
1525 765 989 745 
1526 746 1114 995 
1527 1006 1079 746 
1528 1079 1114 746 
1529 747 986 981 
1530 981 1046 747 
1531 747 1109 986 
1532 750 754 748 
1533 748 1073 753 
1534 754 1073 748 
1535 752 755 749 
1536 755 908 749 
1537 908 1006 749 
1538 750 940 754 
1539 751 985 756 
1540 751 995 985 
1541 752 1061 755 
1542 753 1073 764 
1543 940 968 754 
1544 968 976 754 
1545 976 1073 754 
1546 755 909 908 
1547 755 910 909 
1548 755 1061 910 
1549 756 766 765 
1550 756 767 766 
1551 756 985 767 
1552 996 1000 757 
1553 1000 1001 757 
1554 1001 1068 757 
1555 979 1034 758 
1556 758 1062 1002 
1557 1034 1062 758 
1558 759 1101 990 
1559 1003 1101 759 
1560 965 966 760 
1561 966 978 760 
1562 978 982 760 
1563 991 992 761 
1564 992 1060 761 
1565 761 1060 1005 
1566 762 997 996 
1567 762 998 997 
1568 762 1002 998 
1569 763 1085 1003 
1570 1068 1113 763 
1571 763 1113 1085 
1572 764 1072 1061 
1573 764 1105 1072 
1574 1073 1105 764 
1575 766 988 765 
1576 765 988 987 
1577 987 989 765 
1578 767 768 766 
1579 768 769 766 
1580 769 988 766 
1581 767 770 768 
1582 767 1097 770 
1583 985 1097 767 
1584 768 1065 769 
1585 770 771 768 
1586 771 1065 768 
1587 769 1065 977 
1588 977 1092 769 
1589 769 1092 988 
1590 770 772 771 
1591 770 879 772 
1592 770 1097 879 
1593 772 773 771 
1594 773 1057 771 
1595 1057 1065 771 
1596 772 774 773 
1597 772 1121 774 
1598 879 1121 772 
1599 774 775 773 
1600 775 776 773 
1601 776 1057 773 
1602 774 1058 775 
1603 774 1082 1058 
1604 774 1121 1082 
1605 775 777 776 
1606 775 819 777 
1607 775 1058 819 
1608 777 778 776 
1609 778 874 776 
1610 874 1057 776 
1611 777 779 778 
1612 777 1124 779 
1613 819 1124 777 
1614 779 780 778 
1615 780 1094 778 
1616 778 1094 874 
1617 779 781 780 
1618 779 1074 781 
1619 779 1124 1074 
1620 781 782 780 
1621 782 796 780 
1622 796 1094 780 
1623 781 783 782 
1624 781 793 783 
1625 781 1074 793 
1626 783 784 782 
1627 784 1029 782 
1628 782 1029 796 
1629 783 785 784 
1630 783 1024 785 
1631 793 1024 783 
1632 785 786 784 
1633 786 1052 784 
1634 784 1052 1029 
1635 785 787 786 
1636 785 1022 787 
1637 785 1024 1022 
1638 787 788 786 
1639 788 790 786 
1640 790 1052 786 
1641 787 789 788 
1642 787 791 789 
1643 787 1022 791 
1644 789 1033 788 
1645 788 800 790 
1646 788 1033 800 
1647 791 792 789 
1648 792 920 789 
1649 920 1033 789 
1650 800 802 790 
1651 802 873 790 
1652 873 1052 790 
1653 791 794 792 
1654 791 921 794 
1655 791 1022 921 
1656 794 795 792 
1657 795 1036 792 
1658 792 1036 920 
1659 793 1118 1024 
1660 1074 1093 793 
1661 1093 1118 793 
1662 794 797 795 
1663 794 1053 797 
1664 921 1053 794 
1665 797 798 795 
1666 798 799 795 
1667 799 1036 795 
1668 1014 1094 796 
1669 796 1103 1014 
1670 1029 1103 796 
1671 797 843 798 
1672 797 844 843 
1673 797 1053 844 
1674 798 801 799 
1675 798 1030 801 
1676 843 1030 798 
1677 801 806 799 
1678 806 876 799 
1679 876 1036 799 
1680 800 803 802 
1681 800 854 803 
1682 800 1033 854 
1683 801 807 806 
1684 801 1032 807 
1685 1030 1032 801 
1686 803 804 802 
1687 804 1020 802 
1688 802 1020 873 
1689 803 805 804 
1690 803 1050 805 
1691 854 1050 803 
1692 805 808 804 
1693 808 818 804 
1694 818 1020 804 
1695 805 809 808 
1696 805 855 809 
1697 805 1050 855 
1698 807 810 806 
1699 810 1015 806 
1700 806 1015 876 
1701 807 811 810 
1702 807 849 811 
1703 807 1032 849 
1704 809 814 808 
1705 814 1051 808 
1706 808 1051 818 
1707 809 815 814 
1708 809 1007 815 
1709 855 1007 809 
1710 811 812 810 
1711 812 850 810 
1712 850 1015 810 
1713 811 813 812 
1714 811 980 813 
1715 849 980 811 
1716 813 823 812 
1717 823 1043 812 
1718 812 1043 850 
1719 813 824 823 
1720 813 1055 824 
1721 980 1055 813 
1722 815 816 814 
1723 816 852 814 
1724 852 1051 814 
1725 815 817 816 
1726 815 820 817 
1727 815 1007 820 
1728 817 1021 816 
1729 816 856 852 
1730 816 1021 856 
1731 820 821 817 
1732 821 822 817 
1733 822 1021 817 
1734 818 1090 1020 
1735 1051 1075 818 
1736 1075 1090 818 
1737 819 1106 962 
1738 962 1124 819 
1739 819 1058 974 
1740 974 1106 819 
1741 820 1059 821 
1742 820 1007 951 
1743 951 1059 820 
1744 821 827 822 
1745 821 1071 827 
1746 1059 1071 821 
1747 827 842 822 
1748 842 1027 822 
1749 822 1027 1021 
1750 824 825 823 
1751 825 859 823 
1752 859 1043 823 
1753 824 826 825 
1754 824 828 826 
1755 824 1055 828 
1756 826 1025 825 
1757 825 866 859 
1758 825 1025 866 
1759 828 829 826 
1760 829 830 826 
1761 830 1025 826 
1762 827 848 842 
1763 827 884 848 
1764 827 1071 884 
1765 828 1056 829 
1766 828 1055 1039 
1767 1039 1056 828 
1768 829 831 830 
1769 829 832 831 
1770 829 1056 832 
1771 831 1016 830 
1772 1016 1123 830 
1773 830 1123 1025 
1774 832 833 831 
1775 833 834 831 
1776 834 1016 831 
1777 832 1125 833 
1778 1056 1083 832 
1779 1083 1125 832 
1780 833 835 834 
1781 833 838 835 
1782 833 1125 838 
1783 835 836 834 
1784 836 853 834 
1785 853 1016 834 
1786 835 837 836 
1787 835 1081 837 
1788 838 1081 835 
1789 837 839 836 
1790 839 1040 836 
1791 836 1040 853 
1792 837 840 839 
1793 837 1070 840 
1794 837 1081 1070 
1795 963 1047 838 
1796 838 1125 963 
1797 1047 1110 838 
1798 838 1110 1081 
1799 840 841 839 
1800 841 897 839 
1801 897 1040 839 
1802 840 845 841 
1803 840 846 845 
1804 840 1070 846 
1805 845 847 841 
1806 847 1017 841 
1807 841 1017 897 
1808 848 851 842 
1809 851 864 842 
1810 864 1027 842 
1811 844 860 843 
1812 860 872 843 
1813 872 1030 843 
1814 844 861 860 
1815 844 862 861 
1816 844 1053 862 
1817 846 857 845 
1818 845 1026 847 
1819 857 1026 845 
1820 846 858 857 
1821 846 1044 858 
1822 846 1070 1044 
1823 847 1026 960 
1824 960 1102 847 
1825 847 1102 1017 
1826 848 1054 851 
1827 884 886 848 
1828 886 1054 848 
1829 849 1116 980 
1830 1032 1095 849 
1831 849 1095 1041 
1832 1041 1116 849 
1833 850 1104 1015 
1834 1043 1076 850 
1835 1076 1104 850 
1836 851 865 864 
1837 851 867 865 
1838 851 1054 867 
1839 856 878 852 
1840 878 911 852 
1841 911 1051 852 
1842 853 1100 1016 
1843 1040 1086 853 
1844 1086 1100 853 
1845 854 1033 1004 
1846 1004 1122 854 
1847 854 1122 1050 
1848 855 1107 1007 
1849 1050 1120 855 
1850 855 1120 1107 
1851 856 885 878 
1852 856 946 885 
1853 856 1021 946 
1854 858 868 857 
1855 868 869 857 
1856 869 1026 857 
1857 858 870 868 
1858 858 871 870 
1859 858 1044 871 
1860 866 877 859 
1861 877 922 859 
1862 922 1043 859 
1863 861 880 860 
1864 860 1008 872 
1865 880 1008 860 
1866 862 863 861 
1867 863 1018 861 
1868 861 1018 880 
1869 862 887 863 
1870 862 1077 887 
1871 1053 1077 862 
1872 887 888 863 
1873 888 889 863 
1874 889 1018 863 
1875 865 881 864 
1876 881 1088 864 
1877 864 1088 1027 
1878 867 875 865 
1879 875 1042 865 
1880 865 1042 881 
1881 866 1037 877 
1882 1025 1099 866 
1883 866 1099 1037 
1884 867 952 875 
1885 867 1066 952 
1886 1054 1066 867 
1887 868 999 869 
1888 870 898 868 
1889 898 999 868 
1890 999 1089 869 
1891 869 1111 1026 
1892 1089 1111 869 
1893 871 882 870 
1894 882 1067 870 
1895 870 1067 898 
1896 871 883 882 
1897 871 893 883 
1898 871 1044 893 
1899 1008 1080 872 
1900 872 1031 1030 
1901 872 1080 1031 
1902 873 1020 1011 
1903 1011 1084 873 
1904 873 1084 1052 
1905 874 1094 1014 
1906 1014 1098 874 
1907 874 1098 1057 
1908 952 953 875 
1909 953 954 875 
1910 954 1042 875 
1911 876 1015 973 
1912 973 1078 876 
1913 876 1078 1036 
1914 877 923 922 
1915 877 941 923 
1916 877 1037 941 
1917 885 1046 878 
1918 878 912 911 
1919 878 1046 912 
1920 879 983 975 
1921 975 1121 879 
1922 879 984 983 
1923 879 1097 984 
1924 880 1009 1008 
1925 880 1019 1009 
1926 1018 1019 880 
1927 881 994 972 
1928 972 1088 881 
1929 881 1042 994 
1930 883 1063 882 
1931 1063 1064 882 
1932 1064 1067 882 
1933 893 894 883 
1934 894 895 883 
1935 895 1063 883 
1936 884 907 886 
1937 884 1112 907 
1938 1071 1112 884 
1939 946 972 885 
1940 972 993 885 
1941 993 1046 885 
1942 907 947 886 
1943 947 948 886 
1944 948 1054 886 
1945 887 1038 888 
1946 887 1108 1038 
1947 1077 1108 887 
1948 888 890 889 
1949 888 891 890 
1950 888 1038 891 
1951 890 906 889 
1952 906 919 889 
1953 919 1018 889 
1954 891 892 890 
1955 892 1028 890 
1956 890 1028 906 
1957 891 942 892 
1958 891 950 942 
1959 891 1038 950 
1960 942 1087 892 
1961 967 1028 892 
1962 892 1087 967 
1963 893 1048 894 
1964 1044 1045 893 
1965 1045 1048 893 
1966 894 896 895 
1967 894 899 896 
1968 894 1048 899 
1969 896 935 895 
1970 935 936 895 
1971 936 1063 895 
1972 899 900 896 
1973 900 901 896 
1974 901 935 896 
1975 897 1017 952 
1976 952 1066 897 
1977 897 1066 1040 
1978 997 999 898 
1979 898 1000 997 
1980 898 1067 1000 
1981 899 902 900 
1982 899 1047 902 
1983 899 1048 1047 
1984 900 1035 901 
1985 902 903 900 
1986 903 1035 900 
1987 901 964 935 
1988 901 1117 964 
1989 1035 1117 901 
1990 902 904 903 
1991 902 963 904 
1992 902 1047 963 
1993 904 905 903 
1994 905 1049 903 
1995 903 1049 1035 
1996 904 928 905 
1997 904 1083 928 
1998 963 1083 904 
1999 928 929 905 
2000 929 930 905 
2001 930 1049 905 
2002 906 1119 919 
2003 906 1028 968 
2004 968 1119 906 
2005 907 949 947 
2006 907 1099 949 
2007 1037 1099 907 
2008 907 1112 1037 
2009 909 983 908 
2010 983 1079 908 
2011 908 1079 1006 
2012 910 925 909 
2013 925 975 909 
2014 975 983 909 
2015 910 926 925 
2016 910 1072 926 
2017 1061 1072 910 
2018 912 913 911 
2019 913 1075 911 
2020 911 1075 1051 
2021 912 914 913 
2022 912 981 914 
2023 912 1046 981 
2024 914 915 913 
2025 915 1010 913 
2026 1010 1075 913 
2027 914 916 915 
2028 914 986 916 
2029 981 986 914 
2030 916 917 915 
2031 917 918 915 
2032 918 1010 915 
2033 916 943 917 
2034 916 944 943 
2035 916 986 944 
2036 917 1013 918 
2037 943 945 917 
2038 945 1013 917 
2039 918 1011 1010 
2040 918 1012 1011 
2041 918 1013 1012 
2042 919 1019 1018 
2043 919 1091 1019 
2044 919 1119 1091 
2045 1004 1033 920 
2046 920 1078 1004 
2047 1036 1078 920 
2048 1022 1023 921 
2049 1023 1077 921 
2050 921 1077 1053 
2051 923 924 922 
2052 924 1076 922 
2053 922 1076 1043 
2054 923 951 924 
2055 941 1059 923 
2056 923 1059 951 
2057 951 969 924 
2058 969 970 924 
2059 970 1076 924 
2060 926 927 925 
2061 927 1082 925 
2062 925 1082 975 
2063 926 937 927 
2064 926 938 937 
2065 926 1072 938 
2066 937 974 927 
2067 974 1058 927 
2068 1058 1082 927 
2069 928 1039 929 
2070 928 1056 1039 
2071 928 1083 1056 
2072 929 931 930 
2073 929 939 931 
2074 929 1039 939 
2075 931 932 930 
2076 932 978 930 
2077 978 1049 930 
2078 931 933 932 
2079 931 1041 933 
2080 939 1041 931 
2081 933 934 932 
2082 934 982 932 
2083 932 982 978 
2084 933 1080 934 
2085 1031 1080 933 
2086 933 1095 1031 
2087 1041 1095 933 
2088 934 1096 982 
2089 934 1080 1008 
2090 1008 1096 934 
2091 935 1101 936 
2092 964 1101 935 
2093 1003 1085 936 
2094 936 1101 1003 
2095 936 1085 1063 
2096 938 967 937 
2097 967 1087 937 
2098 937 1087 974 
2099 938 976 967 
2100 938 1105 976 
2101 1072 1105 938 
2102 939 1055 980 
2103 980 1116 939 
2104 1039 1055 939 
2105 939 1116 1041 
2106 940 1119 968 
2107 1091 1119 940 
2108 1037 1112 941 
2109 941 1071 1059 
2110 941 1112 1071 
2111 950 962 942 
2112 962 1106 942 
2113 942 1106 1087 
2114 944 1092 943 
2115 943 977 945 
2116 943 1092 977 
2117 986 987 944 
2118 987 988 944 
2119 988 1092 944 
2120 977 1098 945 
2121 945 1014 1013 
2122 945 1098 1014 
2123 946 1088 972 
2124 1021 1027 946 
2125 1027 1088 946 
2126 947 1086 948 
2127 949 1100 947 
2128 947 1100 1086 
2129 948 1066 1054 
2130 948 1086 1066 
2131 949 1099 1025 
2132 1025 1123 949 
2133 949 1123 1100 
2134 950 1074 962 
2135 1038 1093 950 
2136 950 1093 1074 
2137 951 1107 969 
2138 1007 1107 951 
2139 952 1017 953 
2140 953 955 954 
2141 953 1102 955 
2142 1017 1102 953 
2143 955 956 954 
2144 956 959 954 
2145 959 1042 954 
2146 955 957 956 
2147 955 960 957 
2148 955 1102 960 
2149 957 958 956 
2150 958 1060 956 
2151 956 1060 959 
2152 957 1034 958 
2153 960 961 957 
2154 961 1034 957 
2155 979 1005 958 
2156 958 1034 979 
2157 1005 1060 958 
2158 992 1042 959 
2159 959 1060 992 
2160 960 1111 961 
2161 1026 1111 960 
2162 961 1062 1034 
2163 961 1089 1062 
2164 961 1111 1089 
2165 1074 1124 962 
2166 963 1125 1083 
2167 965 990 964 
2168 964 1117 965 
2169 990 1101 964 
2170 965 1117 966 
2171 966 1035 978 
2172 966 1117 1035 
2173 967 976 968 
2174 968 1028 967 
2175 969 971 970 
2176 969 1120 971 
2177 1107 1120 969 
2178 971 973 970 
2179 973 1104 970 
2180 970 1104 1076 
2181 971 1004 973 
2182 971 1122 1004 
2183 1120 1122 971 
2184 972 1126 993 
2185 994 1126 972 
2186 1004 1078 973 
2187 1015 1104 973 
2188 1087 1106 974 
2189 1082 1121 975 
2190 976 1105 1073 
2191 1065 1098 977 
2192 1035 1049 978 
2193 984 1079 983 
2194 984 1097 985 
2195 985 1114 984 
2196 984 1114 1079 
2197 995 1114 985 
2198 986 1109 987 
2199 987 1109 989 
2200 991 994 992 
2201 991 1126 994 
2202 994 1042 992 
2203 997 1000 996 
2204 998 999 997 
2205 998 1089 999 
2206 1002 1062 998 
2207 1062 1089 998 
2208 1000 1067 1001 
2209 1001 1067 1064 
2210 1064 1113 1001 
2211 1001 1113 1068 
2212 1009 1096 1008 
2213 1019 1069 1009 
2214 1069 1096 1009 
2215 1011 1090 1010 
2216 1010 1090 1075 
2217 1012 1084 1011 
2218 1020 1090 1011 
2219 1013 1103 1012 
2220 1029 1084 1012 
2221 1012 1103 1029 
2222 1014 1103 1013 
2223 1100 1123 1016 
2224 1019 1091 1069 
2225 1022 1024 1023 
2226 1024 1118 1023 
2227 1023 1108 1077 
2228 1023 1118 1108 
2229 1052 1084 1029 
2230 1031 1032 1030 
2231 1031 1095 1032 
2232 1038 1108 1093 
2233 1066 1086 1040 
2234 1044 1070 1045 
2235 1045 1110 1048 
2236 1070 1081 1045 
2237 1081 1110 1045 
2238 1048 1110 1047 
2239 1050 1122 1120 
2240 1057 1098 1065 
2241 1063 1085 1064 
2242 1085 1113 1064 
2243 1069 1115 1096 
2244 1108 1118 1093 
3 2 4 13246
2245 734 658 713 1897 
2246 14 1962 13 1963 
2247 1127 1689 1605 2104 
2248 1212 1426 1844 2266 
2249 1278 2077 1984 2192 
2250 1193 2252 1439 2256 
2251 475 425 432 1759 
2252 1310 1252 1512 1828 
2253 1589 1846 1570 2061 
2254 1382 1267 1850 1940 
2255 734 1871 658 1897 
2256 1251 1511 1359 2183 
2257 1198 1791 2451 2658 
2258 46 1561 1947 2034 
2259 1482 1715 1397 2466 
2260 163 1501 165 2506 
2261 1509 1837 1764 2243 
2262 1149 1550 1551 2564 
2263 28 29 547 1873 
2264 47 46 300 1947 
2265 1210 1155 2511 2535 
2266 1649 1406 2060 2579 
2267 1221 1398 1567 2382 
2268 1140 1473 1411 2238 
2269 673 706 725 2031 
2270 1321 1489 1211 1761 
2271 607 608 672 1880 
2272 689 729 688 1928 
2273 1186 1566 1309 2688 
2274 558 658 739 1741 
2275 1822 1823 1796 1885 
2276 1131 1658 2274 2393 
2277 330 359 268 1761 
2278 1188 1349 1752 1965 
2279 1162 1764 1509 1837 
2280 144 12 1648 2536 
2281 86 145 85 2334 
2282 1409 2009 1598 2037 
2283 584 583 586 1946 
2284 74 73 1636 2331 
2285 1397 1723 1715 2455 
2286 764 1674 1746 1909 
2287 1323 1722 1316 2271 
2288 513 452 525 1781 
2289 1257 1600 1505 2517 
2290 1132 1724 1575 2323 
2291 1406 1602 2060 2425 
2292 292 2161 2029 2314 
2293 543 41 528 2147 
2294 70 1662 71 2607 
2295 1234 1893 2118 2158 
2296 1318 1678 826 2369 
2297 392 393 394 1997 
2298 1169 1499 1682 2162 
2299 1249 1436 1335 2142 
2300 1307 1958 1118 2111 
2301 203 204 286 1972 
2302 1157 1220 2333 2554 
2303 1112 1763 1346 2345 
2304 1150 1593 1967 2114 
2305 305 332 324 1995 
2306 280 207 213 2038 
2307 327 331 304 1493 
2308 826 1838 1318 2369 
2309 64 722 566 2679 
2310 1196 1334 1386 1513 
2311 1291 1589 1570 2061 
2312 1311 1578 1798 2178 
2313 1216 1746 1674 1909 
2314 1368 1790 2004 2379 
2315 1215 1500 1360 1792 
2316 1402 1645 2031 2166 
2317 1752 1965 1349 2358 
2318 1268 1631 1752 2185 
2319 1943 2234 1514 2548 
2320 32 33 2398 2467 
2321 1229 1861 1698 1899 
2322 131 58 59 2059 
2323 601 684 603 1929 
2324 1185 2564 1652 2633 
2325 1155 1230 2089 2350 
2326 1127 1605 1689 2021 
2327 538 380 545 1738 
2328 1310 1512 1252 2343 
2329 1315 2073 1598 2272 
2330 774 1298 1694 2248 
2331 227 225 228 2144 
2332 1246 1537 1394 2232 
2333 144 288 12 2536 
2334 6 5 1933 2602 
2335 563 738 82 2031 
2336 1138 2109 1798 2178 
2337 1182 1308 1269 1430 
2338 1715 1723 1397 1982 
2339 1 349 55 1718 
2340 1473 2190 1140 2643 
2341 1252 1755 1020 1895 
2342 1134 1987 1818 2408 
2343 576 661 696 1905 
2344 1428 1488 1263 2016 
2345 454 1707 2297 2426 
2346 1275 1750 1414 1990 
2347 1734 1864 1184 2037 
2348 1713 2037 1598 2419 
2349 1347 1348 1218 1963 
2350 1237 1563 2083 2261 
2351 393 1997 392 2346 
2352 1906 2095 1552 2649 
2353 1818 1987 1538 2408 
2354 1217 1797 1570 2306 
2355 1265 1551 1550 2003 
2356 309 63 121 1808 
2357 1006 1547 1453 2505 
2358 1633 1928 1450 2236 
2359 699 565 98 2405 
2360 1252 1895 1020 2157 
2361 1128 1756 1343 1932 
2362 440 538 447 1738 
2363 199 145 334 1761 
2364 1139 1700 1520 2269 
2365 949 1998 1601 2629 
2366 1151 1367 1517 1922 
2367 1790 2193 2004 2379 
2368 153 79 80 2254 
2369 1485 1487 1311 2109 
2370 1173 1713 1409 1876 
2371 1192 1337 1336 1819 
2372 1311 1540 1251 1956 
2373 823 1830 1678 2115 
2374 1359 1511 1251 1934 
2375 1411 1140 2238 2643 
2376 1485 1495 1311 1726 
2377 1790 1804 1368 2004 
2378 1182 1430 1269 1926 
2379 1258 1453 1536 1596 
2380 1157 1410 1685 2440 
2381 1605 1678 823 1830 
2382 50 513 49 1781 
2383 239 237 238 2188 
2384 1441 1963 1218 2586 
2385 1151 1693 1367 1922 
2386 1397 1715 1482 2455 
2387 67 2049 68 2488 
2388 502 2297 444 2563 
2389 1459 2004 1790 2193 
2390 1550 2003 1551 2564 
2391 853 1374 1817 2316 
2392 658 1741 1871 2606 
2393 329 117 226 2144 
2394 1669 1771 1549 1945 
2395 1142 1531 1886 2003 
2396 29 30 532 1490 
2397 1489 1592 1211 1761 
2398 1198 2451 1384 2658 
2399 1222 1837 1764 2290 
2400 1863 2005 1181 2471 
2401 152 81 82 2254 
2402 1167 1705 1588 2351 
2403 1399 1673 1987 2332 
2404 1678 1830 1200 2115 
2405 705 674 711 2275 
2406 1378 1302 1805 2504 
2407 1134 1818 1813 2408 
2408 1371 1539 2280 2697 
2409 1259 1385 1224 2500 
2410 1237 2083 1609 2261 
2411 1139 1484 1700 2269 
2412 151 332 305 2096 
2413 359 268 1761 1971 
2414 1170 1683 1484 1999 
2415 1330 1362 1955 2288 
2416 163 326 165 2370 
2417 1698 1861 899 1899 
2418 1267 1587 1382 1850 
2419 1598 2037 1315 2272 
2420 130 327 304 2184 
2421 1325 1654 2288 2366 
2422 1245 1690 1411 2238 
2423 1214 1646 1647 2065 
2424 454 2297 1707 2603 
2425 1316 1235 2091 2179 
2426 1316 1840 1235 2179 
2427 292 1862 2029 2161 
2428 208 286 204 1868 
2429 126 283 10 1867 
2430 73 72 1662 2331 
2431 1169 1227 1682 2282 
2432 1154 2119 2169 2513 
2433 608 628 672 1907 
2434 163 165 1501 2370 
2435 1367 1280 1660 1892 
2436 329 16 117 1994 
2437 1532 1869 1597 2645 
2438 1167 1588 2187 2351 
2439 1256 1663 1174 2067 
2440 1175 1745 1870 2342 
2441 1311 2109 1578 2178 
2442 1239 1794 1293 2064 
2443 1160 1610 1564 2377 
2444 1181 2136 1610 2377 
2445 24 1722 25 1950 
2446 1342 1196 1920 2290 
2447 2136 2288 1492 2366 
2448 1498 1607 1378 2119 
2449 1197 1340 1680 2489 
2450 922 1539 1763 2137 
2451 1385 1982 1224 2500 
2452 1274 1426 1212 2266 
2453 1224 1733 2461 2462 
2454 268 145 330 1761 
2455 701 659 651 2033 
2456 116 1702 1524 2321 
2457 1176 1320 1281 1350 
2458 1364 1744 1850 1940 
2459 1371 2170 1539 2697 
2460 1216 1789 1604 2562 
2461 1471 2019 1629 2397 
2462 648 663 651 2033 
2463 926 1909 1522 2304 
2464 167 1749 168 2506 
2465 1006 1453 1547 2452 
2466 1280 1367 1712 1892 
2467 1598 1713 1409 2037 
2468 1671 2003 1142 2063 
2469 1145 1423 1660 2000 
2470 1511 1956 1708 1957 
2471 1307 2111 1118 2250 
2472 764 1674 1909 2418 
2473 292 119 291 2029 
2474 1399 1987 1883 2332 
2475 1247 1669 1549 1945 
2476 1623 1702 745 1826 
2477 440 1661 447 2140 
2478 374 532 30 2229 
2479 422 420 421 2228 
2480 1855 1968 1324 2282 
2481 440 447 429 2140 
2482 1601 1832 2212 2628 
2483 1180 1794 1823 2064 
2484 539 26 27 1873 
2485 926 1344 1909 2304 
2486 1674 1216 1909 2418 
2487 1570 1589 1291 1797 
2488 1081 1770 1401 2158 
2489 1516 1983 1536 2042 
2490 1207 1335 1884 2318 
2491 1270 2075 1382 2445 
2492 1359 1936 1935 2325 
2493 1382 1270 1583 1587 
2494 582 583 584 2078 
2495 1364 1850 1744 2359 
2496 1382 1267 1940 2689 
2497 1201 1335 1260 2318 
2498 1505 1600 1257 1629 
2499 335 328 119 2029 
2500 72 1662 71 1897 
2501 199 330 145 1761 
2502 734 636 658 1871 
2503 151 305 32 2467 
2504 1479 1737 2159 2621 
2505 1589 1797 1570 1846 
2506 1167 2072 1588 2073 
2507 1556 1134 1673 2124 
2508 1318 1838 1998 2369 
2509 1200 1678 1605 1830 
2510 421 423 422 2281 
2511 281 238 264 2607 
2512 1648 2541 1867 2560 
2513 1567 1374 2202 2296 
2514 670 700 620 2679 
2515 1323 1263 1691 1692 
2516 1138 2287 1850 2540 
2517 860 1879 1815 2652 
2518 1267 1487 1485 2109 
2519 1061 1746 1522 1909 
2520 1965 2110 1902 2650 
2521 717 724 570 2596 
2522 1247 1740 1669 1945 
2523 1492 2136 1362 2288 
2524 1385 1723 1715 1982 
2525 321 135 360 2671 
2526 224 222 223 2084 
2527 1166 1796 1706 2626 
2528 160 101 356 2224 
2529 35 526 368 1959 
2530 487 402 1594 2335 
2531 1150 1967 1625 2429 
2532 283 1648 10 1867 
2533 1549 1771 1669 2502 
2534 1325 2174 2057 2205 
2535 409 428 429 2140 
2536 1173 1249 1640 1875 
2537 405 487 1594 2387 
2538 24 1966 25 2544 
2539 403 473 474 2086 
2540 1118 1958 1307 1988 
2541 1280 1712 1686 1892 
2542 569 727 734 1871 
2543 70 291 69 2314 
2544 1163 1697 1658 2358 
2545 1311 1798 2109 2178 
2546 1212 1844 1274 2266 
2547 1682 2282 1227 2470 
2548 343 136 90 2019 
2549 1160 1491 1215 1611 
2550 1335 1480 1207 2142 
2551 1352 1492 1144 1580 
2552 423 489 432 2281 
2553 1658 1697 1218 1779 
2554 1167 1588 1705 2073 
2555 1459 1804 1790 2004 
2556 1352 2006 1531 2322 
2557 241 282 266 2460 
2558 1682 1683 1172 2414 
2559 1196 1448 1563 1920 
2560 1302 1465 1378 2613 
2561 1318 1625 1911 2082 
2562 1244 1837 2043 2529 
2563 684 601 676 2235 
2564 1036 1504 1654 1835 
2565 680 591 586 2235 
2566 1155 2089 1231 2350 
2567 265 229 231 2161 
2568 1294 1339 2471 2568 
2569 680 683 676 2235 
2570 1200 1605 1678 2104 
2571 1640 1884 1249 2272 
2572 1300 1897 1422 2292 
2573 1251 1957 1511 2183 
2574 1155 1810 1914 2201 
2575 1263 1951 1433 2406 
2576 501 503 408 2262 
2577 1378 1465 1302 2504 
2578 1532 1597 1143 2645 
2579 5 355 159 1718 
2580 1669 1740 1238 1945 
2581 1157 1220 1783 2333 
2582 1149 1671 1652 2128 
2583 487 491 402 2335 
2584 14 1963 13 2536 
2585 1217 1797 1589 1846 
2586 310 121 311 2246 
2587 1612 2519 1891 2575 
2588 137 267 311 2213 
2589 27 28 1873 1974 
2590 584 583 1946 2078 
2591 1548 1343 1973 2367 
2592 1112 941 1346 1763 
2593 2051 2114 1472 2146 
2594 424 426 427 2297 
2595 1560 1766 1186 2231 
2596 502 427 444 2297 
2597 49 48 161 2225 
2598 251 249 2340 2630 
2599 1568 1190 2083 2655 
2600 1280 1892 1686 2125 
2601 1207 1335 1260 1480 
2602 1260 1335 1207 2318 
2603 1500 1910 1711 2448 
2604 774 1694 1298 1984 
2605 1703 1225 1806 2298 
2606 10 283 11 1648 
2607 1485 1495 3 2321 
2608 1315 2037 2271 2272 
2609 699 98 1719 2405 
2610 1196 1663 1448 2290 
2611 457 456 458 1985 
2612 1519 1660 1423 2000 
2613 1343 1932 1756 2367 
2614 233 140 231 2161 
2615 1245 1411 1931 2238 
2616 1572 2125 2095 2234 
2617 1352 1580 1144 2055 
2618 1813 1818 1538 2408 
2619 1207 1480 1360 1845 
2620 1401 2118 1081 2158 
2621 1635 1364 1751 2453 
2622 1236 1417 1474 2699 
2623 390 393 392 2346 
2624 471 512 470 2086 
2625 464 544 378 2617 
2626 1667 1736 786 2341 
2627 454 2297 430 2426 
2628 1401 1234 2158 2491 
2629 1127 1689 1464 1832 
2630 25 26 1722 1974 
2631 1359 1511 1304 2183 
2632 133 325 28 2630 
2633 1805 1844 1809 2664 
2634 1254 1215 1360 1792 
2635 84 127 83 1819 
2636 624 671 622 2236 
2637 1192 2119 1775 2217 
2638 592 582 584 2293 
2639 922 1763 1605 2137 
2640 1173 2037 1713 2419 
2641 368 552 485 1959 
2642 1490 1873 1615 2492 
2643 1144 1580 1492 2664 
2644 405 412 487 2387 
2645 50 349 1 2360 
2646 74 1636 73 1986 
2647 853 1817 1374 2496 
2648 1538 1818 1371 1987 
2649 1176 1320 1350 2181 
2650 1203 1162 1448 2261 
2651 1443 1253 2153 2535 
2652 1548 1973 1756 2367 
2653 1364 1870 1745 2342 
2654 548 377 481 2160 
2655 862 1815 1958 2651 
2656 454 430 492 2426 
2657 1100 1627 1374 1998 
2658 1185 1205 1816 1822 
2659 444 505 502 2563 
2660 1150 1593 1625 1967 
2661 433 410 404 2539 
2662 226 227 229 1525 
2663 557 711 674 2276 
2664 1447 1239 1823 2064 
2665 1275 1213 1615 2492 
2666 506 507 391 2563 
2667 558 658 1741 1897 
2668 1575 2051 1283 2285 
2669 1822 2005 1885 2006 
2670 461 544 1544 1937 
2671 1491 1209 1842 2349 
2672 146 274 273 2600 
2673 508 512 471 2376 
2674 1146 1938 1520 2085 
2675 1724 2071 1575 2323 
2676 1776 1830 811 2115 
2677 1507 2511 1155 2535 
2678 1733 1762 1233 2461 
2679 421 420 419 2580 
2680 1160 1408 1215 1491 
2681 1274 1212 1426 1677 
2682 1144 2288 1654 2366 
2683 158 203 286 2076 
2684 1515 1667 786 2341 
2685 28 27 1614 1974 
2686 278 75 76 2295 
2687 558 713 658 1897 
2688 1488 1691 1263 2016 
2689 601 684 1929 2235 
2690 1208 1611 1584 2200 
2691 1267 1382 1587 2689 
2692 251 249 250 2340 
2693 73 281 72 2331 
2694 689 554 729 2164 
2695 530 46 510 2603 
2696 1200 1465 1378 2504 
2697 1162 1553 1448 2014 
2698 1234 1621 1425 1778 
2699 1302 1378 1200 2613 
2700 1163 1584 1611 1612 
2701 1325 2057 1654 2366 
2702 64 1747 63 1836 
2703 440 429 428 1435 
2704 1020 1936 1252 2157 
2705 1197 1680 1340 2045 
2706 65 64 566 2679 
2707 333 154 306 2370 
2708 245 269 243 2219 
2709 100 1802 101 2224 
2710 539 455 541 2244 
2711 1538 1371 2170 2280 
2712 1453 1006 2309 2452 
2713 1732 2178 1391 2287 
2714 1935 1359 2325 2595 
2715 612 613 614 2133 
2716 1142 1796 1822 1823 
2717 1132 1396 1724 2323 
2718 329 265 17 1994 
2719 64 63 722 1836 
2720 887 1958 1815 2372 
2721 1314 1538 1539 2612 
2722 1229 1698 1381 1913 
2723 4 1572 1906 2095 
2724 1265 1551 2003 2055 
2725 283 1867 126 2527 
2726 1329 1525 1404 2144 
2727 532 1490 30 2229 
2728 1485 1487 1267 2199 
2729 1374 2296 1567 2496 
2730 1394 1557 1397 2033 
2731 706 705 568 1645 
2732 1621 1778 1129 2417 
2733 1453 1258 2042 2264 
2734 1255 1336 1493 2096 
2735 815 1541 1801 1803 
2736 658 1871 1741 1897 
2737 343 194 136 2411 
2738 1428 1731 1324 1855 
2739 1228 1261 1345 1526 
2740 1138 2109 1850 2670 
2741 1362 2005 1492 2322 
2742 445 496 434 2131 
2743 1158 1884 1201 2318 
2744 1422 1573 1294 1897 
2745 1162 1203 1927 2381 
2746 1267 1635 2311 2410 
2747 168 160 361 1848 
2748 1509 2336 1778 2456 
2749 1580 1844 1551 2564 
2750 1631 1752 1574 2127 
2751 60 59 1865 1978 
2752 1803 2643 1801 2697 
2753 1364 1635 1751 1940 
2754 1409 1713 1598 2009 
2755 1020 1755 1252 1936 
2756 1580 1657 1492 2664 
2757 1939 1902 2110 2650 
2758 846 1893 1621 2158 
2759 304 331 151 2096 
2760 1298 1676 1756 1965 
2761 1252 1546 1936 2221 
2762 1205 1821 1816 1822 
2763 1789 2559 1604 2562 
2764 1635 1751 1473 2238 
2765 282 241 243 2219 
2766 164 163 165 2506 
2767 1259 1224 1385 1450 
2768 620 1665 700 2310 
2769 1148 1713 1578 2009 
2770 1301 2222 1916 2430 
2771 1146 1499 1520 1938 
2772 1137 1423 1519 1660 
2773 344 118 350 2507 
2774 977 1590 1416 1799 
2775 1173 1713 1883 2419 
2776 1318 1238 1625 2082 
2777 1275 1615 1315 2492 
2778 457 459 474 2086 
2779 1308 1430 1182 2611 
2780 11 144 12 1648 
2781 168 1749 167 2386 
2782 1613 1786 1612 1891 
2783 49 1781 48 2034 
2784 1229 1381 1858 1913 
2785 1367 1280 1517 1913 
2786 1166 1706 1796 2006 
2787 1173 1409 1713 2037 
2788 326 163 300 1501 
2789 1455 1824 801 2035 
2790 678 628 610 2133 
2791 1621 1893 1234 2158 
2792 549 31 32 2398 
2793 461 462 459 2086 
2794 1133 1688 2452 2666 
2795 1610 2136 1564 2377 
2796 24 25 1722 2544 
2797 1298 1590 1400 1965 
2798 1447 1794 1239 2064 
2799 642 726 572 2226 
2800 1484 1683 1170 2269 
2801 1118 1988 1307 2479 
2802 1601 1832 1695 2212 
2803 1129 1790 1581 2357 
2804 1531 1589 1142 1886 
2805 1049 1943 1514 1975 
2806 1539 1538 2280 2612 
2807 461 1544 544 1952 
2808 1307 2250 1118 2479 
2809 1256 1174 2027 2067 
2810 1311 1485 1726 2557 
2811 1151 1517 1367 2566 
2812 1705 2073 1588 2525 
2813 1511 1540 1876 1956 
2814 468 467 511 1780 
2815 1549 1669 1381 2502 
2816 1212 1274 1844 2087 
2817 1331 2057 1504 2391 
2818 927 1344 926 2304 
2819 1248 1686 1712 1892 
2820 1352 1492 2005 2322 
2821 1892 2175 1693 2444 
2822 47 1561 46 2034 
2823 1298 1756 1676 1984 
2824 1155 2201 1914 2486 
2825 699 98 97 1719 
2826 1151 1693 1922 2363 
2827 850 1672 2154 2518 
2828 860 1815 844 2652 
2829 1245 1411 1690 2280 
2830 1411 1473 1140 2643 
2831 1654 1721 795 1835 
2832 453 458 456 1866 
2833 1193 1439 1145 2256 
2834 1316 1840 2179 2492 
2835 1227 1855 1324 2282 
2836 745 1623 1826 1983 
2837 437 430 454 2297 
2838 1241 1337 1424 1916 
2839 1605 1678 1318 2369 
2840 168 1749 1848 2506 
2841 1453 1258 1536 2042 
2842 1654 2384 1331 2391 
2843 28 1843 325 2242 
2844 1173 1588 1399 1673 
2845 1144 1492 1657 2664 
2846 1574 1752 1631 2185 
2847 1433 1951 1305 2406 
2848 1344 927 2192 2304 
2849 1271 1431 1415 1759 
2850 988 1826 1416 2270 
2851 1664 1850 1138 2109 
2852 1137 1519 1423 2063 
2853 1358 1026 1893 2113 
2854 1270 1587 1382 2075 
2855 1446 1703 1175 2298 
2856 1273 1388 1345 1924 
2857 1132 1575 1724 2071 
2858 1270 1382 1583 2445 
2859 1160 1610 1768 2329 
2860 1305 1376 1232 1666 
2861 1248 1712 1693 1892 
2862 1352 1551 1580 2055 
2863 1231 1266 1155 2350 
2864 907 949 1601 2629 
2865 611 691 613 2672 
2866 1298 1400 1676 1965 
2867 456 1866 458 1985 
2868 632 684 683 2661 
2869 764 1746 1061 1909 
2870 612 610 611 2661 
2871 1416 1590 977 2270 
2872 1852 1893 1621 2113 
2873 838 1313 1861 2624 
2874 1201 1884 1335 2318 
2875 1155 1230 1608 2089 
2876 58 1978 57 2226 
2877 6 5 159 2671 
2878 1213 1615 1490 1890 
2879 305 332 1995 2096 
2880 81 1677 82 2254 
2881 1198 1791 1566 2451 
2882 1146 1520 1499 2162 
2883 1382 1850 1744 1940 
2884 1279 1804 1459 2004 
2885 1473 1751 1635 1940 
2886 1367 1517 1280 1712 
2887 1546 2185 1936 2221 
2888 1816 2152 1242 2690 
2889 35 36 526 1959 
2890 2215 2564 1185 2633 
2891 1171 1640 1512 2102 
2892 1601 1763 1037 2345 
2893 1226 1379 1324 1769 
2894 1198 1560 2117 2688 
2895 1280 1660 1892 2125 
2896 1131 1548 1658 2393 
2897 1506 2042 1258 2264 
2898 1679 2049 67 2488 
2899 280 2038 213 2639 
2900 206 208 204 1972 
2901 1188 1349 1965 2437 
2902 1568 2083 1912 2655 
2903 1436 2142 1249 2544 
2904 1391 2178 1664 2540 
2905 513 452 1781 2632 
2906 122 358 200 2578 
2907 1139 1683 1484 2269 
2908 483 439 419 2281 
2909 774 1694 1121 2248 
2910 2003 2055 1531 2608 
2911 1215 1408 1160 1768 
2912 787 1467 1667 2174 
2913 534 1666 523 2620 
2914 1309 1560 1253 2631 
2915 1364 1940 1751 2453 
2916 1330 1958 1815 2651 
2917 1711 2167 1917 2448 
2918 298 98 156 2386 
2919 695 696 631 2676 
2920 1271 1569 1277 2298 
2921 453 373 458 1937 
2922 1551 1580 1144 2664 
2923 576 575 2206 2421 
2924 1417 1273 2198 2277 
2925 1311 1495 1485 2109 
2926 1574 945 2325 2378 
2927 1695 2212 1240 2629 
2928 1332 1792 1215 2028 
2929 1030 2035 1824 2347 
2930 1377 1613 1307 1786 
2931 1317 1440 1243 1868 
2932 371 546 509 1969 
2933 1442 2034 1443 2515 
2934 1266 1443 1442 1501 
2935 1213 1275 2073 2492 
2936 1271 1277 1569 1699 
2937 1165 1652 1671 2128 
2938 1203 2014 2261 2381 
2939 1330 1955 1814 1988 
2940 532 547 29 1490 
2941 1572 1686 2125 2234 
2942 1540 1713 1409 1956 
2943 463 470 462 2086 
2944 1149 1551 1844 2564 
2945 1162 1553 1509 1764 
2946 1459 2194 1743 2260 
2947 1216 1604 1789 1909 
2948 1293 1794 1239 1800 
2949 513 50 366 1462 
2950 1200 1378 1625 2504 
2951 1217 1570 1797 1846 
2952 1157 1685 1410 2201 
2953 1580 2005 1492 2568 
2954 52 345 53 2570 
2955 701 659 2033 2512 
2956 1461 1685 1410 2440 
2957 516 522 485 1896 
2958 75 1986 76 2295 
2959 639 638 640 1741 
2960 689 1633 729 1928 
2961 2057 2174 1504 2205 
2962 1245 1970 1411 2280 
2963 1144 1331 1654 2080 
2964 1680 2489 1219 2665 
2965 1274 1681 1195 2087 
2966 1237 1650 1609 2083 
2967 1244 1641 1182 2611 
2968 32 1995 33 2467 
2969 1288 1547 1372 1980 
2970 1637 1585 2324 2672 
2971 1538 2170 1539 2280 
2972 687 689 688 1928 
2973 1166 1796 1823 1885 
2974 800 2157 1477 2174 
2975 1455 1654 1331 2080 
2976 1173 1883 1588 2419 
2977 1506 1694 1128 1939 
2978 1694 1756 1128 1939 
2979 1476 1857 1382 2014 
2980 1686 1248 2319 2565 
2981 471 407 401 2621 
2982 1465 1740 1247 1945 
2983 1799 2325 945 2378 
2984 1840 2298 1284 2520 
2985 1258 1596 1536 2601 
2986 1169 1855 1227 2282 
2987 1244 1445 2529 2551 
2988 1578 2109 1664 2178 
2989 1911 2079 1838 2082 
2990 665 561 720 2294 
2991 25 1617 26 1974 
2992 1155 1407 1777 2106 
2993 1196 1147 1448 1663 
2994 638 742 640 2584 
2995 1358 1893 1852 2113 
2996 1672 1331 2384 2391 
2997 393 1769 394 1997 
2998 1175 1716 1446 2582 
2999 100 2386 99 2699 
3000 1196 1448 1147 1563 
3001 1200 1830 1776 2115 
3002 1313 2094 1942 2624 
3003 795 1721 1654 2035 
3004 1318 1605 1689 2104 
3005 316 143 43 1494 
3006 64 65 2139 2278 
3007 1425 2158 1234 2491 
3008 760 1686 1572 2234 
3009 1801 1803 1541 2643 
3010 28 325 1843 2630 
3011 1415 1431 1287 1772 
3012 1214 1646 1375 2132 
3013 1129 1778 1621 1852 
3014 1186 2231 1766 2258 
3015 1121 1694 1506 2248 
3016 47 46 1947 2034 
3017 1235 2131 1559 2538 
3018 540 365 500 2433 
3019 1236 1285 1187 2103 
3020 1214 1170 1375 2081 
3021 1346 2189 821 2208 
3022 1381 1549 1247 1669 
3023 1190 1414 1750 1990 
3024 486 1699 478 2281 
3025 382 529 478 1959 
3026 1352 1796 1531 2006 
3027 1232 1999 1376 2070 
3028 1378 1465 1200 2613 
3029 1144 1654 1331 2366 
3030 365 547 500 1873 
3031 1229 1913 1858 2487 
3032 946 1841 1487 2199 
3033 1431 1696 1463 2520 
3034 1252 1895 1310 2343 
3035 1229 1858 1381 2074 
3036 1744 1850 1382 2359 
3037 629 698 668 2001 
3038 1271 1463 1431 1759 
3039 1536 2042 1258 2601 
3040 1222 1764 1837 2243 
3041 1553 1908 1448 2014 
3042 589 2439 2216 2455 
3043 1598 1745 1213 2141 
3044 1188 1752 1631 2127 
3045 1637 1782 1585 2672 
3046 1311 1487 1485 2557 
3047 1682 2269 1683 2414 
3048 1207 2318 1884 2329 
3049 410 405 404 1594 
3050 1381 1698 1229 2074 
3051 405 487 402 1594 
3052 48 47 132 2225 
3053 1863 1339 2368 2568 
3054 1495 1798 1138 2109 
3055 1412 1617 1335 2546 
3056 1411 1245 1931 1970 
3057 1325 1835 1654 2057 
3058 1347 1218 1441 1963 
3059 289 77 78 2510 
3060 569 1871 734 1897 
3061 1349 1631 1188 1842 
3062 1349 1156 1658 2358 
3063 172 171 165 2370 
3064 2073 2419 1588 2525 
3065 74 128 73 2331 
3066 1331 1672 1455 2080 
3067 1265 2055 2003 2608 
3068 1498 1378 2435 2513 
3069 642 572 573 2206 
3070 1394 1246 2232 2691 
3071 1663 1767 1174 2067 
3072 1267 1487 2109 2311 
3073 316 340 338 2172 
3074 1767 1903 1196 2342 
3075 1184 1316 2091 2179 
3076 116 2321 1524 2587 
3077 320 249 251 2630 
3078 1346 821 2105 2208 
3079 1311 1726 1495 1957 
3080 1346 1763 941 2189 
3081 1219 1680 1340 2489 
3082 1151 2058 1989 2363 
3083 1520 1938 1499 2269 
3084 1186 1309 1560 2688 
3085 327 258 331 1493 
3086 608 672 1880 1907 
3087 1224 1733 1165 1982 
3088 11 1648 12 1963 
3089 299 60 61 1528 
3090 297 242 128 2219 
3091 1170 1656 1938 2132 
3092 1163 1842 1697 2358 
3093 1359 1934 1252 2221 
3094 1316 1873 1490 2492 
3095 589 2216 2447 2455 
3096 946 2199 1487 2557 
3097 440 447 1661 1738 
3098 327 1493 304 2184 
3099 53 134 52 1859 
3100 702 574 555 1802 
3101 1408 2102 1171 2220 
3102 1451 1596 1258 2610 
3103 1335 2142 1436 2544 
3104 36 35 2253 2425 
3105 1251 1540 1511 1956 
3106 700 1665 620 2679 
3107 1149 1551 1550 1809 
3108 1330 2403 2322 2652 
3109 224 2084 223 2144 
3110 1173 1540 1713 1876 
3111 811 1830 1776 2668 
3112 1163 1697 1842 1901 
3113 1331 2017 1672 2080 
3114 1208 1264 1405 1889 
3115 862 1815 887 1958 
3116 899 1698 1860 1861 
3117 1378 1302 2435 2513 
3118 1084 1936 1515 2185 
3119 1249 1875 1173 2037 
3120 1144 1580 1551 2055 
3121 1627 1998 947 2629 
3122 1346 1763 1601 2345 
3123 1715 1982 1397 2466 
3124 1352 1580 1551 2564 
3125 1161 1509 1764 2243 
3126 1229 1698 1913 2339 
3127 525 452 376 1954 
3128 555 574 573 2206 
3129 1155 1608 1407 2106 
3130 1708 1956 1798 1957 
3131 481 534 480 2620 
3132 18 1910 19 2251 
3133 70 2314 1662 2607 
3134 475 432 1699 1759 
3135 1317 1521 1469 2121 
3136 766 1516 1983 2270 
3137 377 534 481 1599 
3138 1640 1875 1249 2134 
3139 819 1984 2077 2192 
3140 1395 1764 1583 2287 
3141 2005 2377 1181 2471 
3142 1755 1935 1252 1936 
3143 1229 1698 1861 2074 
3144 1209 1842 1697 1901 
3145 168 169 160 1619 
3146 1764 1837 1448 2290 
3147 1564 1610 1362 2136 
3148 639 692 671 2606 
3149 635 731 699 1719 
3150 1338 1766 2231 2258 
3151 15 14 1941 2392 
3152 1450 1259 1633 2236 
3153 1249 2142 1692 2544 
3154 2189 2280 1539 2697 
3155 864 2013 1429 2689 
3156 1252 1828 1310 1895 
3157 1381 1514 1247 2040 
3158 1663 1977 1256 2027 
3159 1165 2128 1671 2685 
3160 1175 1703 1767 2298 
3161 1143 1597 1532 2175 
3162 1504 2205 2174 2694 
3163 1453 1596 1258 2264 
3164 1308 1526 1261 2285 
3165 977 1416 1092 1799 
3166 1504 1835 920 2174 
3167 1342 1445 1244 2551 
3168 1329 1901 1376 2586 
3169 1331 1654 1504 2057 
3170 1162 2014 1203 2381 
3171 766 1983 1826 2270 
3172 1682 1227 1855 1951 
3173 1317 1243 1469 1868 
3174 1131 2274 1658 2358 
3175 1465 1805 1302 2504 
3176 1487 1841 1267 2199 
3177 1169 1682 1227 1855 
3178 53 134 1859 2428 
3179 1584 1853 1264 2478 
3180 1188 1752 1400 1965 
3181 1607 2119 1498 2169 
3182 373 453 537 2320 
3183 1408 1768 1215 1917 
3184 1401 2158 1770 2491 
3185 660 659 701 2512 
3186 270 78 79 2510 
3187 1370 1527 1296 1739 
3188 1169 1968 1855 2282 
3189 903 1860 1698 1943 
3190 1092 1799 1416 2696 
3191 1353 1902 1965 2110 
3192 947 907 1627 2629 
3193 1155 1608 2201 2486 
3194 1158 1640 1512 1673 
3195 486 478 489 2281 
3196 1311 1251 1540 2069 
3197 1686 1892 1427 2125 
3198 48 49 2034 2360 
3199 378 521 464 2617 
3200 1805 2434 1628 2513 
3201 1506 1694 1298 2248 
3202 1220 1948 1783 2333 
3203 584 586 1715 1946 
3204 607 1880 672 2480 
3205 684 1449 683 2661 
3206 1734 1184 2009 2037 
3207 1364 1850 1267 1940 
3208 1247 1465 1945 2571 
3209 1171 2102 1546 2220 
3210 1244 1430 1182 1926 
3211 150 307 34 2171 
3212 106 1989 1674 2319 
3213 1596 1680 1258 2610 
3214 1145 2000 1660 2040 
3215 1650 1735 1178 1882 
3216 168 167 169 2386 
3217 274 140 233 2600 
3218 864 1429 842 2689 
3219 424 1759 426 2297 
3220 1251 1511 1540 1876 
3221 1164 2130 2498 2499 
3222 1756 1973 1343 2367 
3223 509 440 479 2620 
3224 1141 2044 2593 2601 
3225 899 1861 1048 1899 
3226 14 1481 1599 1962 
3227 1477 1634 1252 1828 
3228 1155 1608 1231 2089 
3229 31 32 2398 2467 
3230 840 2118 1893 2158 
3231 805 1803 1632 2653 
3232 1332 1419 1405 2029 
3233 1578 1713 1409 2009 
3234 1282 1617 1412 2546 
3235 1271 1431 1463 1806 
3236 1332 1405 1264 1862 
3237 1151 1989 1712 2363 
3238 1261 1434 1319 2317 
3239 403 1769 473 2086 
3240 1548 1800 1343 2367 
3241 1456 1203 1513 2060 
3242 1147 1764 1663 2287 
3243 1867 2541 1296 2560 
3244 1171 1511 1785 2126 
3245 1399 1588 1173 1883 
3246 1415 2027 1806 2067 
3247 453 373 1937 2320 
3248 857 1621 1893 2113 
3249 1163 1584 1658 1853 
3250 343 136 2019 2411 
3251 1258 1452 1451 2450 
3252 1576 2096 1336 2257 
3253 1142 1597 1671 2063 
3254 1917 2167 1845 2448 
3255 1621 1915 1129 2638 
3256 1352 1531 2055 2322 
3257 42 528 41 2147 
3258 304 1493 331 2096 
3259 1264 1332 1208 1405 
3260 576 577 575 2421 
3261 1371 1818 1538 2170 
3262 124 35 307 2171 
3263 934 2095 1906 2649 
3264 1190 1649 1327 1870 
3265 1221 1857 1476 2014 
3266 1267 2190 1487 2311 
3267 502 2228 2297 2563 
3268 1223 1242 1397 1626 
3269 1272 1417 1290 2198 
3270 1433 1691 1263 1692 
3271 1157 2333 1685 2554 
3272 1486 1530 779 2151 
3273 1477 2174 2205 2694 
3274 1693 1712 1248 2363 
3275 665 667 621 2133 
3276 1331 1455 1672 2384 
3277 68 2488 2001 2549 
3278 1142 1822 1796 2003 
3279 1563 2083 1744 2453 
3280 1157 1810 1410 2440 
3281 1134 1556 1673 2408 
3282 1352 1551 2003 2564 
3283 1427 1686 1248 1892 
3284 1842 2220 1491 2349 
3285 876 1654 1504 2384 
3286 114 1702 1623 2588 
3287 1531 1589 1328 2300 
3288 727 569 716 2001 
3289 1198 1720 1728 2230 
3290 1198 1728 1720 2024 
3291 1401 1861 1081 2094 
3292 1267 1850 1664 2109 
3293 1181 1768 1610 2318 
3294 1310 2332 1512 2343 
3295 12 1962 11 1963 
3296 1177 1290 1233 2138 
3297 1181 1863 1492 2005 
3298 150 351 307 1701 
3299 168 1848 1749 2386 
3300 1146 1499 1938 2230 
3301 1218 1697 1658 1853 
3302 1233 1290 1733 2385 
3303 1138 1850 1664 2540 
3304 1382 2075 1856 2445 
3305 654 2033 652 2512 
3306 1879 1906 1265 2347 
3307 1378 1498 2119 2513 
3308 1142 1589 1531 1796 
3309 1312 1375 1214 1646 
3310 1390 1140 1635 1713 
3311 1176 2087 1652 2128 
3312 1539 2137 922 2518 
3313 423 1759 422 2281 
3314 485 552 486 1959 
3315 1318 1689 1605 2021 
3316 1162 1927 1203 2145 
3317 60 59 1978 2059 
3318 906 1797 1570 2375 
3319 1238 1945 1740 2101 
3320 1161 1509 1553 1764 
3321 787 1667 1467 1736 
3322 1135 1777 1778 2107 
3323 1258 1680 1452 2450 
3324 1060 1524 1743 2075 
3325 772 1298 774 2248 
3326 1512 1171 2102 2221 
3327 1169 1682 1520 2162 
3328 1139 1956 1708 2126 
3329 1448 1837 1342 2290 
3330 1313 838 1861 2094 
3331 1487 1140 2069 2311 
3332 1308 1430 1421 1992 
3333 1166 1814 1706 2006 
3334 1409 1713 1578 1956 
3335 1646 1647 1375 2132 
3336 1580 1352 2005 2568 
3337 1158 1512 1640 2102 
3338 1267 1485 1587 2109 
3339 369 519 550 2516 
3340 1170 1484 1656 1999 
3341 1484 1700 1656 2209 
3342 29 30 1490 1890 
3343 1449 1450 1366 1929 
3344 1353 1965 1590 2594 
3345 1367 1517 1922 2449 
3346 1188 1965 1400 2592 
3347 1152 1650 1912 2083 
3348 1604 1789 1344 2559 
3349 1268 1631 2185 2221 
3350 1268 2185 1752 2604 
3351 1541 1755 808 2284 
3352 72 558 73 1897 
3353 843 1579 2035 2347 
3354 1856 1857 1476 1979 
3355 1233 1356 1290 2385 
3356 479 440 428 2159 
3357 1175 1716 1745 2342 
3358 1138 1664 2178 2540 
3359 1566 1791 1214 2451 
3360 1330 1955 2283 2288 
3361 1307 1377 1786 1814 
3362 10 1648 11 2541 
3363 1516 985 1983 2042 
3364 1267 1587 1850 2109 
3365 760 1572 2095 2234 
3366 170 165 171 2312 
3367 1215 1491 1408 2255 
3368 1547 2452 1453 2666 
3369 1498 1607 1127 2104 
3370 801 1824 1455 2495 
3371 1226 1324 1458 1769 
3372 1134 1399 1673 1987 
3373 1476 1921 1856 2494 
3374 1531 2003 1352 2055 
3375 1113 2015 1874 2326 
3376 1166 1885 1564 2005 
3377 1631 2127 1574 2185 
3378 1159 1461 1948 2569 
3379 1409 1713 1540 1876 
3380 1495 1303 1827 1919 
3381 1734 1864 2037 2414 
3382 1207 1543 1480 1845 
3383 417 2387 2433 2703 
3384 70 71 123 2607 
3385 1138 1583 1850 2287 
3386 439 485 486 2281 
3387 1581 1129 1915 2638 
3388 548 533 377 2160 
3389 1129 1509 1777 2336 
3390 1583 1587 1270 2670 
3391 64 1679 1836 2679 
3392 1687 1693 1248 2363 
3393 1234 1621 1852 1893 
3394 1310 1828 1512 2332 
3395 1512 1634 1546 2102 
3396 79 2166 80 2436 
3397 1415 1503 1287 2027 
3398 1131 1842 1612 2274 
3399 1769 1997 393 2346 
3400 687 606 686 2480 
3401 853 1817 834 2316 
3402 1198 1566 1560 2688 
3403 1453 2452 1688 2666 
3404 19 2251 1910 2448 
3405 850 1830 1672 2518 
3406 1146 1728 1395 1981 
3407 1782 1880 1585 2661 
3408 1290 1356 1233 1637 
3409 28 325 29 2242 
3410 1621 1778 1234 1852 
3411 1358 1893 1026 2494 
3412 289 248 129 2510 
3413 648 2033 2245 2581 
3414 1631 1842 1209 2349 
3415 2298 2520 1840 2616 
3416 1265 2003 1550 2608 
3417 1274 1281 1212 1677 
3418 1674 1784 1216 2418 
3419 1331 1654 1455 2384 
3420 1809 1844 1551 2664 
3421 423 432 1759 2281 
3422 1146 2231 1938 2468 
3423 1036 1504 1078 1654 
3424 1374 1998 1627 2629 
3425 1129 1777 1778 2336 
3426 1567 2296 1398 2496 
3427 1362 2136 2135 2288 
3428 1215 1408 1917 2255 
3429 1805 1809 1465 2176 
3430 968 1570 1797 2306 
3431 1906 2156 1265 2347 
3432 1611 1612 1584 2200 
3433 744 764 1674 1746 
3434 689 736 2164 2166 
3435 1304 1511 1957 2183 
3436 1291 1589 1531 2300 
3437 297 2219 128 2331 
3438 1443 2243 1222 2380 
3439 617 629 668 2291 
3440 521 1952 464 2617 
3441 1302 1805 1465 2176 
3442 53 346 134 2428 
3443 1199 1471 1489 2642 
3444 672 673 607 2480 
3445 1409 1876 1540 1956 
3446 1536 1983 985 2042 
3447 1319 1383 1266 1675 
3448 1163 1658 1697 1853 
3449 1311 1798 1495 2109 
3450 298 2312 98 2386 
3451 199 1761 334 2120 
3452 1131 1949 2396 2681 
3453 1382 1587 1583 1850 
3454 1200 1378 1302 2435 
3455 130 2184 304 2242 
3456 1306 1874 1554 2058 
3457 1225 1463 1431 1806 
3458 207 1739 213 2038 
3459 1686 1757 1248 2565 
3460 1152 1912 1568 2083 
3461 1427 2175 1892 2444 
3462 1482 1393 1807 2078 
3463 791 1721 1467 1835 
3464 1325 2288 2136 2366 
3465 1448 1553 1162 1764 
3466 1280 1514 1660 2125 
3467 58 562 1537 2226 
3468 1307 1786 1613 1955 
3469 1244 2043 1641 2611 
3470 1134 1673 1399 2408 
3471 481 1599 534 2620 
3472 1632 1803 855 2677 
3473 1332 1264 1525 1862 
3474 1708 1956 1511 2126 
3475 527 18 19 2233 
3476 1537 2232 1246 2572 
3477 857 1621 846 1893 
3478 1298 1676 1400 1984 
3479 708 558 739 1787 
3480 1196 1386 1342 1513 
3481 58 562 709 2245 
3482 862 1958 1077 2651 
3483 1213 1745 1598 1993 
3484 153 277 255 2490 
3485 1374 1998 1838 2316 
3486 1607 1689 1127 2104 
3487 1650 1744 1609 2083 
3488 1263 1428 1435 1951 
3489 811 1830 812 2115 
3490 1495 1726 1485 2557 
3491 286 204 1868 1972 
3492 1628 1844 1426 2266 
3493 673 2031 725 2480 
3494 1192 1337 1819 1820 
3495 1359 1935 1251 2183 
3496 744 1674 2326 2327 
3497 1419 1558 1405 2029 
3498 1520 1682 1499 2162 
3499 2000 2063 1149 2128 
3500 1135 2106 1777 2107 
3501 529 1699 478 1959 
3502 1610 2318 1768 2329 
3503 1311 1713 1540 1956 
3504 1192 1775 2119 2499 
3505 1330 2322 1579 2652 
3506 949 947 1998 2629 
3507 300 132 47 1501 
3508 1242 1223 1397 1982 
3509 1193 1439 2252 2354 
3510 705 1907 674 2275 
3511 1806 2027 1174 2067 
3512 1149 1551 1809 1844 
3513 621 664 665 2443 
3514 417 2387 2131 2433 
3515 1149 1809 1805 1844 
3516 835 1401 2094 2118 
3517 1439 2252 1483 2256 
3518 730 644 728 2149 
3519 209 210 207 2635 
3520 1052 1667 1515 2157 
3521 1227 1737 1479 2621 
3522 1798 1956 1311 1957 
3523 1318 1838 1238 2082 
3524 461 544 464 1952 
3525 1364 1745 1870 2453 
3526 1145 1439 1193 2354 
3527 1564 1610 1160 1786 
3528 1796 2061 1706 2626 
3529 689 729 1633 2164 
3530 79 80 2254 2436 
3531 1264 1584 1208 1611 
3532 1151 1922 1517 2373 
3533 1550 1142 2003 2063 
3534 1675 1947 1266 2370 
3535 654 653 652 2033 
3536 1343 1756 1128 1973 
3537 375 24 25 1950 
3538 1131 1612 1377 2274 
3539 1267 2311 2109 2410 
3540 689 736 554 2164 
3541 1127 1464 1689 2130 
3542 1166 1377 1714 1814 
3543 1329 1901 1853 2155 
3544 978 2095 1514 2234 
3545 1425 1770 2158 2491 
3546 774 1298 773 1984 
3547 1870 1898 1327 1990 
3548 1563 1870 2083 2453 
3549 1294 2471 2005 2568 
3550 1380 1693 1687 2531 
3551 1048 1861 1770 1899 
3552 1144 1721 1654 2288 
3553 1157 1685 1461 2440 
3554 67 560 68 2049 
3555 1425 1778 1621 2417 
3556 1785 1875 1409 1876 
3557 1348 1481 1999 2586 
3558 1378 2104 1498 2435 
3559 1514 2095 2125 2234 
3560 1170 1499 1938 2269 
3561 1224 1652 1259 1816 
3562 1641 1778 2336 2456 
3563 1182 1811 1269 1904 
3564 461 1937 1952 2086 
3565 1311 1726 1487 2557 
3566 1351 1384 1198 1462 
3567 200 181 347 1992 
3568 1195 1274 1805 2434 
3569 1196 1767 1663 2067 
3570 1325 1654 1835 2288 
3571 1030 843 2035 2347 
3572 1184 1316 2179 2492 
3573 1233 1290 1177 1733 
3574 1506 1128 1694 2304 
3575 1035 1943 1698 2548 
3576 1632 1895 1477 2353 
3577 1204 1439 1345 2252 
3578 1061 1522 1746 2207 
3579 1211 1592 1489 1812 
3580 1554 2326 763 2622 
3581 1391 1872 1664 2178 
3582 1584 1377 2274 2409 
3583 1148 1598 1713 2009 
3584 559 704 643 2659 
3585 478 1699 486 1959 
3586 521 367 464 1952 
3587 1732 1919 1766 2085 
3588 1288 1372 1547 1746 
3589 200 1992 347 2411 
3590 1100 1374 1627 2496 
3591 1176 2000 2087 2128 
3592 1197 1680 2450 2489 
3593 65 1679 64 2679 
3594 1378 2434 1805 2513 
3595 499 417 496 2131 
3596 1251 1359 1934 1935 
3597 100 99 714 2405 
3598 1403 2495 2156 2649 
3599 1570 1604 1217 2306 
3600 483 419 1753 2281 
3601 1263 1488 1428 2091 
3602 1241 1916 1424 2222 
3603 1505 1659 1257 2517 
3604 1190 1750 1275 1990 
3605 1214 1647 1340 2065 
3606 658 1871 636 2606 
3607 1556 1571 1134 2124 
3608 1318 1678 1605 2104 
3609 296 280 213 2639 
3610 94 2196 93 2596 
3611 1158 1512 2102 2286 
3612 1213 2073 1993 2492 
3613 249 1930 250 2340 
3614 144 1648 1630 2536 
3615 660 2310 2293 2455 
3616 77 2149 78 2436 
3617 610 2133 1880 2661 
3618 1249 1335 1884 2142 
3619 1146 1560 1395 1728 
3620 2153 2243 1443 2535 
3621 265 1910 229 2161 
3622 514 1950 2244 2485 
3623 1368 1804 1582 2129 
3624 1590 1965 1353 2592 
3625 1139 1484 1683 2457 
3626 810 1672 1830 2668 
3627 481 511 467 2160 
3628 1238 1771 1669 1945 
3629 2128 2461 1733 2462 
3630 1206 2203 2177 2569 
3631 1129 1581 1915 2357 
3632 1131 2211 1949 2681 
3633 2177 2203 1653 2569 
3634 1203 2014 1162 2261 
3635 569 734 713 1897 
3636 1601 2212 1695 2629 
3637 654 652 657 2512 
3638 1343 1800 1548 2424 
3639 1583 1732 1395 2287 
3640 1702 1827 1303 1919 
3641 1654 1835 1504 2057 
3642 1345 2252 1439 2354 
3643 1141 1983 1516 2593 
3644 1165 1733 1224 2128 
3645 424 2228 1759 2297 
3646 855 1632 805 1803 
3647 1133 1596 1688 2666 
3648 1729 2265 1523 2436 
3649 1404 1525 1264 2144 
3650 1 355 5 1718 
3651 1348 1218 1963 2586 
3652 1318 1625 1238 1678 
3653 1499 2162 1720 2230 
3654 1506 1953 1128 2304 
3655 1663 1977 1728 2153 
3656 1989 2326 1554 2622 
3657 1198 1384 2451 2688 
3658 1172 1734 1263 1951 
3659 1142 1886 1597 2063 
3660 1156 1658 1218 1779 
3661 1030 801 1824 2035 
3662 1318 1911 1838 2082 
3663 814 1541 815 1803 
3664 1673 1310 1987 2332 
3665 1252 2157 1515 2364 
3666 1143 1710 1693 2175 
3667 1166 1814 1564 2200 
3668 1492 1863 2368 2568 
3669 1142 1447 1589 1796 
3670 1255 2096 1478 2257 
3671 1687 1746 1216 2337 
3672 185 183 184 1793 
3673 576 696 1642 1905 
3674 1477 1504 2174 2694 
3675 1276 1561 1954 2034 
3676 1155 1266 1231 2399 
3677 2126 2127 1708 2209 
3678 660 2293 2310 2512 
3679 908 2207 1547 2505 
3680 1209 1491 1842 1901 
3681 1464 1127 1832 2130 
3682 1817 2202 1374 2296 
3683 1693 2175 1380 2444 
3684 1129 1777 1509 2678 
3685 1800 1889 1584 2355 
3686 1195 1472 1322 2114 
3687 241 266 1670 2460 
3688 1311 1487 1726 2069 
3689 1255 1336 2096 2257 
3690 1402 1677 1645 2166 
3691 200 1526 353 2143 
3692 1160 1768 1610 2377 
3693 1522 1789 1216 2464 
3694 278 297 75 1636 
3695 1179 1658 1584 1853 
3696 1883 1987 1310 2332 
3697 1170 1656 1484 2269 
3698 864 1841 2199 2689 
3699 1800 1829 1343 2367 
3700 297 128 74 1636 
3701 1147 1663 1196 1767 
3702 1228 1283 1629 2051 
3703 1198 1728 1560 2230 
3704 1151 1608 1410 2026 
3705 1277 1699 1334 1704 
3706 520 544 460 1544 
3707 368 485 522 1624 
3708 1222 2153 1764 2243 
3709 1555 1899 895 2477 
3710 1435 1738 1661 1951 
3711 1411 1473 1346 1931 
3712 1163 1584 1264 1611 
3713 1180 2052 1794 2064 
3714 926 1522 925 2304 
3715 1564 1362 2005 2136 
3716 968 1604 1570 2306 
3717 1168 1854 1760 2124 
3718 57 2289 56 2693 
3719 1160 1611 1215 2028 
3720 89 90 2019 2476 
3721 628 1907 610 2133 
3722 1412 1335 1617 1966 
3723 1467 2283 1955 2288 
3724 908 1547 1006 2505 
3725 1186 1338 2100 2231 
3726 2051 2071 1575 2186 
3727 1818 2154 1314 2170 
3728 1198 1560 1728 2117 
3729 1498 2169 2119 2513 
3730 610 1907 1880 2133 
3731 1199 1489 1321 2642 
3732 1248 1687 1380 1693 
3733 1978 2076 57 2226 
3734 1504 1654 1331 2391 
3735 1154 2123 2046 2365 
3736 733 650 653 2033 
3737 1214 1647 1646 2132 
3738 47 1954 1561 2034 
3739 1376 1711 1333 2251 
3740 1021 1801 1487 1841 
3741 375 541 514 1950 
3742 2 572 56 2226 
3743 154 326 300 2370 
3744 1195 1322 1472 2543 
3745 1214 2451 1791 2658 
3746 1621 1129 2113 2638 
3747 1271 1699 1334 1903 
3748 1198 1560 1566 2230 
3749 1324 1227 1458 1737 
3750 190 357 362 2338 
3751 637 618 690 2606 
3752 864 842 1841 2689 
3753 1158 1201 1760 2318 
3754 1142 1589 1447 2590 
3755 1021 1487 1801 2547 
3756 1410 1980 1810 2361 
3757 16 1941 117 1994 
3758 1321 1211 1489 1812 
3759 1256 2027 1415 2067 
3760 1433 1661 1305 1951 
3761 77 728 78 2149 
3762 1254 1360 1215 1768 
3763 304 151 1638 2096 
3764 1588 1705 1399 2351 
3765 1475 1651 1272 1802 
3766 2058 2204 1687 2363 
3767 1185 1205 1300 1816 
3768 84 268 127 1971 
3769 1448 1764 1162 1837 
3770 1758 1978 1369 2226 
3771 505 2228 502 2563 
3772 207 206 205 2635 
3773 1740 1945 1465 2101 
3774 860 861 1815 1879 
3775 825 1678 1605 2369 
3776 532 500 547 2433 
3777 1391 1872 1520 2162 
3778 1132 2165 1575 2552 
3779 1169 1520 1682 2023 
3780 144 1630 288 2536 
3781 1025 1998 1838 2369 
3782 1171 1408 1640 2102 
3783 335 328 2029 2394 
3784 1400 1676 1965 2358 
3785 1536 751 1983 2240 
3786 1376 1711 1961 2255 
3787 1478 2096 1576 2257 
3788 1390 1140 1713 1883 
3789 1227 1435 1428 1951 
3790 1459 2004 2193 2619 
3791 1717 2320 6 2602 
3792 797 1579 1721 2035 
3793 151 305 1478 2096 
3794 101 160 100 1619 
3795 1477 2174 1504 2353 
3796 1316 1722 1315 2271 
3797 1676 1756 1278 1984 
3798 278 1636 75 2295 
3799 1 1718 5 1933 
3800 621 665 2133 2443 
3801 1487 2190 1140 2311 
3802 1346 1695 1601 1832 
3803 1237 1649 1406 2060 
3804 1332 1500 1215 1792 
3805 1197 2450 1887 2489 
3806 1004 1818 1504 2353 
3807 1144 1657 1492 2366 
3808 1200 1830 1605 2104 
3809 1492 2288 1362 2322 
3810 153 1729 79 2254 
3811 1330 1362 1814 1955 
3812 1557 1626 1397 1665 
3813 1509 1162 1837 2336 
3814 1217 2163 1797 2306 
3815 1340 2045 1680 2100 
3816 124 307 364 1701 
3817 1279 1368 1804 2004 
3818 1349 1188 1752 1842 
3819 1237 1406 1602 2060 
3820 1369 1978 1537 2226 
3821 86 2276 87 2334 
3822 1400 1965 1752 2358 
3823 922 2137 1605 2518 
3824 1770 1861 1229 1899 
3825 810 1672 850 1830 
3826 1325 2135 2136 2288 
3827 1270 1856 2075 2445 
3828 1145 1660 1423 1878 
3829 1026 2113 1358 2330 
3830 803 1477 1895 2353 
3831 1186 1560 1566 2688 
3832 1433 1711 1305 2233 
3833 47 300 1501 1947 
3834 1531 2322 2006 2403 
3835 1672 2080 2017 2435 
3836 1495 1919 1702 2321 
3837 1279 1368 2004 2129 
3838 475 1668 425 1759 
3839 1440 1510 1243 1868 
3840 1319 1266 1502 1675 
3841 1272 1393 1290 1725 
3842 501 2140 503 2262 
3843 1263 1172 1951 2406 
3844 543 528 477 2147 
3845 14 1481 1441 1941 
3846 1227 1479 1780 2621 
3847 779 1530 1486 2250 
3848 291 292 2029 2314 
3849 203 1972 286 2076 
3850 1229 2259 1770 2491 
3851 356 322 160 1859 
3852 1368 1582 2357 2361 
3853 1683 1785 1172 2414 
3854 16 523 15 1666 
3855 1462 2602 1384 2673 
3856 1499 1682 1520 2269 
3857 182 183 181 1793 
3858 1453 2042 1506 2264 
3859 1213 1275 1993 2073 
3860 1364 2342 1745 2680 
3861 1368 1804 1790 2357 
3862 99 98 565 2405 
3863 1328 1797 1589 2423 
3864 1410 1306 1980 2361 
3865 1669 1313 2074 2502 
3866 1184 1323 1316 2271 
3867 1143 2175 1532 2645 
3868 176 174 336 2667 
3869 1174 1663 1256 2027 
3870 1763 1970 1127 2612 
3871 1460 1233 1877 2324 
3872 1078 1504 876 1654 
3873 492 535 515 2426 
3874 836 1817 1398 2118 
3875 1146 2162 1499 2230 
3876 1138 1798 1495 1919 
3877 1597 1821 1165 1869 
3878 1224 2128 1733 2462 
3879 1593 2114 2051 2146 
3880 1492 1580 1352 2005 
3881 642 572 1591 2226 
3882 1176 1762 1733 2461 
3883 1328 2300 1797 2589 
3884 1550 2422 1552 2431 
3885 1838 1911 1318 2079 
3886 1254 1360 1620 1792 
3887 1132 1724 1606 2071 
3888 1138 1798 2085 2178 
3889 56 2226 57 2693 
3890 1423 1762 1878 2684 
3891 96 97 125 2312 
3892 1693 1712 1367 1892 
3893 1177 1273 1290 2138 
3894 706 673 705 1644 
3895 1642 1393 2078 2421 
3896 1173 1875 1640 1876 
3897 1378 1200 1625 2104 
3898 33 34 522 2398 
3899 1431 1772 1415 2297 
3900 1107 2170 1371 2697 
3901 1367 1693 1151 1712 
3902 1142 1550 1886 2063 
3903 1294 1422 1897 2292 
3904 1374 1016 1998 2316 
3905 556 710 653 2308 
3906 1112 1037 1763 2345 
3907 1155 1231 1608 2106 
3908 1545 1559 1490 1840 
3909 1196 1147 1767 2342 
3910 1215 1768 1360 1917 
3911 1255 1414 1638 2430 
3912 1382 1940 2454 2689 
3913 47 46 1561 1954 
3914 716 569 70 2549 
3915 1236 1474 1475 2699 
3916 1275 1615 1213 1890 
3917 1174 1728 1663 2027 
3918 2037 2271 1184 2492 
3919 1162 1553 2014 2068 
3920 1171 1640 1875 1876 
3921 1703 1806 1767 2298 
3922 433 2538 410 2539 
3923 1113 1068 1874 2015 
3924 1455 807 2495 2668 
3925 222 223 2084 2704 
3926 1179 1829 1800 2393 
3927 620 604 617 2291 
3928 1276 1954 1781 2034 
3929 680 1946 683 2235 
3930 680 586 1946 2235 
3931 1178 1649 1650 1882 
3932 1268 2220 1631 2221 
3933 1561 1954 1503 2027 
3934 1677 1819 1337 2266 
3935 1560 1709 1186 1766 
3936 538 545 447 1661 
3937 1613 1891 1612 2519 
3938 1169 1682 1499 2282 
3939 747 1495 1702 2321 
3940 79 736 80 2166 
3941 539 541 1722 2244 
3942 1424 1916 1301 2222 
3943 883 1899 1365 2477 
3944 1127 1498 2104 2137 
3945 799 1455 2035 2384 
3946 1598 2272 2073 2419 
3947 1121 1506 1694 2395 
3948 1574 2151 874 2378 
3949 1399 1673 1556 2408 
3950 1815 2403 1330 2652 
3951 1273 1924 1474 2277 
3952 1664 2109 1578 2410 
3953 421 419 2281 2580 
3954 1143 2684 1655 2685 
3955 1376 1999 1961 2070 
3956 1187 1410 1685 2026 
3957 1338 2231 1186 2258 
3958 1351 1497 1226 1791 
3959 1480 1543 1207 2142 
3960 1324 1428 1227 1737 
3961 228 227 1577 2394 
3962 1142 1796 1531 2003 
3963 1285 1369 1758 2572 
3964 27 133 28 1614 
3965 1325 1467 2135 2288 
3966 1214 1499 1170 2081 
3967 1314 1539 1538 2170 
3968 979 1623 2194 2588 
3969 2050 2340 249 2630 
3970 1538 1818 1314 2170 
3971 1515 1936 873 2157 
3972 1218 1853 2007 2344 
3973 233 1910 140 2161 
3974 1168 1760 1571 2124 
3975 1192 1628 2217 2265 
3976 1151 1367 1712 2566 
3977 1216 2337 1746 2464 
3978 788 1667 2157 2174 
3979 684 1880 603 1929 
3980 1330 1814 1958 1988 
3981 612 611 613 1585 
3982 82 1645 83 2438 
3983 1139 1683 1785 2457 
3984 547 500 1873 2433 
3985 453 1866 537 2320 
3986 1556 1673 1588 2556 
3987 1235 1324 1731 1855 
3988 1129 1852 1621 2113 
3989 1693 2268 1922 2363 
3990 103 1572 1686 1757 
3991 1473 1801 2190 2643 
3992 825 826 1678 2369 
3993 717 666 724 1918 
3994 524 369 469 2516 
3995 1204 2373 1742 2449 
3996 1364 1563 1870 2342 
3997 876 1504 2154 2384 
3998 1602 1457 2060 2425 
3999 2322 2403 1531 2652 
4000 1214 1938 1566 2132 
4001 1137 2125 1660 2432 
4002 350 184 1793 1881 
4003 1157 1410 1810 2201 
4004 1158 1201 1884 2556 
4005 1134 1813 1818 2391 
4006 115 1524 1702 2588 
4007 1476 2494 1979 2583 
4008 1512 1158 1673 2286 
4009 1693 1367 1922 2268 
4010 1143 1693 1892 2175 
4011 1661 1738 1305 1951 
4012 1714 2409 1548 2424 
4013 507 2374 391 2563 
4014 808 1755 1541 2653 
4015 853 836 1817 2496 
4016 1476 1221 2014 2382 
4017 1500 1711 2255 2448 
4018 1381 1669 2074 2502 
4019 1229 1770 1425 2491 
4020 1477 1667 1634 2532 
4021 48 376 47 1954 
4022 31 304 151 1638 
4023 1144 1579 1721 2322 
4024 1145 1878 1762 2256 
4025 391 388 390 1565 
4026 1145 1423 1762 1878 
4027 1776 1830 1200 2435 
4028 1141 1826 1983 2593 
4029 1228 1261 1526 2285 
4030 1337 2265 1729 2436 
4031 1158 2318 1610 2329 
4032 68 735 69 2001 
4033 1628 1805 1274 2434 
4034 522 1624 485 1896 
4035 1142 1447 2025 2590 
4036 471 470 1780 2086 
4037 1305 1661 1433 1738 
4038 1641 1837 1162 2336 
4039 1224 1652 1816 1982 
4040 1173 1640 1249 2272 
4041 1152 1650 2083 2099 
4042 1222 1977 1663 2153 
4043 1297 1459 1765 2619 
4044 802 1020 1895 2157 
4045 68 328 67 2394 
4046 1171 1875 1640 2134 
4047 1283 1629 1471 2019 
4048 1567 1627 1240 2079 
4049 1281 1402 1212 1677 
4050 1654 2035 1455 2384 
4051 1022 1736 1467 1988 
4052 1442 1501 1341 2350 
4053 1588 1883 1399 2419 
4054 1314 2154 1672 2518 
4055 918 1935 2325 2595 
4056 226 229 329 1525 
4057 1476 1856 953 2494 
4058 227 228 1577 2144 
4059 619 643 681 2659 
4060 332 1576 324 1995 
4061 1671 2128 2063 2685 
4062 1218 1658 1156 2007 
4063 1294 1822 1205 2292 
4064 1178 1735 1650 2553 
4065 12 1963 1648 2536 
4066 1273 1834 1388 1924 
4067 1720 1981 1728 2230 
4068 1334 1699 1277 1903 
4069 1490 1559 1545 2433 
4070 134 361 322 1859 
4071 1423 2063 2000 2128 
4072 1536 1596 1453 1688 
4073 821 1346 1071 2189 
4074 979 1743 2194 2260 
4075 995 1688 2240 2309 
4076 542 452 472 2328 
4077 1149 1550 2063 2431 
4078 1320 1366 1281 1644 
4079 1490 1615 1213 2492 
4080 64 63 1747 2614 
4081 1208 2028 1611 2200 
4082 1149 2063 1671 2128 
4083 1304 1708 1511 2126 
4084 1070 1081 2118 2158 
4085 1487 1311 2109 2311 
4086 1597 1671 1165 1821 
4087 1330 1958 1077 2283 
4088 769 1092 977 1416 
4089 1176 2181 1233 2461 
4090 648 1807 663 2033 
4091 1295 2302 1758 2554 
4092 1204 2106 1742 2373 
4093 925 1694 927 2304 
4094 1240 1627 1567 2099 
4095 1570 1797 1291 2375 
4096 487 1696 491 2335 
4097 637 658 636 2606 
4098 1464 1832 1689 2021 
4099 1578 1956 1713 2410 
4100 1202 1136 1991 2522 
4101 860 2347 1879 2652 
4102 1397 1557 1394 1626 
4103 1163 1264 1584 1853 
4104 1467 1721 791 2283 
4105 53 1859 52 2570 
4106 1232 1376 1305 2070 
4107 1303 1495 1708 1798 
4108 1581 2113 1129 2638 
4109 947 1627 907 2345 
4110 1168 1571 1556 2124 
4111 1139 1520 1700 1798 
4112 850 2154 1104 2518 
4113 1315 1282 2072 2546 
4114 235 232 292 1792 
4115 520 460 373 2320 
4116 1113 1874 1068 2326 
4117 1271 1463 1225 1806 
4118 42 2147 41 2239 
4119 1129 1581 1790 2113 
4120 152 82 1819 2254 
4121 588 586 591 1715 
4122 1564 1814 1786 2200 
4123 1071 1346 821 2105 
4124 743 1572 1757 2163 
4125 1239 1889 1800 2355 
4126 1221 1627 1979 2348 
4127 997 1582 1581 1804 
4128 1817 2094 1401 2118 
4129 979 1459 1743 2260 
4130 1171 1875 1785 1876 
4131 1796 1822 1352 2003 
4132 1298 1590 1965 2594 
4133 826 1025 1838 2369 
4134 276 211 155 2038 
4135 1174 1720 1728 2024 
4136 24 1722 1950 2544 
4137 1434 1345 1924 2317 
4138 1166 1706 1714 2626 
4139 1155 1608 1230 2201 
4140 1659 2623 2146 2698 
4141 1635 1940 1267 2190 
4142 738 1645 82 2031 
4143 1113 1554 2015 2326 
4144 1615 1890 1638 2242 
4145 1520 1938 1700 2085 
4146 1389 1794 2203 2383 
4147 1447 1823 1794 2064 
4148 1525 229 1910 2161 
4149 1155 1231 2106 2399 
4150 769 1416 977 2270 
4151 1235 1324 1968 2483 
4152 1244 1837 1641 2043 
4153 1389 1597 1532 1869 
4154 620 604 2291 2310 
4155 1553 1583 1765 1908 
4156 900 1698 903 1860 
4157 1353 1902 1258 2044 
4158 629 1871 668 2291 
4159 1364 1635 1664 2680 
4160 1378 1607 1498 2104 
4161 979 2194 1623 2260 
4162 1020 1935 1755 1936 
4163 1627 2345 1695 2629 
4164 1327 1649 1602 1870 
4165 1171 1631 1785 2457 
4166 1344 1789 1604 1909 
4167 1330 2372 1958 2403 
4168 1473 1931 1411 2238 
4169 1235 1968 1855 2616 
4170 1707 2297 1503 2603 
4171 864 2199 2013 2689 
4172 316 338 143 1494 
4173 1127 2104 1605 2137 
4174 1728 1977 1663 2027 
4175 1819 1820 1337 2266 
4176 1139 1578 1409 2414 
4177 1457 1513 1203 2060 
4178 487 1594 1696 2335 
4179 1138 2178 1732 2287 
4180 47 510 46 1954 
4181 1395 1732 1146 1981 
4182 1295 1758 1440 2554 
4183 516 522 1896 2398 
4184 1349 1188 1631 2307 
4185 1221 2099 2348 2454 
4186 412 1696 487 2387 
4187 1129 1778 1509 2336 
4188 814 815 1541 1801 
4189 1411 2280 2189 2697 
4190 1398 1817 836 2496 
4191 281 2331 238 2607 
4192 1415 2297 1707 2426 
4193 1521 1717 1469 2045 
4194 1239 1800 1794 2626 
4195 1520 1872 1578 2023 
4196 1298 2248 2427 2594 
4197 286 1972 1868 2076 
4198 1263 1661 1433 1951 
4199 1563 1196 1903 2342 
4200 1698 2247 2234 2548 
4201 1175 1703 1446 1716 
4202 15 534 14 1599 
4203 487 1696 1594 2387 
4204 812 1830 811 2668 
4205 1538 2408 1987 2682 
4206 1213 1993 1598 2492 
4207 1465 2530 2173 2613 
4208 461 459 1937 2086 
4209 1330 1815 2372 2403 
4210 1839 2296 1132 2371 
4211 1228 1345 1261 1742 
4212 1306 1810 1410 2486 
4213 1381 1247 1549 2040 
4214 665 667 2133 2657 
4215 1173 1713 1540 1883 
4216 1216 1789 1522 1909 
4217 1497 1791 1351 2658 
4218 1428 1661 1435 2140 
4219 1293 1239 2064 2279 
4220 1428 1731 1488 2016 
4221 1558 1573 1422 2549 
4222 1166 1714 1377 2355 
4223 227 1525 226 2144 
4224 1505 1629 1257 1659 
4225 1201 2124 1854 2187 
4226 1216 1687 1674 1746 
4227 1371 1538 1987 2280 
4228 1312 1375 1646 1952 
4229 29 1490 547 1873 
4230 1252 1634 1512 1828 
4231 8 7 2065 2617 
4232 1258 1902 1680 2521 
4233 1674 1989 106 2326 
4234 1231 1319 1266 1502 
4235 535 441 477 2147 
4236 1171 1511 2126 2221 
4237 1191 2232 1246 2691 
4238 1308 2285 1261 2611 
4239 1538 1818 1813 2391 
4240 922 1539 923 1763 
4241 58 57 562 2226 
4242 1178 1650 1912 2553 
4243 1486 2396 1949 2681 
4244 1213 1990 1745 1993 
4245 1222 1443 1977 2153 
4246 1501 1749 165 2506 
4247 1282 1412 1201 2546 
4248 111 2240 1688 2404 
4249 1694 2304 925 2395 
4250 883 1365 1899 2197 
4251 1235 1559 1488 2538 
4252 1269 1926 1811 1927 
4253 1603 2559 1789 2562 
4254 49 50 1781 2673 
4255 412 495 487 1696 
4256 540 2244 1873 2433 
4257 491 487 494 1696 
4258 1149 1652 2564 2633 
4259 1673 2124 1134 2286 
4260 673 1644 706 2031 
4261 2051 2285 1575 2323 
4262 540 1873 365 2433 
4263 1332 2029 2161 2314 
4264 506 1772 507 2563 
4265 14 1941 1441 2084 
4266 1206 1710 2036 2093 
4267 1703 1806 1225 2032 
4268 1384 1462 1351 1866 
4269 1349 1631 1842 2307 
4270 1274 1844 1628 2266 
4271 1186 2100 1338 2258 
4272 1216 1746 1522 2464 
4273 1150 1625 1689 2429 
4274 1398 2296 1567 2382 
4275 54 53 135 2428 
4276 410 2538 2131 2539 
4277 1137 1886 1550 2063 
4278 2071 2186 2051 2484 
4279 1386 1513 1334 2576 
4280 242 241 240 1670 
4281 457 1937 459 2086 
4282 1144 2055 1579 2322 
4283 1838 1998 1016 2316 
4284 1410 1980 1306 2058 
4285 1226 1769 1565 2598 
4286 1378 1200 2104 2435 
4287 1171 2126 1631 2221 
4288 1456 1513 1457 2060 
4289 1035 2234 1943 2548 
4290 1217 1589 1797 2423 
4291 1275 1190 1990 1993 
4292 1794 2052 1293 2064 
4293 541 514 1722 2244 
4294 238 240 239 1670 
4295 862 887 1077 1958 
4296 1646 1647 11 1962 
4297 913 2183 1726 2284 
4298 1755 1934 1252 1935 
4299 2 1591 572 2226 
4300 1177 1655 1774 2684 
4301 1760 1854 1201 2124 
4302 1298 1756 1694 1939 
4303 1168 1556 1854 2124 
4304 461 460 544 1937 
4305 1205 1185 1300 2292 
4306 1273 1417 1290 1719 
4307 1175 1745 1716 2582 
4308 1401 1234 2118 2158 
4309 1206 2036 2203 2569 
4310 1293 1800 1239 2279 
4311 1850 2109 1587 2670 
4312 557 674 741 2276 
4313 1702 1826 1623 2108 
4314 1290 1417 1273 2198 
4315 1708 1798 1495 1957 
4316 1691 1692 1433 2263 
4317 101 555 2 1802 
4318 1519 2000 1423 2063 
4319 1448 1920 1196 2290 
4320 1374 1398 1817 2296 
4321 1294 1885 1822 2005 
4322 1094 874 1574 2151 
4323 799 1455 801 2035 
4324 1342 1837 1448 2145 
4325 1247 1945 1549 2571 
4326 1347 2344 2007 2687 
4327 1192 1819 1336 1820 
4328 1293 1466 1831 2305 
4329 368 485 1624 1959 
4330 1202 1904 1136 2522 
4331 1220 1157 2121 2554 
4332 1285 1220 1758 2554 
4333 1158 1760 1571 2136 
4334 1154 2119 1607 2169 
4335 1254 1215 1792 2028 
4336 15 1666 1599 2392 
4337 1274 1195 1805 2087 
4338 996 1874 1582 2452 
4339 1333 1525 1910 2161 
4340 144 218 288 1630 
4341 1199 1472 2051 2114 
4342 799 2035 1654 2384 
4343 1207 1917 1768 2329 
4344 968 1570 1604 2695 
4345 1481 1941 14 2392 
4346 466 367 11 1646 
4347 100 1475 1802 2224 
4348 1208 1332 1264 1611 
4349 787 1467 1022 1736 
4350 1275 1638 1301 2242 
4351 1362 1492 2005 2136 
4352 1477 2353 1504 2694 
4353 1744 2083 1563 2261 
4354 1251 1311 1956 1957 
4355 1492 2005 1863 2568 
4356 1159 1452 1932 2665 
4357 1273 1460 1290 2138 
4358 1653 2191 2177 2569 
4359 1214 1499 1312 1791 
4360 1622 1645 1281 1677 
4361 1210 2350 1155 2535 
4362 1352 1144 1492 2322 
4363 952 1856 1476 1979 
4364 1372 2207 1953 2666 
4365 208 1868 204 1972 
4366 1399 1690 1883 1987 
4367 1276 2024 1728 2117 
4368 2107 1396 2487 2491 
4369 1517 1712 1367 2566 
4370 1439 1913 1858 2018 
4371 1817 2118 1839 2296 
4372 1450 1928 1633 2237 
4373 1500 2255 1917 2448 
4374 1796 2006 1706 2403 
4375 440 429 1435 2140 
4376 1235 1324 1594 1731 
4377 989 745 1702 1826 
4378 1563 1744 1364 2453 
4379 1160 1611 2028 2200 
4380 1386 1334 2012 2576 
4381 1307 1814 1786 1955 
4382 1465 1740 2173 2530 
4383 1170 1656 1700 1938 
4384 1171 1785 1631 2126 
4385 70 1573 71 1662 
4386 65 1535 64 1679 
4387 1426 1274 1677 2266 
4388 1365 2197 883 2636 
4389 1341 1501 2225 2506 
4390 1444 1636 73 2331 
4391 1390 1635 1751 2218 
4392 1402 1645 1281 2031 
4393 1330 1077 1958 2651 
4394 380 545 1738 2233 
4395 453 1937 1866 2320 
4396 1070 1770 1081 2158 
4397 245 269 2219 2533 
4398 1551 2176 1809 2664 
4399 587 584 586 1715 
4400 1228 1283 2051 2285 
4401 1218 1348 1779 2586 
4402 1155 2201 1210 2511 
4403 145 1489 334 1761 
4404 656 654 657 1665 
4405 774 772 773 1298 
4406 1505 1526 1345 2196 
4407 46 1947 1561 2241 
4408 1131 1658 1548 1676 
4409 1340 1680 1219 2100 
4410 1214 1312 1499 2081 
4411 1021 1487 946 1841 
4412 1584 1179 1889 2393 
4413 525 1781 452 1954 
4414 1515 1936 1546 2185 
4415 334 145 86 1489 
4416 1180 1823 1794 2025 
4417 1778 2107 1777 2417 
4418 1149 2000 1519 2063 
4419 1605 1763 859 2369 
4420 539 365 455 1873 
4421 1778 1852 1509 2456 
4422 1331 2080 1144 2366 
4423 595 598 596 1723 
4424 1187 2036 1461 2531 
4425 1569 1624 1284 1896 
4426 1272 1369 1191 2232 
4427 815 1801 1411 2697 
4428 979 2194 1743 2588 
4429 1262 2046 2267 2368 
4430 1195 1472 2114 2146 
4431 115 761 1524 2588 
4432 787 789 1467 2174 
4433 1252 1755 1895 2343 
4434 68 2001 1355 2049 
4435 262 324 332 1576 
4436 1590 1799 1098 2378 
4437 1942 2094 1125 2624 
4438 1003 2326 1989 2622 
4439 1437 1530 1949 2211 
4440 409 428 2140 2159 
4441 48 2034 47 2225 
4442 39 40 2012 2576 
4443 1417 2198 1474 2277 
4444 1310 1895 1755 2343 
4445 1152 1751 1940 2453 
4446 1162 1509 2068 2456 
4447 1499 2282 1682 2470 
4448 1312 1214 1544 1646 
4449 1128 1953 1939 2264 
4450 1745 2342 1716 2680 
4451 853 836 834 1817 
4452 362 364 195 2338 
4453 1887 2489 2450 2665 
4454 1155 1407 1608 1914 
4455 1346 1601 1763 1832 
4456 84 127 1819 1971 
4457 70 1419 69 2549 
4458 706 738 563 2031 
4459 1197 1521 1469 2045 
4460 1232 1348 1170 1375 
4461 1498 1127 1607 2169 
4462 122 200 353 2143 
4463 1170 1700 1656 2269 
4464 1155 2350 1266 2535 
4465 729 634 688 1928 
4466 1228 1345 1505 1526 
4467 353 92 93 1526 
4468 937 926 1344 1909 
4469 1343 1829 1800 2177 
4470 1179 2367 1829 2393 
4471 572 2 555 1591 
4472 1391 1716 1664 1872 
4473 70 69 1419 2314 
4474 1195 1967 1274 2434 
4475 1252 1546 1515 1936 
4476 1502 1675 1266 2370 
4477 1634 2102 1512 2286 
4478 1278 1984 1694 2192 
4479 1632 1803 1371 1987 
4480 1300 1422 1205 2292 
4481 116 115 1524 1702 
4482 1728 2024 1276 2027 
4483 1128 1756 1694 1973 
4484 464 1544 544 2617 
4485 1984 2211 1676 2681 
4486 1303 1708 1495 2644 
4487 735 68 560 2001 
4488 1146 1938 2085 2468 
4489 1140 1390 1635 2238 
4490 1807 2078 1393 2421 
4491 1395 1663 1764 2287 
4492 744 1674 106 2326 
4493 1471 1629 1472 2397 
4494 1211 1336 1820 1894 
4495 1425 1621 1234 2158 
4496 1352 2003 1551 2055 
4497 834 1817 836 2094 
4498 453 458 1866 1937 
4499 1313 1861 2259 2514 
4500 64 1836 722 2679 
4501 4 1906 982 2095 
4502 904 1860 1669 2624 
4503 1564 2377 2005 2471 
4504 210 1739 207 2635 
4505 1382 1476 2014 2445 
4506 1252 1936 1515 2157 
4507 953 1476 952 1856 
4508 1362 1610 1564 1786 
4509 1664 1716 1148 1872 
4510 1331 1654 2057 2366 
4511 1694 2192 927 2304 
4512 1879 2300 1328 2589 
4513 1216 2337 1653 2531 
4514 1368 1279 1804 2129 
4515 441 425 475 1668 
4516 999 1804 1581 2330 
4517 1151 1922 1608 2026 
4518 1055 1740 1678 2561 
4519 1055 1678 1740 2115 
4520 428 1435 429 2140 
4521 1459 2194 2004 2619 
4522 524 469 545 1661 
4523 265 1910 17 1994 
4524 1453 1688 1596 2666 
4525 1215 1333 1332 1611 
4526 1277 1569 1898 2298 
4527 1548 1973 1343 2424 
4528 1261 1742 1345 2317 
4529 1669 1771 1313 2502 
4530 1324 1769 1379 2011 
4531 1578 1664 1148 1872 
4532 1416 1826 988 1827 
4533 1158 2136 1610 2318 
4534 1181 1492 1863 2136 
4535 1609 2083 1744 2261 
4536 1235 1488 1731 2538 
4537 1382 2013 1587 2689 
4538 135 321 54 1718 
4539 1211 1336 1592 1820 
4540 1198 1566 1791 2230 
4541 463 1780 470 2086 
4542 883 895 1899 2477 
4543 1293 2052 1535 2064 
4544 1146 1395 1560 2214 
4545 394 1997 1769 2335 
4546 1271 1277 1699 1903 
4547 30 1638 1890 2242 
4548 1476 1382 1857 2445 
4549 1716 1745 1446 2582 
4550 1130 1613 1786 1955 
4551 1139 1798 1708 1956 
4552 1244 1182 1430 2611 
4553 1649 2060 1882 2579 
4554 1299 1626 1557 1665 
4555 1913 2040 1660 2548 
4556 1154 2123 1813 2351 
4557 1263 1734 1172 1864 
4558 1570 1217 1604 1846 
4559 648 650 649 2245 
4560 1173 1673 1640 2556 
4561 1406 1562 2253 2425 
4562 1500 1917 1845 2448 
4563 1581 1804 1790 2330 
4564 1582 2129 1804 2404 
4565 1635 1473 2190 2238 
4566 1166 1377 1814 2200 
4567 1129 1915 1621 2417 
4568 1153 1343 1800 2177 
4569 559 719 96 1834 
4570 1158 1760 2136 2318 
4571 815 1803 1801 2697 
4572 1227 1951 1682 2470 
4573 1104 2154 1314 2518 
4574 1374 1627 1567 2079 
4575 544 1544 464 1952 
4576 1171 1512 1640 1876 
4577 1186 1766 1709 2258 
4578 1139 1409 1785 2414 
4579 810 1830 812 2668 
4580 1310 1803 1632 1987 
4581 545 380 524 2233 
4582 1213 1275 1990 1993 
4583 797 1721 795 2035 
4584 699 1719 731 2405 
4585 150 1701 307 2171 
4586 727 1871 569 2001 
4587 1440 1758 1295 2289 
4588 1134 1571 1556 1813 
4589 1499 1170 1682 2269 
4590 1371 1803 1690 1987 
4591 717 1918 724 2596 
4592 1374 1398 2296 2496 
4593 1385 1982 1715 2466 
4594 1306 1914 1810 2486 
4595 968 1570 906 1797 
4596 1415 1287 1503 1772 
4597 1221 1398 1979 2496 
4598 1185 1205 1822 2292 
4599 347 181 183 2411 
4600 1856 1921 953 2494 
4601 1317 1527 1296 2313 
4602 1278 1756 1694 1984 
4603 1166 1377 2200 2355 
4604 1100 947 1627 1998 
4605 648 2245 649 2581 
4606 825 823 1605 1678 
4607 489 1699 432 2281 
4608 1139 1785 1409 1956 
4609 1030 843 798 2035 
4610 1511 1785 1409 1876 
4611 1554 2566 1712 2622 
4612 524 20 21 2263 
4613 1267 1364 1635 1664 
4614 1530 1984 1278 2077 
4615 1332 1333 1215 1500 
4616 1550 1552 1265 2273 
4617 1153 2180 2061 2637 
4618 445 2131 434 2244 
4619 1511 1708 1304 1957 
4620 1248 1380 1687 1784 
4621 1298 1694 1506 1939 
4622 1575 1354 2148 2186 
4623 899 896 1698 1899 
4624 1171 1785 1511 1876 
4625 471 401 2376 2621 
4626 91 1918 92 2196 
4627 1193 1257 1659 2517 
4628 1743 2075 1270 2542 
4629 265 231 1910 2161 
4630 1805 1844 1274 2087 
4631 801 1455 807 2495 
4632 1546 2102 1171 2221 
4633 1143 2175 1892 2591 
4634 945 1574 1014 2378 
4635 1417 2277 1474 2699 
4636 1224 1259 1652 2237 
4637 1531 1796 1352 2003 
4638 21 22 2263 2465 
4639 2055 2322 1531 2652 
4640 26 27 1873 1974 
4641 1188 1574 1752 2127 
4642 421 1463 420 2580 
4643 1407 1517 2373 2566 
4644 1110 1081 1861 2094 
4645 1585 1877 1233 2324 
4646 1156 1676 1756 2367 
4647 61 1528 60 1639 
4648 1469 1521 1197 2121 
4649 904 1669 1860 1943 
4650 64 1535 2139 2614 
4651 1532 1597 1389 2175 
4652 503 2140 2016 2262 
4653 268 1592 145 1761 
4654 1127 1689 1832 2021 
4655 516 379 522 2398 
4656 1858 1913 1439 2487 
4657 1274 1805 1628 1844 
4658 1144 2080 1657 2366 
4659 1729 2254 1337 2436 
4660 362 357 317 1562 
4661 1780 2081 1952 2160 
4662 1407 1777 2107 2417 
4663 1155 1777 1407 1914 
4664 1012 1936 1084 2185 
4665 613 1877 614 2133 
4666 1497 1565 1226 1769 
4667 1131 1658 1676 2358 
4668 86 1489 145 2334 
4669 353 1526 200 2182 
4670 1480 1845 1543 2465 
4671 1427 1686 2125 2700 
4672 1190 2218 1993 2641 
4673 991 116 1524 2587 
4674 146 2448 274 2600 
4675 1268 1613 2519 2604 
4676 499 445 540 1559 
4677 1378 1607 2104 2429 
4678 624 2216 671 2236 
4679 1273 1290 1460 1719 
4680 1305 1711 1433 2406 
4681 1234 1773 1398 2583 
4682 817 1411 815 1801 
4683 122 308 358 2578 
4684 1072 764 1061 1909 
4685 1439 1742 1345 2354 
4686 374 498 532 2433 
4687 1413 1235 1594 2131 
4688 1728 1977 1276 2117 
4689 1160 1891 1610 2329 
4690 840 1893 846 2158 
4691 1313 1861 2074 2259 
4692 654 1557 2033 2512 
4693 671 2216 622 2236 
4694 1786 1891 1613 2519 
4695 1283 1904 1575 2285 
4696 1142 1447 1796 1823 
4697 1191 2103 1774 2645 
4698 1178 1650 1649 1912 
4699 1252 1546 1512 1634 
4700 1290 1460 1233 2138 
4701 1996 2398 33 2467 
4702 153 2254 277 2490 
4703 1694 1984 1058 2192 
4704 1330 1815 1958 2372 
4705 611 613 2661 2672 
4706 534 523 480 2620 
4707 1318 1625 1678 2104 
4708 1369 1978 1758 2572 
4709 819 1984 1530 2077 
4710 1228 1629 1659 2051 
4711 1154 2046 2017 2365 
4712 1149 1652 2087 2128 
4713 1194 1370 1250 2560 
4714 1461 2036 1948 2569 
4715 1036 920 1504 1835 
4716 1318 1238 1838 2561 
4717 1137 1423 1660 2168 
4718 1221 1979 1627 2496 
4719 1298 2248 773 2427 
4720 1453 2309 1688 2452 
4721 1473 1940 1635 2190 
4722 1019 1797 2300 2589 
4723 1077 1330 2283 2651 
4724 300 163 132 1501 
4725 25 301 26 1617 
4726 1899 2352 1365 2566 
4727 1241 1424 1337 1729 
4728 1447 1589 1389 2590 
4729 1601 2021 1832 2628 
4730 1498 1314 1672 1830 
4731 1394 1626 1246 2691 
4732 1318 1678 1238 2561 
4733 612 2133 610 2661 
4734 1297 1766 1732 1919 
4735 805 1632 1895 2653 
4736 1395 1732 1583 1765 
4737 983 2042 1506 2505 
4738 2341 2519 1613 2604 
4739 1207 1360 1768 1917 
4740 14 1481 1962 1963 
4741 341 194 185 2459 
4742 1447 1389 2025 2590 
4743 58 1537 562 2245 
4744 1690 1803 1310 1987 
4745 50 1462 513 1781 
4746 1427 2163 1757 2700 
4747 1208 1405 1419 1558 
4748 611 2661 691 2672 
4749 695 2412 696 2676 
4750 1351 1616 1462 2024 
4751 1270 1553 1583 1765 
4752 1155 1507 2301 2511 
4753 1584 1612 1163 2274 
4754 1522 1372 1953 2464 
4755 1512 1934 1252 2343 
4756 1210 2511 2413 2535 
4757 514 1950 1722 2244 
4758 1130 1736 2364 2519 
4759 1694 1756 1298 1984 
4760 1434 1924 1474 2317 
4761 68 1355 2001 2488 
4762 1150 1911 1593 2484 
4763 701 2033 2293 2512 
4764 1487 2199 1485 2557 
4765 568 705 711 2275 
4766 1171 1512 1876 2221 
4767 1676 1984 1278 2211 
4768 1036 1654 795 1835 
4769 1312 1226 1497 1791 
4770 1143 1774 1878 2472 
4771 1596 1279 2567 2640 
4772 1207 1845 1360 1917 
4773 2 51 356 1859 
4774 1382 1908 1583 2445 
4775 1767 1806 1174 2067 
4776 1550 1265 1552 2422 
4777 1228 2285 2051 2323 
4778 1146 1732 1395 2214 
4779 1144 2288 1492 2322 
4780 1411 1801 817 2208 
4781 1191 1246 2232 2572 
4782 532 547 1490 2433 
4783 478 432 489 1699 
4784 661 576 1725 1905 
4785 709 567 59 2245 
4786 1168 2267 2046 2368 
4787 1363 1460 1233 1877 
4788 1290 1233 1460 1637 
4789 1391 1520 1872 2178 
4790 1371 1803 2677 2697 
4791 1726 1957 1251 2183 
4792 1163 1842 1491 1901 
4793 860 861 844 1815 
4794 1211 1576 1701 2555 
4795 440 1435 1661 2140 
4796 29 28 1615 1873 
4797 336 333 306 1675 
4798 1165 1671 1597 2685 
4799 648 1807 2033 2581 
4800 1159 1461 1783 1948 
4801 1506 1258 2042 2110 
4802 687 689 1928 2031 
4803 1179 1853 1584 2478 
4804 1860 1861 1698 2074 
4805 1267 1664 1635 2410 
4806 850 1672 1015 2154 
4807 263 1971 359 2555 
4808 982 1906 934 2095 
4809 1051 1541 808 2284 
4810 218 219 220 2585 
4811 1273 1834 1924 2277 
4812 158 2076 286 2289 
4813 1372 1980 1547 2666 
4814 1190 1870 1327 1990 
4815 1372 1746 2337 2464 
4816 1182 1269 1811 1927 
4817 1152 1568 1912 2212 
4818 1763 1832 1127 1970 
4819 1414 1478 1255 1638 
4820 1269 1430 1308 1793 
4821 1078 876 1504 2154 
4822 1324 1855 1235 1968 
4823 1 1454 349 1718 
4824 1754 1826 1141 2593 
4825 1593 1625 1967 2504 
4826 1380 1687 1784 2562 
4827 1139 1520 1578 2023 
4828 813 823 1678 2115 
4829 1035 1698 2234 2548 
4830 1352 1822 1796 2006 
4831 2339 2352 1899 2566 
4832 1548 1756 1676 2367 
4833 87 2334 2010 2400 
4834 1171 1876 1511 2221 
4835 70 1573 1662 2314 
4836 192 2019 341 2459 
4837 4 1906 1572 2589 
4838 1580 1657 1262 2368 
4839 146 273 2188 2600 
4840 1141 1766 1338 2258 
4841 1219 1902 1680 2665 
4842 192 341 187 2459 
4843 1995 1996 33 2467 
4844 907 947 949 2629 
4845 1365 1899 1555 2477 
4846 1596 1688 1279 2129 
4847 1138 1732 1583 2287 
4848 1495 1827 1702 1919 
4849 29 1615 28 2242 
4850 1813 2123 1556 2351 
4851 1654 1721 1144 2035 
4852 1034 1459 2260 2330 
4853 1273 1460 1833 1834 
4854 1763 1832 1601 2021 
4855 1134 1673 1828 1987 
4856 620 700 604 2310 
4857 131 58 2059 2076 
4858 1147 1908 1764 2287 
4859 1199 1471 1283 1472 
4860 1763 1127 2137 2612 
4861 1263 1855 1428 1951 
4862 1177 1733 1290 2385 
4863 538 1661 447 1738 
4864 80 2166 81 2254 
4865 1267 1841 1487 2190 
4866 1250 1296 1527 2313 
4867 1179 1361 1292 2344 
4868 10 11 1646 2541 
4869 1139 2023 1578 2414 
4870 1711 1910 1500 2255 
4871 1160 1786 1612 2200 
4872 1517 1280 1712 2339 
4873 249 2050 1930 2340 
4874 1110 1861 838 2094 
4875 1975 2095 982 2649 
4876 1548 2409 2211 2424 
4877 310 311 267 1727 
4878 14 1441 1963 2536 
4879 1281 1350 1320 1644 
4880 1141 2044 1754 2593 
4881 1707 2067 1415 2147 
4882 1230 1341 1295 1619 
4883 1297 1765 1743 2446 
4884 457 458 1937 1985 
4885 1554 1874 1306 2015 
4886 1153 1800 1343 2424 
4887 1517 1407 2352 2566 
4888 620 1665 1529 2679 
4889 467 511 1780 2160 
4890 1598 2009 1184 2037 
4891 137 311 2139 2213 
4892 834 1817 2094 2316 
4893 520 1937 460 2320 
4894 1451 1258 1596 2264 
4895 1395 1583 1764 1765 
4896 1227 1479 1737 2159 
4897 297 128 1636 2331 
4898 1143 1693 1710 2268 
4899 1607 1378 2119 2429 
4900 1352 2005 1822 2006 
4901 696 577 576 1642 
4902 377 1599 481 2160 
4903 1195 2088 1945 2504 
4904 1477 1828 1252 1895 
4905 1698 1899 896 2247 
4906 1335 1595 1412 2692 
4907 1332 2029 1862 2161 
4908 1176 1733 2128 2461 
4909 206 208 1972 2038 
4910 1500 1332 1910 2161 
4911 1139 1700 1484 1708 
4912 1149 2063 1519 2431 
4913 1396 1132 1724 2371 
4914 1257 1681 1350 2181 
4915 1167 1588 2072 2187 
4916 1635 2453 2218 2680 
4917 140 1910 231 2161 
4918 1172 1864 1734 2414 
4919 1176 1233 1762 2461 
4920 1365 2352 1407 2566 
4921 1268 2519 1612 2575 
4922 1361 2344 1179 2478 
4923 767 1516 985 1983 
4924 509 1738 440 2620 
4925 744 1746 1674 2327 
4926 1196 1563 1147 2342 
4927 1389 1869 1532 2025 
4928 268 85 145 1592 
4929 591 1715 586 2235 
4930 282 241 1595 2460 
4931 1561 1977 1445 2241 
4932 1467 789 1835 2174 
4933 1045 1770 1070 2158 
4934 1387 1284 1624 1896 
4935 1726 2183 1251 2284 
4936 1141 2593 1516 2601 
4937 800 1895 1477 2157 
4938 1383 1266 1675 1947 
4939 422 1759 2228 2281 
4940 1656 1700 1338 1754 
4941 747 1702 116 2321 
4942 1143 2268 1774 2472 
4943 1252 1936 1359 2221 
4944 1282 1412 1617 2050 
4945 1299 1242 1626 1665 
4946 1366 1880 1449 1929 
4947 223 2144 2084 2213 
4948 1225 1379 1431 1696 
4949 620 1529 1665 2310 
4950 1240 2249 1354 2407 
4951 1182 1926 1269 1927 
4952 1144 1654 2035 2080 
4953 1219 1347 1348 2092 
4954 1660 2000 1519 2040 
4955 362 124 364 2253 
4956 1538 1987 2280 2682 
4957 95 1834 96 2277 
4958 744 1061 764 1746 
4959 94 2143 93 2196 
4960 1606 1838 2079 2082 
4961 1225 2520 2298 2616 
4962 1813 2169 1154 2351 
4963 1298 1965 1756 2650 
4964 1577 1849 1405 2478 
4965 1297 1732 1766 2214 
4966 1146 1766 1732 2214 
4967 1156 1676 1658 2358 
4968 1267 1364 1664 1850 
4969 940 1797 2163 2306 
4970 639 638 1741 2002 
4971 874 2378 2151 2669 
4972 420 1463 421 2228 
4973 1208 2028 2200 2377 
4974 1158 2286 2102 2663 
4975 1687 1248 1989 2363 
4976 2274 2393 1584 2409 
4977 374 532 2229 2433 
4978 407 1737 401 2621 
4979 1208 1405 1332 1419 
4980 111 995 1688 2240 
4981 1674 1288 2326 2327 
4982 1664 1872 1578 2178 
4983 1307 1613 1736 1955 
4984 1288 1980 1372 2337 
4985 1585 1880 1782 2461 
4986 1143 2168 1423 2685 
4987 382 36 37 1959 
4988 1093 1118 2111 2250 
4989 1315 2072 1588 2546 
4990 1251 1876 1540 1934 
4991 1706 2006 1814 2403 
4992 1307 1613 1949 2479 
4993 1209 1631 2349 2457 
4994 1582 2404 762 2452 
4995 538 545 1661 1738 
4996 329 226 1525 2144 
4997 1796 1823 1447 2626 
4998 1180 2356 1532 2508 
4999 1014 1574 945 2325 
5000 69 291 2029 2314 
5001 167 168 166 2506 
5002 130 304 30 2242 
5003 1359 2185 1631 2221 
5004 1314 1498 1672 2646 
5005 1237 1563 1870 2083 
5006 1459 1743 1297 1765 
5007 1139 1683 2269 2414 
5008 1372 1547 2207 2666 
5009 1182 1641 1244 2145 
5010 1348 1999 1697 2586 
5011 22 2142 2263 2465 
5012 1915 2197 1621 2417 
5013 1700 1754 1656 2209 
5014 660 701 2293 2512 
5015 1201 1412 1335 2546 
5016 1379 1769 1226 2598 
5017 478 1699 489 2281 
5018 207 2038 206 2635 
5019 1703 2298 1446 2616 
5020 988 766 1826 2270 
5021 1463 1569 1271 2298 
5022 1357 1730 1418 2215 
5023 1348 1375 1232 1599 
5024 267 1727 311 2213 
5025 1278 1756 1548 1973 
5026 1545 2433 2387 2703 
5027 1376 1666 1305 1969 
5028 1695 2345 1601 2629 
5029 1341 1749 1501 2506 
5030 1035 903 1698 1943 
5031 899 1860 1047 1861 
5032 1150 1625 1593 1911 
5033 1381 1913 1698 2548 
5034 488 408 482 1731 
5035 1567 1627 1374 2496 
5036 619 681 2324 2659 
5037 1138 1732 1919 2670 
5038 1411 1801 1473 2643 
5039 1470 1132 2148 2552 
5040 105 106 1674 2319 
5041 1267 1635 2190 2311 
5042 121 2139 311 2246 
5043 1415 1503 1256 1707 
5044 1393 2078 1482 2385 
5045 293 130 325 2242 
5046 1255 1493 1478 2096 
5047 1744 2083 1650 2099 
5048 1224 1165 1652 1982 
5049 1209 1697 1842 2307 
5050 1249 1335 1436 1884 
5051 682 719 559 2659 
5052 1220 1758 1373 2333 
5053 1598 2037 1184 2492 
5054 1469 2401 1868 2671 
5055 1139 1511 1956 2126 
5056 1280 1367 1660 1913 
5057 486 1959 1699 2281 
5058 1185 1671 1652 2564 
5059 1467 1325 2135 2174 
5060 1342 1448 1203 2145 
5061 1415 1287 1806 2027 
5062 1166 1823 1796 2626 
5063 1330 1579 2651 2652 
5064 1121 772 774 2248 
5065 33 34 2398 2545 
5066 1583 1765 1732 2446 
5067 1669 1943 904 2402 
5068 1231 1434 1319 1684 
5069 1084 1515 1029 2185 
5070 1266 1319 1189 1383 
5071 64 1679 1535 1836 
5072 371 1969 509 2620 
5073 1190 1275 1750 1993 
5074 45 370 44 2603 
5075 223 2213 2084 2704 
5076 192 189 337 1900 
5077 925 2304 1522 2395 
5078 1345 1439 1204 1742 
5079 788 2157 800 2174 
5080 1377 1714 1584 2355 
5081 1540 2210 2069 2343 
5082 1154 1775 2119 2217 
5083 1172 1305 1951 2406 
5084 1104 1314 970 2518 
5085 1465 1740 2101 2613 
5086 1264 1163 1611 2155 
5087 1134 1399 1987 2408 
5088 1203 1456 1811 2060 
5089 1459 2330 1034 2534 
5090 1286 1917 1408 2255 
5091 1156 1218 2007 2092 
5092 1922 2268 2026 2363 
5093 1631 1752 1188 1842 
5094 539 1722 26 1873 
5095 1258 1902 1353 2110 
5096 93 717 570 2596 
5097 1400 1590 1298 2427 
5098 1138 1798 1919 2085 
5099 1279 1596 1536 1688 
5100 1397 1723 1242 1982 
5101 2075 2446 1270 2670 
5102 1252 1515 1546 2364 
5103 538 527 380 1738 
5104 1200 1678 1625 2104 
5105 49 1781 2034 2360 
5106 479 440 2159 2620 
5107 1869 2152 1165 2690 
5108 1222 1443 2153 2243 
5109 1129 1790 1852 2113 
5110 1512 1828 1673 2332 
5111 214 283 126 2527 
5112 1588 2072 1282 2546 
5113 410 405 1594 2131 
5114 1539 2170 1371 2280 
5115 440 1435 428 2159 
5116 1371 2170 1107 2677 
5117 763 1085 1554 2622 
5118 1259 1224 1450 2237 
5119 1140 1635 2190 2238 
5120 1133 1508 1810 2361 
5121 1330 1706 1814 2403 
5122 1130 2364 1736 2532 
5123 1365 2197 1915 2417 
5124 667 665 718 2657 
5125 1410 1685 1461 2204 
5126 1410 1810 1306 2361 
5127 1635 1751 2218 2453 
5128 1259 1450 1385 1618 
5129 1237 1602 1406 1649 
5130 1340 1647 1296 2541 
5131 139 192 337 2400 
5132 733 653 567 1865 
5133 1203 1448 1342 1920 
5134 1515 2157 1667 2364 
5135 1356 1782 1449 2461 
5136 1155 1210 2201 2350 
5137 1310 1828 1673 1987 
5138 1218 2007 1347 2344 
5139 1260 1201 2318 2692 
5140 1140 1690 1883 2525 
5141 970 2154 1818 2170 
5142 1128 1452 1932 2008 
5143 1221 1979 1857 2348 
5144 1236 1474 1417 2198 
5145 1550 1809 2422 2431 
5146 165 170 1749 2312 
5147 883 2477 1365 2636 
5148 574 1591 555 1802 
5149 1459 1279 2004 2194 
5150 532 1490 2229 2433 
5151 1129 1407 1777 1914 
5152 1198 1728 2024 2117 
5153 1030 798 801 2035 
5154 1282 1420 1412 2050 
5155 639 671 2216 2606 
5156 1267 1587 1485 2199 
5157 25 1722 1436 1974 
5158 1507 2004 1508 2098 
5159 927 926 925 2304 
5160 663 2033 1807 2293 
5161 728 644 554 2164 
5162 540 365 1873 2244 
5163 1764 1908 1583 2287 
5164 1273 1474 1924 2252 
5165 1051 808 1755 2284 
5166 1140 2190 1473 2238 
5167 1312 1791 1497 2658 
5168 1830 2435 1776 2668 
5169 1609 1650 1237 2195 
5170 1149 2564 2215 2633 
5171 2131 2387 1545 2433 
5172 1296 1370 1250 1527 
5173 241 266 239 1670 
5174 1685 2204 1187 2333 
5175 1856 1857 1382 2445 
5176 326 1501 300 2370 
5177 1376 1333 1711 2255 
5178 85 145 1592 2334 
5179 1488 1691 1323 2091 
5180 1169 1520 2023 2162 
5181 1399 1705 1588 2525 
5182 192 139 339 2400 
5183 409 501 406 1737 
5184 48 47 1781 1954 
5185 1539 2170 951 2697 
5186 1166 1885 2005 2006 
5187 731 1719 635 1905 
5188 1243 1510 1469 1868 
5189 1634 1667 2364 2532 
5190 1214 1375 1312 2081 
5191 262 263 352 1576 
5192 1208 1960 2028 2377 
5193 1313 2074 1724 2259 
5194 1211 1820 1586 1894 
5195 1113 1001 1068 2015 
5196 970 1314 2154 2170 
5197 1264 1332 1525 2155 
5198 1256 1445 1386 2239 
5199 654 655 556 2308 
5200 484 536 517 2229 
5201 111 1688 995 2309 
5202 1582 1688 2129 2404 
5203 1333 1500 1332 1910 
5204 64 2139 1518 2614 
5205 1271 1225 1463 2298 
5206 1019 2300 1879 2589 
5207 1215 1333 1611 2255 
5208 1381 1858 1913 2018 
5209 1253 1977 1443 2153 
5210 912 1726 2183 2605 
5211 1288 1372 1746 2337 
5212 1142 1886 1550 2003 
5213 819 1058 1984 2192 
5214 1346 1473 1411 2208 
5215 1623 2240 113 2260 
5216 1165 1597 1869 2685 
5217 1571 1760 1168 2686 
5218 1925 2122 1430 2458 
5219 1936 2185 1359 2221 
5220 1681 1195 2087 2088 
5221 312 228 225 1577 
5222 1578 2023 2009 2414 
5223 1657 2080 1144 2664 
5224 1261 1421 1319 1434 
5225 563 2031 82 2166 
5226 1041 2173 1403 2495 
5227 225 1577 228 2144 
5228 1433 1864 1263 2406 
5229 1333 1901 1611 2255 
5230 1719 2405 98 2699 
5231 46 1561 45 2241 
5232 1589 1797 1328 2300 
5233 1330 1814 1706 1958 
5234 1296 1197 1340 1521 
5235 760 102 1572 1686 
5236 1553 1921 1476 2068 
5237 1660 1913 1367 2558 
5238 1294 1564 2005 2471 
5239 653 654 556 1557 
5240 1223 1397 1394 1626 
5241 1275 1615 1638 2242 
5242 1277 1903 1271 2298 
5243 1341 1501 1442 2225 
5244 1672 2384 2154 2391 
5245 1444 1636 1339 1986 
5246 274 2448 140 2600 
5247 1635 1364 2453 2680 
5248 1477 2157 1667 2174 
5249 1183 2071 1724 2323 
5250 1252 1634 1477 2157 
5251 1492 1657 1580 2368 
5252 1540 1713 1140 1883 
5253 1415 1431 1271 1806 
5254 30 31 374 2229 
5255 163 1501 326 2370 
5256 471 2376 1458 2621 
5257 1421 1261 1526 2143 
5258 1196 1334 1513 1920 
5259 1269 1438 1202 1881 
5260 1166 1714 1706 1814 
5261 70 1419 1573 2314 
5262 1282 1315 1974 2546 
5263 1397 1626 1242 1665 
5264 72 281 264 1662 
5265 1149 2215 1212 2633 
5266 1165 2152 1816 2690 
5267 1893 2118 840 2583 
5268 1127 1763 1605 2021 
5269 1201 1412 1282 1854 
5270 1201 1854 1760 2692 
5271 1627 1221 2099 2348 
5272 1132 1470 2165 2552 
5273 1530 1949 1486 2250 
5274 1257 1600 2294 2397 
5275 1176 2461 2128 2462 
5276 881 1587 2199 2587 
5277 1243 1440 1295 1510 
5278 1914 1407 1976 2417 
5279 946 1487 856 2557 
5280 1239 1794 1447 2626 
5281 1442 1501 1443 2034 
5282 1263 1691 1488 2091 
5283 1486 1949 1613 2479 
5284 1451 2264 1596 2666 
5285 1349 1697 1658 1779 
5286 1364 1267 1635 1940 
5287 654 657 1665 2512 
5288 1413 1559 1235 2131 
5289 1439 1483 1145 2256 
5290 1146 1732 1766 2085 
5291 1346 1411 2189 2208 
5292 918 2183 1935 2595 
5293 1560 2153 2098 2214 
5294 1225 2298 1703 2616 
5295 1647 2541 1648 2560 
5296 1553 1764 1448 1908 
5297 1233 1733 1356 2385 
5298 1234 1401 1839 2491 
5299 1568 1751 1152 2641 
5300 1547 2207 1453 2505 
5301 1287 1503 1616 2027 
5302 1151 1712 1693 2363 
5303 1071 1346 941 2189 
5304 1160 1786 1610 1891 
5305 310 311 1727 2246 
5306 1263 1435 1428 1661 
5307 1886 2003 1531 2608 
5308 1401 2259 1861 2514 
5309 1145 1659 2116 2698 
5310 948 1066 1627 2348 
5311 1447 1153 1794 1846 
5312 1249 1884 1543 2142 
5313 1060 2075 1743 2542 
5314 1465 2173 1740 2613 
5315 1233 1637 1356 1782 
5316 1135 2053 1742 2474 
5317 1252 1935 1934 1936 
5318 1152 2083 1744 2099 
5319 1367 2268 1892 2472 
5320 1540 1713 1311 2311 
5321 540 455 365 2244 
5322 1142 1886 1589 2590 
5323 1214 1791 1566 2230 
5324 1450 1618 1259 2236 
5325 1217 2163 1427 2423 
5326 1152 1912 1650 2212 
5327 805 1632 1050 1895 
5328 1302 1378 1805 2513 
5329 1712 1989 1248 2363 
5330 1333 1910 1332 2161 
5331 732 91 561 1600 
5332 1736 1955 1130 2532 
5333 1284 2298 1840 2582 
5334 654 1665 1557 2512 
5335 1313 2259 1724 2514 
5336 1052 790 1667 2157 
5337 572 555 573 1591 
5338 1782 1880 1449 2461 
5339 1526 1992 200 2182 
5340 1478 1996 1995 2467 
5341 1332 1405 1862 2029 
5342 1152 1931 1568 2212 
5343 1162 2381 1470 2382 
5344 1485 2321 3 2587 
5345 1420 1729 1523 2510 
5346 1207 1480 1260 2022 
5347 1440 1868 286 2570 
5348 1499 1791 1214 2230 
5349 467 1780 468 2160 
5350 1522 1746 1216 1909 
5351 1656 1754 1338 2521 
5352 1416 2270 1826 2593 
5353 1268 2519 2185 2604 
5354 1316 1490 1559 1840 
5355 773 1298 772 2248 
5356 1712 1989 1554 2622 
5357 1143 1878 1423 2168 
5358 1229 1899 1698 2339 
5359 1156 1658 1676 2367 
5360 1145 1659 1439 2354 
5361 1269 1202 1456 1881 
5362 1154 1813 2123 2365 
5363 795 1654 799 2035 
5364 1358 1921 1553 2068 
5365 1616 1781 452 2632 
5366 889 2372 2300 2375 
5367 913 912 1726 2183 
5368 1710 2093 1206 2203 
5369 648 2033 650 2245 
5370 1755 1935 1075 2284 
5371 168 1619 160 1848 
5372 1610 1768 1181 2377 
5373 1137 1886 2063 2168 
5374 1606 1838 1374 2079 
5375 359 1971 1761 2555 
5376 1137 2063 1423 2168 
5377 1465 2176 1809 2530 
5378 321 1718 135 2671 
5379 1517 2339 1712 2566 
5380 784 1515 786 2341 
5381 158 2289 286 2570 
5382 1326 1649 1406 2171 
5383 1542 2498 1607 2499 
5384 239 238 1620 2188 
5385 283 1648 1867 2527 
5386 1866 1937 458 1985 
5387 1739 213 2038 2639 
5388 1330 1362 2288 2322 
5389 1814 1955 1307 1988 
5390 47 1947 1501 2034 
5391 970 1314 1104 2154 
5392 786 1667 787 1736 
5393 1524 1005 1743 2588 
5394 1271 1569 1463 2281 
5395 923 1763 1539 2189 
5396 1213 1275 1890 1990 
5397 1214 1340 1566 2451 
5398 1225 1696 1431 2520 
5399 1634 1512 1828 2286 
5400 1330 2651 1815 2652 
5401 2122 2458 1925 2576 
5402 1487 1841 1801 2190 
5403 1187 1410 2026 2363 
5404 1131 1842 2274 2358 
5405 1291 1797 1589 2300 
5406 1276 1977 1561 2034 
5407 1149 1212 1652 2633 
5408 1531 2608 2055 2652 
5409 1359 1252 1934 1936 
5410 1603 1343 2177 2191 
5411 1280 1913 1660 2548 
5412 1330 1721 1579 2322 
5413 1253 1728 1560 2117 
5414 857 1893 1026 2113 
5415 1180 1626 2356 2508 
5416 351 1701 150 2555 
5417 1310 1673 1828 2332 
5418 1256 1503 1415 2027 
5419 1461 2204 1685 2333 
5420 1531 2006 1796 2403 
5421 1657 1628 2046 2513 
5422 1433 1711 2167 2406 
5423 1183 1724 1858 2323 
5424 780 1486 779 2151 
5425 934 982 2095 2649 
5426 1916 2222 1167 2430 
5427 1628 1657 1262 1844 
5428 1310 1883 1690 1987 
5429 1234 1773 1852 2456 
5430 1247 1514 1381 1943 
5431 1369 1651 1285 2693 
5432 1800 1889 1179 2393 
5433 1294 2005 1822 2568 
5434 1203 1456 1513 1926 
5435 1205 1294 1422 1573 
5436 1552 2273 1550 2431 
5437 1354 2202 2148 2249 
5438 1171 2220 1546 2221 
5439 1258 2044 1902 2521 
5440 1695 2348 2099 2454 
5441 1258 1939 1902 2110 
5442 1348 1232 1481 1599 
5443 431 511 481 1479 
5444 1081 1401 835 2118 
5445 1159 1932 1452 2008 
5446 309 121 275 1808 
5447 1331 1657 2080 2366 
5448 1195 1967 2434 2504 
5449 632 683 1782 2661 
5450 545 524 1661 2233 
5451 1342 1920 1448 2290 
5452 1476 1893 1773 2068 
5453 1697 1779 1348 2586 
5454 1686 2041 990 2319 
5455 801 807 1455 2668 
5456 1953 2207 1453 2666 
5457 1165 1224 1652 2128 
5458 1452 1680 1258 1902 
5459 229 1525 227 1862 
5460 1596 2567 2258 2640 
5461 1132 1470 2148 2296 
5462 1697 1999 1481 2586 
5463 1396 2107 2474 2491 
5464 1156 1349 1658 1779 
5465 1799 2209 1188 2592 
5466 970 1314 2170 2518 
5467 1266 1501 1442 2350 
5468 1312 1226 1458 1497 
5469 1287 1431 1415 1806 
5470 1241 1523 1729 2265 
5471 1693 1710 1380 2175 
5472 1200 1625 2101 2504 
5473 1325 1835 1467 2288 
5474 1260 1289 1636 1795 
5475 2056 2253 1562 2425 
5476 1603 2180 2559 2562 
5477 1186 1560 2098 2640 
5478 1449 1929 684 2235 
5479 1262 1426 1628 1844 
5480 543 477 2012 2147 
5481 1562 2060 2056 2425 
5482 1194 1887 1831 2665 
5483 1171 1875 2134 2415 
5484 1427 1892 2175 2591 
5485 1288 1687 2058 2204 
5486 1295 2224 1758 2302 
5487 1179 2007 1853 2344 
5488 1266 1443 2380 2535 
5489 64 1535 65 2278 
5490 1579 1144 1721 2035 
5491 74 1636 128 2331 
5492 1050 1632 855 2677 
5493 542 1954 452 2328 
5494 58 1537 1978 2226 
5495 1334 1277 1704 2473 
5496 1575 2148 1132 2552 
5497 1474 1924 1345 2317 
5498 1342 1513 1386 2576 
5499 1474 2198 1273 2277 
5500 1390 1751 1635 2238 
5501 1237 1650 1649 1882 
5502 1615 1873 1315 2492 
5503 1061 910 1522 2207 
5504 438 449 514 2485 
5505 343 90 91 1643 
5506 1612 1842 1163 2274 
5507 1128 1932 1452 2650 
5508 53 1510 135 2428 
5509 407 406 401 1737 
5510 238 239 1620 1670 
5511 638 640 1741 2584 
5512 1495 1798 1303 1919 
5513 1176 1350 1281 1681 
5514 442 436 437 1772 
5515 1814 1307 1958 1988 
5516 1631 2126 1359 2221 
5517 1540 1934 1876 2343 
5518 1667 2157 1634 2364 
5519 1582 1688 1133 2129 
5520 168 169 1619 2386 
5521 442 507 506 1772 
5522 881 2013 1587 2075 
5523 1151 2026 1410 2363 
5524 1162 1203 1448 2145 
5525 549 2229 31 2398 
5526 1569 2298 1463 2520 
5527 1658 1697 1349 2358 
5528 1989 2058 1687 2363 
5529 1745 2141 1446 2582 
5530 451 1950 553 2485 
5531 1322 1812 1586 1967 
5532 1522 1746 1372 2464 
5533 1406 1649 1178 2579 
5534 1899 2247 1698 2339 
5535 1672 2435 1830 2668 
5536 5 1718 159 2671 
5537 1425 1770 1229 2352 
5538 1289 1339 2267 2368 
5539 1066 1979 1627 2348 
5540 1230 1432 2089 2350 
5541 1280 1514 2125 2234 
5542 6 537 5 2602 
5543 1271 1699 1569 2281 
5544 536 497 498 1545 
5545 1618 1259 2236 2501 
5546 1682 1855 1734 1951 
5547 1917 2255 1711 2448 
5548 1311 1578 2109 2410 
5549 1325 2135 2174 2532 
5550 1160 1768 1408 2329 
5551 582 584 1482 2078 
5552 1448 1663 1147 1764 
5553 1220 1392 1373 1758 
5554 1390 1713 1635 2218 
5555 1400 1965 1590 2592 
5556 816 1801 1541 2547 
5557 440 1661 1435 1738 
5558 25 1617 1436 1966 
5559 1229 1517 1913 2487 
5560 1251 1511 1876 1934 
5561 1227 1737 1435 2159 
5562 733 2033 653 2245 
5563 2026 2089 1236 2524 
5564 97 719 699 1719 
5565 79 2254 1729 2436 
5566 1634 1667 1477 2157 
5567 1268 2185 1546 2221 
5568 350 186 184 2459 
5569 1290 1393 1272 1888 
5570 1374 2079 1567 2202 
5571 10 521 9 2617 
5572 1633 2236 1259 2501 
5573 276 211 2038 2671 
5574 1837 2336 2043 2529 
5575 1128 1756 1932 2650 
5576 1143 1878 1655 2684 
5577 1172 1263 1864 2406 
5578 1154 1775 2217 2351 
5579 1333 1500 1910 2255 
5580 1856 1270 2075 2542 
5581 454 493 437 2603 
5582 770 2248 1516 2594 
5583 343 90 1643 2019 
5584 1199 1321 1489 1812 
5585 791 792 1721 1835 
5586 1139 1785 1683 2414 
5587 1149 2087 2000 2128 
5588 150 34 1995 2171 
5589 1143 1878 2684 2685 
5590 1133 1582 2442 2452 
5591 1603 1789 1653 2562 
5592 2300 2372 1291 2375 
5593 10 1867 1648 2541 
5594 1631 2220 1842 2349 
5595 1370 1250 1528 2305 
5596 1364 2359 2342 2540 
5597 1512 1546 1252 2221 
5598 1515 2185 2519 2604 
5599 1706 1796 1291 2061 
5600 1517 2373 1922 2449 
5601 443 494 495 2675 
5602 1021 856 1487 2547 
5603 1955 1988 1330 2283 
5604 1153 1794 1603 2177 
5605 426 2297 1759 2426 
5606 1187 1285 1236 2026 
5607 1290 1417 1272 1725 
5608 1396 1742 2107 2487 
5609 1288 1989 1674 2326 
5610 1382 1850 1583 1908 
5611 1804 2260 1459 2330 
5612 1283 2051 1575 2186 
5613 911 913 1726 2284 
5614 1136 2195 1882 2249 
5615 1052 1515 873 2157 
5616 1052 786 1515 1667 
5617 787 1667 788 2174 
5618 80 1426 2166 2254 
5619 1186 2048 2610 2640 
5620 1492 1181 2005 2136 
5621 365 1873 500 2433 
5622 1255 1301 1493 1916 
5623 25 1966 1436 2544 
5624 1293 1831 1466 2177 
5625 1157 1783 1461 2333 
5626 1032 1824 801 2495 
5627 762 1582 997 1804 
5628 1734 2037 2009 2414 
5629 1266 2399 1155 2678 
5630 1338 1938 1656 2132 
5631 1393 1223 1482 1807 
5632 1365 1407 1976 2566 
5633 1195 1322 1622 1967 
5634 1578 1713 1148 2410 
5635 1176 1350 1681 2181 
5636 630 724 666 2443 
5637 1603 2177 1653 2191 
5638 1210 1442 1341 2350 
5639 562 1847 1537 2226 
5640 1209 1842 1631 2307 
5641 1333 1332 1525 2161 
5642 1650 1882 1237 2195 
5643 796 1094 1574 2151 
5644 1260 1335 1201 2692 
5645 1346 1832 1763 1970 
5646 115 761 116 1524 
5647 835 1401 1081 2094 
5648 1145 1483 1878 2256 
5649 1140 2238 1690 2525 
5650 1242 1299 1529 1665 
5651 1616 2374 1985 2632 
5652 951 2189 1539 2697 
5653 1230 2026 1608 2089 
5654 2413 2511 1507 2535 
5655 1550 1809 1551 2422 
5656 1543 1692 1433 2406 
5657 1156 1779 1218 2092 
5658 1949 2211 1131 2409 
5659 1190 1745 1993 2218 
5660 1138 1664 2109 2178 
5661 1173 1640 1673 2332 
5662 1674 1687 1216 1784 
5663 924 2170 1539 2518 
5664 1184 2009 1598 2141 
5665 366 513 1462 2632 
5666 1315 2073 1275 2492 
5667 1351 1462 1198 2024 
5668 476 475 432 2577 
5669 73 1662 72 1788 
5670 1721 1835 1654 2288 
5671 404 405 402 1594 
5672 1152 1364 1744 2453 
5673 1503 1707 1415 2297 
5674 1159 2008 1452 2450 
5675 2259 2487 1396 2491 
5676 1093 1118 1958 2111 
5677 2141 2179 1840 2492 
5678 196 1701 197 1761 
5679 1242 1626 1223 1982 
5680 995 985 1536 2240 
5681 1688 2404 1582 2452 
5682 1297 2194 1459 2619 
5683 1649 1996 1602 2171 
5684 584 1715 1482 1946 
5685 952 1857 1856 1979 
5686 1689 2104 1607 2429 
5687 1652 2128 1224 2462 
5688 1515 2519 2341 2604 
5689 1715 2235 1450 2466 
5690 1142 1822 1821 1823 
5691 14 1441 1481 1963 
5692 1288 1746 1687 2337 
5693 105 2319 1674 2565 
5694 1160 1408 1891 2329 
5695 1957 2183 1726 2605 
5696 1552 2156 1906 2649 
5697 2171 2253 35 2425 
5698 1136 1882 1202 1991 
5699 496 445 499 1559 
5700 751 985 1536 1983 
5701 193 308 363 2482 
5702 1216 1784 1687 2562 
5703 1177 1233 1733 1762 
5704 576 2206 1725 2421 
5705 1143 1597 2168 2685 
5706 773 1984 1298 2427 
5707 1333 1525 1332 2155 
5708 1334 1513 1457 2497 
5709 63 64 121 1518 
5710 36 1704 37 1959 
5711 978 1975 1514 2095 
5712 1119 1797 940 2306 
5713 91 92 2182 2196 
5714 1128 1939 1452 2008 
5715 38 37 2056 2497 
5716 168 1619 1848 2386 
5717 1160 1612 1611 2200 
5718 1197 2045 1469 2121 
5719 1550 1551 1265 2422 
5720 2216 2439 1715 2455 
5721 1173 1876 1640 2332 
5722 1416 2209 1799 2592 
5723 539 1722 1873 2244 
5724 1409 1785 1511 1956 
5725 1112 1037 941 1763 
5726 1560 1728 1146 2230 
5727 82 738 83 1645 
5728 1580 1262 1657 1844 
5729 1304 1708 2127 2209 
5730 185 1793 184 2459 
5731 1468 1871 1741 2606 
5732 1221 1567 1627 2099 
5733 582 1482 584 2293 
5734 1247 1740 1465 2530 
5735 1282 1974 1315 2072 
5736 1264 1404 1329 1525 
5737 1946 2235 1715 2466 
5738 1752 2185 1574 2604 
5739 1251 2183 1935 2284 
5740 1428 1855 1227 1951 
5741 1162 1927 1470 2381 
5742 1071 1112 941 1346 
5743 1584 1714 1377 2409 
5744 1049 1514 978 1975 
5745 1268 1752 1631 1842 
5746 1240 2079 1627 2629 
5747 828 2441 1740 2561 
5748 6 2401 5 2671 
5749 900 903 902 1860 
5750 1208 1584 1264 1889 
5751 1128 1932 1343 2191 
5752 851 1857 1429 2013 
5753 1596 2264 1453 2666 
5754 924 1539 922 2518 
5755 1609 2195 1237 2261 
5756 541 1722 514 1950 
5757 2108 2194 1709 2567 
5758 1213 2141 1745 2582 
5759 1311 1713 1956 2410 
5760 560 2001 68 2049 
5761 1776 2176 1455 2435 
5762 461 1937 1544 1952 
5763 1112 1346 1071 2345 
5764 1218 1853 1658 2007 
5765 1543 1692 1249 2142 
5766 1246 1394 1557 1626 
5767 1546 2185 1268 2519 
5768 124 35 2171 2253 
5769 1301 1255 1493 1638 
5770 1399 1588 1556 1673 
5771 1157 1461 1685 2333 
5772 1299 1836 1557 2508 
5773 1908 2014 1553 2445 
5774 762 1582 1804 2404 
5775 996 757 1874 2452 
5776 692 2216 671 2606 
5777 320 2050 249 2630 
5778 1769 2011 1324 2376 
5779 1266 1383 1189 2380 
5780 1860 1861 1313 2624 
5781 135 294 360 2570 
5782 1304 2127 1799 2209 
5783 1677 1819 82 2254 
5784 576 1642 577 2421 
5785 1445 1561 1256 1977 
5786 784 786 1736 2341 
5787 1172 1785 1683 1961 
5788 1066 948 1627 2496 
5789 568 1645 705 2275 
5790 1824 2347 2035 2503 
5791 154 1947 306 2370 
5792 1386 2067 1707 2147 
5793 895 1899 1555 2247 
5794 151 1478 305 2467 
5795 1612 1613 1377 1786 
5796 1280 1660 1514 2548 
5797 1627 1979 1066 2496 
5798 1428 1435 1227 1737 
5799 1433 2167 1711 2233 
5800 1632 1818 1134 1987 
5801 515 381 551 2683 
5802 1385 1715 1450 2466 
5803 1029 2185 1515 2528 
5804 1128 1343 1789 2191 
5805 1411 2238 1690 2643 
5806 1131 2274 1377 2409 
5807 1412 1966 1617 2223 
5808 1582 2129 1133 2361 
5809 1280 1517 1913 2339 
5810 629 668 1871 2001 
5811 1484 2209 1656 2437 
5812 1536 1596 1279 2567 
5813 1169 1968 2282 2625 
5814 1455 2176 2080 2435 
5815 954 1856 2075 2542 
5816 1149 1809 1550 2431 
5817 1319 1434 1421 2047 
5818 1003 106 1989 2326 
5819 3 2321 116 2587 
5820 1556 1813 1571 2365 
5821 153 270 79 1729 
5822 1745 1898 1870 1990 
5823 28 1614 1843 2242 
5824 1609 1567 2099 2249 
5825 1568 2641 1190 2655 
5826 1605 1830 1498 2104 
5827 1302 1844 1805 2664 
5828 440 1738 1435 2620 
5829 1702 1919 1524 2321 
5830 1174 2024 1728 2027 
5831 2020 2122 1244 2551 
5832 1164 1775 1255 1894 
5833 656 654 1665 1836 
5834 1217 1797 2163 2423 
5835 1449 1880 1782 2661 
5836 1288 1674 1687 1746 
5837 1585 2133 1320 2181 
5838 1240 2099 1567 2249 
5839 483 1753 1896 2281 
5840 584 1946 1482 2078 
5841 1393 1888 1290 2385 
5842 768 1516 2270 2594 
5843 1369 1285 1758 2693 
5844 1313 1771 1669 1942 
5845 1524 2446 2075 2670 
5846 1377 1612 1584 2274 
5847 620 617 668 1529 
5848 243 269 282 1595 
5849 472 452 387 1616 
5850 1371 1803 1632 2677 
5851 100 1619 1475 2224 
5852 1152 1744 2083 2453 
5853 176 336 2172 2667 
5854 1404 1264 1577 2144 
5855 1328 2163 1797 2423 
5856 1005 1524 761 2588 
5857 1584 1264 1889 2478 
5858 1495 1798 1311 1957 
5859 423 424 422 1759 
5860 1243 1440 1317 2121 
5861 1568 1245 1751 2641 
5862 1570 2061 2180 2637 
5863 1062 2260 1804 2330 
5864 281 264 1662 2607 
5865 1186 1560 1309 2631 
5866 1046 1726 1495 2557 
5867 976 1604 2418 2695 
5868 1455 2080 1672 2435 
5869 1507 2153 1253 2535 
5870 1723 2447 2216 2455 
5871 145 1592 1489 1761 
5872 1382 1940 1744 2454 
5873 1653 2203 2036 2569 
5874 466 11 1962 2160 
5875 792 795 1721 1835 
5876 539 1873 455 2244 
5877 1205 1822 1294 1885 
5878 1464 2212 1832 2628 
5879 1745 2453 1364 2680 
5880 61 62 2303 2308 
5881 1095 2156 1031 2495 
5882 527 1969 18 2233 
5883 237 1620 238 2188 
5884 1303 1754 1700 2209 
5885 1819 1820 1677 2438 
5886 1155 2106 1777 2399 
5887 1395 1732 1765 2214 
5888 1159 1783 2008 2450 
5889 803 854 1477 2353 
5890 1165 1821 1816 2152 
5891 1856 1857 865 2013 
5892 1246 1747 1639 2052 
5893 747 1702 1495 1827 
5894 19 1711 2251 2448 
5895 393 395 394 1769 
5896 1196 1513 1342 1920 
5897 1758 57 2076 2226 
5898 1128 1506 1939 1953 
5899 2378 2427 1400 2669 
5900 100 1802 99 2405 
5901 1670 2460 266 2475 
5902 1604 1784 1216 2562 
5903 19 2233 1711 2448 
5904 881 1587 2013 2199 
5905 1177 1233 1762 2138 
5906 696 1905 631 2676 
5907 1742 2053 1396 2474 
5908 1085 2477 1554 2622 
5909 797 1721 1579 2651 
5910 478 529 476 1699 
5911 182 1793 181 2647 
5912 810 812 811 2668 
5913 1216 1789 1653 2464 
5914 1449 1880 684 1929 
5915 1949 2211 1530 2681 
5916 1152 1751 1568 1931 
5917 1463 1696 1431 2228 
5918 984 2309 2042 2505 
5919 1790 1804 1459 2330 
5920 1610 2136 1181 2318 
5921 1297 1919 2446 2588 
5922 1699 1759 432 2281 
5923 642 1591 572 2206 
5924 1410 2201 1608 2486 
5925 1021 1801 1841 2208 
5926 1234 2118 1893 2583 
5927 1190 1327 1649 2654 
5928 618 2291 690 2606 
5929 1129 1509 2379 2678 
5930 1790 1804 1581 2357 
5931 1674 2418 753 2565 
5932 1476 2014 1553 2068 
5933 1179 1800 1829 2420 
5934 2035 2347 1579 2503 
5935 1130 1736 1613 1955 
5936 47 1781 1954 2034 
5937 805 855 1050 1632 
5938 1968 1235 2483 2616 
5939 1578 1872 1520 2178 
5940 1531 1589 1291 1796 
5941 1127 2097 1607 2130 
5942 1625 2429 1967 2504 
5943 1226 1497 1351 2599 
5944 1714 1814 1377 2481 
5945 1001 1874 1068 2015 
5946 813 811 812 2115 
5947 1570 1846 1604 2180 
5948 770 1516 768 2594 
5949 147 23 22 2142 
5950 309 314 149 1808 
5951 2409 2424 1714 2637 
5952 536 484 497 2703 
5953 1511 1359 2126 2221 
5954 1447 1589 1796 2061 
5955 1554 1976 1306 2058 
5956 1629 1643 1283 2285 
5957 1231 2089 1432 2350 
5958 1233 1637 1585 2324 
5959 1285 1651 1475 2302 
5960 650 2033 733 2245 
5961 281 1662 72 2331 
5962 1142 1597 1886 2590 
5963 1026 960 1358 2494 
5964 1922 2026 1151 2363 
5965 1639 1747 1466 2052 
5966 1017 1979 2494 2583 
5967 565 699 731 2405 
5968 1512 2102 1546 2221 
5969 2042 2110 1258 2601 
5970 1658 2007 1179 2367 
5971 1653 1789 1216 2562 
5972 1041 2062 1403 2173 
5973 1510 1469 1868 2671 
5974 1666 1376 2392 2702 
5975 1394 1537 1246 1865 
5976 1258 1680 2044 2521 
5977 1275 1315 1615 2072 
5978 1603 1794 1153 1846 
5979 1408 1891 2102 2220 
5980 1604 1846 1217 2383 
5981 1354 1575 2071 2186 
5982 1190 2453 2218 2641 
5983 1147 2342 2359 2540 
5984 1440 1758 1220 2554 
5985 11 1647 1648 1963 
5986 1134 1828 1673 2286 
5987 1467 2174 2135 2532 
5988 1314 2137 1539 2518 
5989 1449 1450 2235 2466 
5990 1509 1553 1162 2068 
5991 1556 1571 1168 2365 
5992 1700 1938 1520 2269 
5993 1432 1684 1502 2312 
5994 1770 2259 1401 2491 
5995 1777 2106 1407 2107 
5996 1046 1495 1485 2557 
5997 1176 1681 2000 2116 
5998 1208 2200 1960 2377 
5999 165 1502 1501 2370 
6000 555 1591 2 1802 
6001 1368 2129 1582 2361 
6002 1742 1396 2107 2474 
6003 207 210 213 1739 
6004 1936 2185 1012 2325 
6005 1801 2643 1411 2697 
6006 1588 1399 2187 2351 
6007 335 2029 1862 2394 
6008 1258 1506 1939 2110 
6009 1563 1903 1196 2473 
6010 1195 2114 1593 2146 
6011 1425 2107 2487 2491 
6012 1645 1677 1622 2438 
6013 1303 1700 1708 2209 
6014 1256 1707 1561 2683 
6015 271 259 152 1851 
6016 1590 2378 1098 2427 
6017 1538 2391 1813 2646 
6018 1153 1800 1794 2177 
6019 783 1486 2341 2479 
6020 1368 1508 1507 2004 
6021 1186 2610 2048 2631 
6022 1739 1867 213 2639 
6023 1735 2407 1650 2553 
6024 555 573 1591 2206 
6025 165 170 164 1749 
6026 995 2240 1536 2309 
6027 1436 1249 1692 2544 
6028 1234 1398 2118 2583 
6029 767 985 1516 2042 
6030 1130 1613 1736 2519 
6031 1160 1215 1768 2028 
6032 1146 1728 1981 2230 
6033 25 1436 1617 1974 
6034 1139 1511 1785 1956 
6035 1242 2152 1626 2690 
6036 1629 1643 1505 2476 
6037 1291 1815 1531 2403 
6038 999 1581 2113 2330 
6039 1876 1934 1512 2332 
6040 751 1536 985 2240 
6041 1177 1290 1273 2198 
6042 1477 1033 2174 2353 
6043 1326 1995 1478 1996 
6044 1588 1673 1173 2556 
6045 1429 1857 851 2348 
6046 1188 1799 2127 2209 
6047 258 1493 327 2184 
6048 499 417 2131 2433 
6049 2042 2309 1453 2505 
6050 1131 1752 1842 2358 
6051 838 1861 963 2624 
6052 1499 2081 1312 2282 
6053 2228 2563 505 2675 
6054 729 634 1928 2501 
6055 1607 2498 2130 2499 
6056 1810 1980 1410 2440 
6057 1273 1833 1388 1834 
6058 109 1547 1874 2452 
6059 1411 821 2189 2208 
6060 445 1559 496 2131 
6061 1171 1408 1286 2134 
6062 760 1572 4 2095 
6063 892 1570 1748 1923 
6064 1216 1653 2337 2464 
6065 1067 2609 2015 2638 
6066 1265 2055 2608 2652 
6067 1262 1657 1628 2046 
6068 1639 1978 1537 2572 
6069 1188 2437 1965 2592 
6070 1344 2192 937 2695 
6071 1236 1475 1285 1651 
6072 1359 2127 1631 2185 
6073 1278 1676 1548 1756 
6074 475 1699 1668 1759 
6075 1250 1370 1194 2305 
6076 1508 1507 2413 2511 
6077 1645 82 2031 2166 
6078 746 1688 111 2309 
6079 1390 2073 1705 2525 
6080 1399 1588 2419 2525 
6081 910 1522 926 1909 
6082 466 1646 11 2160 
6083 383 384 366 1866 
6084 122 200 2143 2578 
6085 1276 1954 1561 2027 
6086 1576 1995 332 2096 
6087 1882 2195 1650 2249 
6088 749 1547 908 2207 
6089 1193 2116 1762 2256 
6090 1453 2207 1547 2666 
6091 1177 1878 2198 2256 
6092 467 468 465 2160 
6093 1308 1421 1261 1526 
6094 1100 1374 1016 1998 
6095 1154 1607 2119 2499 
6096 1560 2098 1709 2214 
6097 1296 1317 1197 1521 
6098 426 424 425 1759 
6099 1268 1546 2220 2221 
6100 1225 1431 1463 2520 
6101 200 2182 1992 2411 
6102 1360 1792 1500 2600 
6103 350 1881 1793 2507 
6104 624 639 671 1618 
6105 58 57 1978 2076 
6106 1335 1412 1201 2692 
6107 833 1125 1942 2094 
6108 719 1719 559 2659 
6109 1562 1406 2060 2425 
6110 286 1868 1440 2076 
6111 107 744 2326 2327 
6112 1236 2103 1187 2268 
6113 1571 1134 2124 2286 
6114 1343 1603 1789 2191 
6115 1278 2211 1437 2424 
6116 1342 1244 2122 2551 
6117 1393 1642 2078 2385 
6118 1424 1493 1301 1916 
6119 1565 391 2374 2563 
6120 1146 1560 1766 2214 
6121 1400 2378 1188 2592 
6122 1416 1799 1590 2592 
6123 1459 1804 1279 2260 
6124 1098 1590 977 1799 
6125 1155 1914 1608 2486 
6126 1400 1984 1676 2681 
6127 1324 1379 1226 1968 
6128 1251 2069 1541 2343 
6129 1423 1878 1660 2168 
6130 1263 1692 1323 1864 
6131 1584 1889 1800 2393 
6132 1172 1683 1682 2070 
6133 1036 920 1078 1504 
6134 1214 1375 1170 2132 
6135 1151 2058 1976 2566 
6136 1461 2036 2337 2531 
6137 979 1459 1034 1743 
6138 153 255 1729 2490 
6139 1748 2192 1344 2695 
6140 1393 1394 1223 1807 
6141 1402 1928 689 2031 
6142 193 125 173 2667 
6143 1164 2030 1912 2130 
6144 1327 1277 1624 1898 
6145 1311 1798 1578 1956 
6146 1583 2446 1732 2670 
6147 1330 1958 1706 2403 
6148 1166 2005 1564 2006 
6149 1144 2035 1579 2055 
6150 1673 1828 1512 2286 
6151 712 66 723 1679 
6152 1597 1869 1389 2025 
6153 1509 1777 2336 2678 
6154 1188 2126 1484 2209 
6155 1267 2109 1664 2410 
6156 1312 1791 1499 2282 
6157 1724 1771 1606 2071 
6158 1360 1768 1254 2022 
6159 1414 1255 1944 2430 
6160 1294 1885 1564 1960 
6161 499 496 1559 2131 
6162 1235 1316 1488 1559 
6163 1493 1638 304 2184 
6164 1316 1488 1323 2091 
6165 1229 1861 1770 2259 
6166 11 1962 1647 1963 
6167 1060 1524 761 1743 
6168 244 297 278 1795 
6169 1740 2101 1678 2561 
6170 1327 1602 1277 1870 
6171 1206 2036 1710 2203 
6172 1368 1810 1508 2361 
6173 1337 1819 1677 2254 
6174 1532 1794 1180 2052 
6175 1627 2099 1695 2348 
6176 1127 1605 1763 2137 
6177 1376 1901 1333 2255 
6178 1804 2129 1279 2404 
6179 1430 1421 1992 2526 
6180 810 1015 1672 2668 
6181 1380 1248 1693 2444 
6182 1170 1348 1999 2132 
6183 1324 1737 1458 2376 
6184 1232 1481 1376 1999 
6185 1146 1981 1720 2230 
6186 110 2404 1688 2452 
6187 331 1493 258 2096 
6188 1674 1746 1288 2327 
6189 1148 1745 1598 2141 
6190 1551 1144 2080 2664 
6191 1248 1757 1427 2444 
6192 1198 1384 1351 2658 
6193 1522 1953 1372 2207 
6194 1810 2301 1914 2361 
6195 1304 1708 1495 1957 
6196 1091 2163 1797 2589 
6197 1139 1785 1511 2126 
6198 706 1644 705 1645 
6199 1449 1880 1366 2461 
6200 1382 1744 2014 2454 
6201 1273 1924 1345 2252 
6202 1680 1902 1452 2665 
6203 1754 1826 1303 2468 
6204 1495 1957 1726 2605 
6205 2039 2201 1210 2350 
6206 1233 1585 1637 1782 
6207 1656 1754 1353 2437 
6208 100 1475 1619 2386 
6209 1176 2000 1681 2087 
6210 612 611 1585 2661 
6211 611 613 1585 2661 
6212 1506 2042 1453 2505 
6213 1220 1243 1440 2554 
6214 1195 1622 1322 2543 
6215 760 965 1686 2234 
6216 1690 1987 1399 2682 
6217 524 2263 369 2516 
6218 253 153 255 1729 
6219 75 76 2149 2584 
6220 874 2427 2378 2669 
6221 612 1585 613 2133 
6222 648 649 647 2581 
6223 1401 1839 1817 2118 
6224 1058 1694 774 1984 
6225 1476 1857 1856 2445 
6226 1564 1885 1294 2005 
6227 1606 1724 1313 1771 
6228 1302 1805 1628 2513 
6229 1353 1779 1656 2437 
6230 1786 1814 1377 2200 
6231 1247 1381 1669 1943 
6232 1195 1472 2146 2543 
6233 1840 2520 2483 2616 
6234 432 425 423 1759 
6235 707 708 640 2584 
6236 1447 2061 1796 2626 
6237 1581 1790 2113 2330 
6238 1226 1458 1324 2282 
6239 773 2427 2248 2594 
6240 1764 1765 1583 1908 
6241 1161 1553 1509 2193 
6242 1207 1768 1360 2022 
6243 30 1638 31 1890 
6244 864 851 1429 2013 
6245 1604 2559 2180 2562 
6246 1410 1980 1461 2440 
6247 687 1928 606 2480 
6248 1362 1786 1564 1814 
6249 1228 1629 1505 1659 
6250 2337 2464 1653 2597 
6251 1285 1758 2302 2554 
6252 689 1402 1633 1928 
6253 1904 2285 1182 2552 
6254 1251 1311 1957 2069 
6255 1319 1434 1231 2317 
6256 1852 2068 1509 2456 
6257 799 801 1455 2384 
6258 403 393 473 1769 
6259 937 926 927 1344 
6260 1421 1434 1261 2143 
6261 1378 1805 2434 2504 
6262 1154 2119 1775 2499 
6263 189 188 190 1900 
6264 1319 1261 2317 2399 
6265 877 859 1763 2369 
6266 1127 1832 1763 2021 
6267 1641 1837 1244 2145 
6268 1677 1820 1819 2266 
6269 654 1557 653 2033 
6270 438 514 2244 2485 
6271 1336 2096 1576 2493 
6272 160 169 100 1619 
6273 1765 2416 1743 2446 
6274 70 123 2314 2607 
6275 1821 1822 1205 1823 
6276 2004 2193 1161 2379 
6277 1415 1759 1431 2297 
6278 1404 1941 1441 2586 
6279 1301 1916 1255 2430 
6280 673 725 686 2480 
6281 1232 1375 1170 2081 
6282 1666 1969 1376 2702 
6283 1157 2048 1810 2440 
6284 1414 1944 2654 2655 
6285 68 2049 1355 2488 
6286 1351 1565 1985 2374 
6287 810 1015 850 1672 
6288 1313 1860 1669 2074 
6289 154 300 1947 2370 
6290 1733 2461 1356 2466 
6291 1021 856 946 1487 
6292 1284 1898 1569 2298 
6293 1463 2298 1225 2520 
6294 1195 2434 1805 2504 
6295 1547 1746 1372 2207 
6296 1188 2127 2126 2209 
6297 1486 2151 2396 2681 
6298 1291 1570 1923 2061 
6299 64 1535 1747 1836 
6300 730 564 703 2584 
6301 152 257 277 1851 
6302 1136 1811 1202 1882 
6303 1771 1942 1606 2082 
6304 1435 2159 440 2620 
6305 349 1454 1 2360 
6306 1227 2282 2081 2470 
6307 305 1995 1478 2096 
6308 1174 1806 1703 2032 
6309 1725 1905 1417 2405 
6310 800 803 1477 1895 
6311 1132 2071 1606 2202 
6312 1427 1757 1217 2444 
6313 1008 1906 1879 2347 
6314 1577 1862 1405 2394 
6315 1174 1703 1720 2032 
6316 135 1718 54 2428 
6317 1141 1983 2108 2567 
6318 1142 1671 1597 1821 
6319 418 483 419 1753 
6320 347 1992 181 2411 
6321 1449 1782 683 2661 
6322 1916 2217 1167 2222 
6323 1220 1157 1783 2121 
6324 1264 1611 1332 2155 
6325 196 197 198 2555 
6326 653 710 1865 2308 
6327 1258 1452 1902 1939 
6328 1327 1414 1387 2398 
6329 6 1933 1717 2602 
6330 1156 1756 1965 2650 
6331 1371 1818 1632 1987 
6332 2357 2361 1582 2609 
6333 1759 2228 1431 2297 
6334 259 258 257 1851 
6335 1351 2024 1791 2599 
6336 2173 2530 1403 2613 
6337 133 28 1614 2630 
6338 1517 2107 1407 2373 
6339 304 2184 1638 2242 
6340 796 2151 1574 2528 
6341 1257 1193 2181 2517 
6342 1207 1543 1845 1917 
6343 1464 2097 1689 2130 
6344 1127 2169 1498 2612 
6345 1849 1889 1361 2278 
6346 1351 1565 1497 1985 
6347 1183 2051 1575 2323 
6348 1507 1508 1368 2301 
6349 1228 1629 1283 2285 
6350 1138 1583 1732 2670 
6351 1163 1611 1491 1612 
6352 1396 1742 1858 2323 
6353 684 609 603 1880 
6354 1710 2103 2268 2573 
6355 1669 1860 1381 2074 
6356 610 608 609 1880 
6357 1306 2058 1980 2442 
6358 1235 1855 2179 2616 
6359 1509 1778 1129 1852 
6360 1186 1709 1560 2640 
6361 1524 2446 1919 2588 
6362 572 1591 573 2206 
6363 75 76 1986 2149 
6364 842 1429 848 2105 
6365 1152 2083 1751 2453 
6366 607 603 608 1880 
6367 1350 1622 1281 2543 
6368 1398 1221 1979 2382 
6369 282 1595 241 2219 
6370 81 563 82 2166 
6371 1514 1660 2040 2548 
6372 1189 2399 1266 2678 
6373 1932 2007 1194 2665 
6374 242 128 2219 2331 
6375 1537 1847 562 2245 
6376 46 45 1947 2241 
6377 1498 2104 1200 2435 
6378 1367 1892 1878 2472 
6379 1202 1811 1136 1904 
6380 485 1624 1569 1896 
6381 1145 1762 1423 2000 
6382 1536 2240 1688 2309 
6383 1191 1272 1888 2103 
6384 1744 2014 2261 2359 
6385 443 495 2580 2675 
6386 2007 2344 1292 2687 
6387 1556 2123 1813 2365 
6388 1158 1760 1201 2124 
6389 1265 1550 2273 2608 
6390 47 1501 132 2225 
6391 1133 1688 1582 2452 
6392 508 395 403 1769 
6393 425 1668 441 2426 
6394 2018 2623 1659 2698 
6395 1958 1988 1023 2283 
6396 1381 1860 1698 2074 
6397 8 9 2541 2639 
6398 1163 1612 1491 1842 
6399 85 268 84 1592 
6400 1304 1708 2126 2127 
6401 377 14 534 1599 
6402 1390 2419 2073 2525 
6403 813 1678 824 2115 
6404 1780 1479 2081 2160 
6405 412 495 1696 2580 
6406 1732 2446 1919 2670 
6407 879 1506 983 2042 
6408 1476 2014 1773 2382 
6409 1697 1842 1349 2358 
6410 1152 1940 1364 2453 
6411 1265 2055 2347 2503 
6412 1005 761 1524 1743 
6413 1144 1492 2288 2366 
6414 1376 1305 1711 1969 
6415 1810 2048 1157 2511 
6416 1327 1996 1414 2398 
6417 753 1674 764 2418 
6418 1773 1979 1476 2382 
6419 1198 2451 1566 2688 
6420 1550 2003 1886 2608 
6421 2081 2282 1499 2470 
6422 2015 2609 1915 2638 
6423 541 455 514 2244 
6424 1246 1639 1206 2052 
6425 1394 1397 1223 1807 
6426 988 1416 1827 2696 
6427 978 760 2095 2234 
6428 1354 2249 1735 2407 
6429 620 2049 669 2679 
6430 1396 1858 1724 2323 
6431 954 1921 1856 2542 
6432 1557 653 2033 2245 
6433 1140 1540 2210 2311 
6434 1158 1884 2318 2329 
6435 1187 1461 2204 2531 
6436 1414 1996 1478 2467 
6437 1449 2235 1946 2466 
6438 494 491 1696 2675 
6439 1474 2089 1231 2317 
6440 1402 1426 1212 1677 
6441 1285 1187 2103 2573 
6442 100 1802 1475 2699 
6443 568 738 706 1645 
6444 270 79 1729 2510 
6445 1379 1594 1324 2011 
6446 1206 1466 1831 2177 
6447 124 1701 364 2253 
6448 1945 2504 2088 2571 
6449 1326 1406 1649 2388 
6450 151 1638 2096 2467 
6451 1183 1575 2071 2323 
6452 1517 2352 2339 2566 
6453 1437 2211 1949 2409 
6454 1578 2009 1409 2414 
6455 1145 1660 1878 2558 
6456 1241 1729 1337 2265 
6457 555 1591 574 2206 
6458 1948 2036 1461 2333 
6459 1302 2176 1465 2613 
6460 1891 2519 2220 2575 
6461 109 1874 757 2452 
6462 1935 2183 1075 2284 
6463 1894 1211 2257 2389 
6464 1474 2299 1475 2699 
6465 1070 1045 1081 1770 
6466 1369 1285 2103 2572 
6467 1162 2014 1773 2068 
6468 2057 2205 1504 2694 
6469 1139 1578 1520 1798 
6470 855 2677 1803 2697 
6471 1451 1452 1258 2264 
6472 1336 1211 1592 1971 
6473 355 321 159 1718 
6474 1227 1428 1324 1855 
6475 1581 1582 997 2609 
6476 1019 1091 1797 2589 
6477 1150 1689 1625 1911 
6478 632 683 694 1782 
6479 1376 1697 1481 2586 
6480 686 2031 687 2480 
6481 889 863 2300 2372 
6482 1291 1796 1706 2403 
6483 1829 2367 1800 2393 
6484 1179 2279 1800 2420 
6485 246 245 244 1795 
6486 19 20 2233 2448 
6487 1817 1132 2296 2371 
6488 367 1646 466 2160 
6489 1462 1616 1276 2024 
6490 1129 2379 2301 2678 
6491 1263 1433 1692 1864 
6492 520 1544 460 1937 
6493 1757 2163 1572 2700 
6494 1656 2209 1754 2437 
6495 1008 2156 1906 2347 
6496 1146 1766 2231 2468 
6497 60 1528 299 2059 
6498 1652 1671 1185 1816 
6499 1458 1780 1227 2282 
6500 1608 2026 1230 2201 
6501 695 625 633 1637 
6502 2079 2202 1354 2249 
6503 1257 2116 1681 2181 
6504 1389 1589 1447 1846 
6505 1489 1592 1322 1812 
6506 1628 1805 1302 1844 
6507 1783 1948 1461 2333 
6508 1631 1209 2307 2457 
6509 1443 1977 1561 2241 
6510 845 857 846 1893 
6511 1384 2602 1933 2673 
6512 1234 1839 1401 2118 
6513 1436 1884 1335 2546 
6514 1385 1242 1723 1982 
6515 1252 1634 2157 2364 
6516 1200 1498 1830 2104 
6517 927 937 1344 2192 
6518 1370 2303 1808 2305 
6519 988 1092 1416 2696 
6520 1584 1612 1377 2200 
6521 1003 763 2326 2622 
6522 1033 800 1477 2174 
6523 1610 1786 1362 2135 
6524 1442 2515 1443 2535 
6525 1171 2349 1631 2457 
6526 895 896 1899 2247 
6527 1194 1932 1829 2007 
6528 1356 1733 1233 2461 
6529 1463 1753 1569 2520 
6530 1152 1940 1751 2634 
6531 1248 1712 1686 2041 
6532 525 376 1781 1954 
6533 65 66 137 1849 
6534 1152 1744 1940 2099 
6535 2007 2092 1194 2665 
6536 388 390 1565 2346 
6537 1310 1803 1690 2210 
6538 124 307 1701 2171 
6539 1003 1989 106 2319 
6540 683 1449 1946 2362 
6541 1611 1901 1333 2155 
6542 75 1636 1986 2295 
6543 1653 1789 1603 2191 
6544 1061 1746 752 2207 
6545 1575 1904 1283 2186 
6546 1762 2256 1878 2684 
6547 696 2412 1905 2676 
6548 658 693 739 2606 
6549 1553 1765 1764 1908 
6550 971 1818 970 2154 
6551 2036 2203 1653 2531 
6552 1132 1606 1724 2514 
6553 1709 2108 1297 2194 
6554 1165 1671 1652 1816 
6555 979 1034 1459 2260 
6556 1281 1622 1274 1681 
6557 96 97 1684 2299 
6558 1166 1564 1814 2006 
6559 2017 2080 1302 2435 
6560 684 1880 1449 2661 
6561 1412 1420 1282 2662 
6562 1743 1765 1459 2416 
6563 1705 1750 1275 1993 
6564 374 536 498 2229 
6565 1740 2173 2101 2613 
6566 1330 1814 1362 2006 
6567 1653 2177 1603 2203 
6568 1255 1894 1775 1916 
6569 1146 1720 2162 2230 
6570 1469 2045 1825 2121 
6571 531 38 39 2497 
6572 1345 1924 1474 2252 
6573 100 1475 2386 2699 
6574 1231 1474 1434 1684 
6575 317 357 120 2463 
6576 1437 2211 2409 2424 
6577 1778 1234 2456 2474 
6578 7 2320 2065 2617 
6579 1766 2085 2108 2468 
6580 848 2345 2105 2348 
6581 1020 1755 804 1895 
6582 1021 1801 816 2547 
6583 1744 1382 2014 2359 
6584 968 1797 1119 2306 
6585 1526 1308 2182 2285 
6586 1260 1795 1636 2219 
6587 333 306 1675 2370 
6588 716 2001 569 2549 
6589 721 689 687 2031 
6590 711 2275 674 2276 
6591 1625 1945 1593 2082 
6592 1150 1586 1812 2114 
6593 16 15 117 1941 
6594 1271 1759 1699 2281 
6595 14 290 15 1941 
6596 908 749 1006 1547 
6597 1371 2677 1107 2697 
6598 1326 2171 1996 2654 
6599 254 293 323 1843 
6600 1170 1499 1214 1938 
6601 1446 1745 1148 2141 
6602 1256 2067 1386 2290 
6603 68 2029 328 2394 
6604 873 1936 1020 2157 
6605 613 2324 1877 2672 
6606 1375 1599 1348 1962 
6607 1135 1641 2043 2053 
6608 1714 1800 1584 2355 
6609 1179 2344 1853 2478 
6610 1415 2067 1668 2147 
6611 1158 1640 1673 2556 
6612 1312 1646 1544 1952 
6613 1169 1855 1968 2616 
6614 752 2207 1746 2327 
6615 304 1638 1493 2096 
6616 661 576 641 1725 
6617 1476 1553 2014 2445 
6618 38 1704 37 2497 
6619 351 150 324 2555 
6620 2177 2191 1831 2569 
6621 1838 1318 1998 2079 
6622 524 469 1661 2516 
6623 1587 2199 1267 2689 
6624 1340 1296 1867 2541 
6625 1327 1990 1414 2654 
6626 1157 1243 2039 2090 
6627 25 541 375 1722 
6628 1242 1397 1665 2310 
6629 1542 2169 1607 2648 
6630 1195 1805 2088 2504 
6631 1198 1462 1384 2688 
6632 316 2020 340 2172 
6633 1564 1786 1160 2200 
6634 706 1645 738 2031 
6635 1158 2124 1201 2556 
6636 1238 2101 1740 2561 
6637 109 1547 108 1874 
6638 1522 1372 1746 2207 
6639 1314 1539 2170 2518 
6640 113 979 1623 2260 
6641 985 995 1536 2309 
6642 678 1907 628 2133 
6643 1133 1810 1508 2048 
6644 737 566 722 2679 
6645 1810 1914 1306 2361 
6646 1347 2007 1194 2687 
6647 1163 1658 1584 2274 
6648 1624 1896 522 2398 
6649 1488 2244 1950 2485 
6650 559 1834 704 2659 
6651 8 520 7 2617 
6652 1397 1482 2293 2455 
6653 1328 1589 1531 1886 
6654 1576 1701 1326 2388 
6655 55 355 1 1718 
6656 624 1618 671 2216 
6657 441 2147 535 2426 
6658 1324 2262 1737 2376 
6659 1014 1574 874 2378 
6660 1243 1469 1825 2121 
6661 1653 2464 2191 2597 
6662 1366 1449 1224 1450 
6663 1300 1816 1205 2112 
6664 1663 1764 1448 2290 
6665 1606 1771 1313 1942 
6666 1234 2474 1778 2491 
6667 1356 1233 1782 2461 
6668 1354 2082 2071 2202 
6669 434 2244 2131 2538 
6670 1548 1676 1658 2367 
6671 1243 1469 1454 2090 
6672 1935 2183 1359 2595 
6673 1538 1314 1818 2391 
6674 777 1530 819 1984 
6675 672 705 673 1644 
6676 1195 1622 1274 1967 
6677 1138 2085 1732 2178 
6678 1137 1660 1519 2432 
6679 1772 2374 507 2563 
6680 1770 1861 1401 2259 
6681 1143 1774 1710 2645 
6682 1200 2101 1465 2504 
6683 1254 1419 1960 2028 
6684 814 1541 816 1801 
6685 2095 2125 1137 2432 
6686 1569 1699 1277 1959 
6687 24 148 25 1966 
6688 1928 2236 1633 2501 
6689 164 165 1749 2506 
6690 1299 1665 1557 1836 
6691 1363 2181 1193 2517 
6692 1156 1756 1676 1965 
6693 1586 1211 1894 2030 
6694 1536 1453 2042 2309 
6695 1243 1825 1469 2090 
6696 1631 2126 1785 2457 
6697 1071 1346 2105 2345 
6698 631 696 661 1905 
6699 1256 2239 1707 2683 
6700 1235 1316 1559 1840 
6701 1429 2105 1695 2348 
6702 460 1544 544 1937 
6703 87 334 86 1489 
6704 1330 1814 2006 2403 
6705 1293 1831 1829 2305 
6706 209 2054 210 2635 
6707 683 1782 1449 2362 
6708 1182 1269 1308 2315 
6709 1199 2186 1283 2522 
6710 925 1082 927 1694 
6711 1380 2203 1653 2562 
6712 391 1565 1997 2563 
6713 1251 1956 1511 1957 
6714 1135 1742 1261 2317 
6715 1296 1340 1197 2489 
6716 1148 1446 1716 1745 
6717 1441 2344 1404 2586 
6718 681 724 630 1833 
6719 1131 1377 1612 2396 
6720 1238 1669 1771 1942 
6721 1221 2348 1857 2454 
6722 1161 2098 2153 2214 
6723 1715 1946 586 2235 
6724 385 452 513 2632 
6725 1131 1612 1842 2396 
6726 497 417 2433 2703 
6727 1191 1710 2103 2645 
6728 1993 2073 1598 2492 
6729 50 2360 1 2673 
6730 1294 1205 1422 2292 
6731 1200 1625 1678 2101 
6732 1136 2381 2148 2552 
6733 1212 1281 1274 2087 
6734 1246 1206 1639 2093 
6735 1389 2383 2175 2591 
6736 1179 1889 1800 2279 
6737 791 1467 789 1835 
6738 1460 1363 1833 1877 
6739 1464 2021 1689 2628 
6740 74 707 75 2584 
6741 1302 2080 2176 2435 
6742 1266 2380 1189 2535 
6743 1363 1233 1585 1877 
6744 1507 1508 2301 2511 
6745 1400 2151 2378 2669 
6746 1139 1785 2126 2457 
6747 1278 1437 2077 2424 
6748 1732 1765 1297 2446 
6749 1011 1936 1012 2325 
6750 1410 1187 1685 2204 
6751 824 813 823 1678 
6752 721 736 689 2166 
6753 1304 1359 2183 2595 
6754 1565 1769 1497 2346 
6755 833 2094 1942 2316 
6756 344 1925 118 2507 
6757 1299 1529 1355 2152 
6758 1255 1638 1301 2430 
6759 1484 1631 1188 2307 
6760 1495 2109 1138 2321 
6761 1307 1613 1377 1949 
6762 1271 1668 1334 1699 
6763 1162 1470 1773 2382 
6764 1180 1532 2052 2508 
6765 1328 1879 1531 2300 
6766 1319 2043 1261 2399 
6767 1421 1430 1308 2611 
6768 1578 1872 1148 2009 
6769 1173 1540 1876 2332 
6770 1254 1419 1573 1960 
6771 1132 1470 1839 2165 
6772 1207 1360 1480 2022 
6773 1200 2435 1302 2613 
6774 1429 848 2105 2348 
6775 559 1719 719 1834 
6776 286 2289 1440 2570 
6777 630 1833 724 2443 
6778 1366 1450 1224 2237 
6779 1139 1700 1708 1798 
6780 378 544 520 2617 
6781 460 1937 373 2320 
6782 1958 2372 1706 2403 
6783 1850 1908 1147 2287 
6784 1228 1742 2323 2701 
6785 1052 873 1515 1936 
6786 525 49 513 1781 
6787 1221 1476 1979 2382 
6788 1165 1869 1821 2152 
6789 1318 1601 1998 2628 
6790 1175 1903 1563 2473 
6791 1470 2296 1839 2456 
6792 1607 2169 1127 2648 
6793 1160 1491 1611 2575 
6794 1722 1950 1488 2244 
6795 1240 1695 1627 2099 
6796 1501 1266 1947 2370 
6797 1394 1246 1557 1865 
6798 1256 1977 1663 2290 
6799 1701 2253 1562 2338 
6800 1325 1467 1835 2174 
6801 663 648 646 1807 
6802 1276 1253 1977 2034 
6803 743 1572 102 1757 
6804 531 38 2497 2577 
6805 1874 2015 1554 2326 
6806 238 237 236 1620 
6807 1658 1853 1179 2007 
6808 1163 1853 1901 2155 
6809 1306 1874 2058 2442 
6810 1498 1314 1830 2518 
6811 839 836 1398 2118 
6812 1734 1864 1263 2091 
6813 1472 1471 2397 2400 
6814 470 416 471 1780 
6815 1556 2124 1673 2556 
6816 1276 1977 1728 2027 
6817 1534 1679 67 2488 
6818 1446 2298 1840 2616 
6819 1406 1649 1602 2171 
6820 1216 1784 1604 2418 
6821 31 2229 1890 2398 
6822 1447 1794 1389 1846 
6823 1338 1700 1656 1938 
6824 28 1615 1614 2242 
6825 1539 1970 1763 2612 
6826 1236 2026 1922 2268 
6827 588 1715 591 2439 
6828 1553 1161 1764 1765 
6829 1173 1883 1540 2332 
6830 1495 1138 1919 2321 
6831 1133 1980 1810 2440 
6832 1856 1921 1270 2542 
6833 1293 2064 1535 2279 
6834 1143 1892 1693 2268 
6835 1647 1296 2541 2560 
6836 1251 1935 1755 2284 
6837 1478 1638 1414 2467 
6838 1297 1765 1732 2214 
6839 1324 1968 1226 2282 
6840 683 1946 1449 2235 
6841 1347 1630 1441 2344 
6842 1177 1774 1878 2684 
6843 1275 1750 1705 2430 
6844 1512 1252 1934 2221 
6845 1216 1604 1909 2418 
6846 1150 2407 1911 2484 
6847 1649 1912 1650 2083 
6848 1175 1870 1745 1898 
6849 1704 1959 36 2425 
6850 1248 1686 1427 1757 
6851 1714 1800 1548 2393 
6852 78 2436 79 2510 
6853 1583 1138 1850 2670 
6854 509 1969 1738 2620 
6855 161 49 2225 2360 
6856 1034 2260 1062 2330 
6857 1174 1767 1703 1806 
6858 1465 2176 2530 2613 
6859 1690 2280 1987 2682 
6860 110 762 2404 2452 
6861 1593 1911 1354 2484 
6862 2046 2217 1628 2265 
6863 1148 1713 1598 2218 
6864 746 1688 2309 2452 
6865 1233 1176 1762 2181 
6866 1244 1430 1926 2122 
6867 1281 1366 1320 2462 
6868 1570 1923 890 2375 
6869 1597 2063 1886 2168 
6870 1177 1878 1774 2198 
6871 670 737 656 2679 
6872 388 1565 391 2374 
6873 1260 1444 1181 2022 
6874 976 1604 968 2306 
6875 1742 2449 2373 2487 
6876 864 1841 1088 2199 
6877 529 1704 1699 1959 
6878 362 2253 364 2338 
6879 1260 1595 1795 2219 
6880 752 1746 744 2327 
6881 441 477 2147 2426 
6882 1554 2058 1874 2326 
6883 1318 2021 1601 2628 
6884 1146 1766 1560 2231 
6885 1213 1840 1316 2492 
6886 1242 2291 1723 2310 
6887 1481 1963 1441 2586 
6888 1248 1380 1784 2444 
6889 510 1561 46 1954 
6890 185 183 1793 2411 
6891 1826 2108 1303 2468 
6892 1563 1364 1870 2453 
6893 1345 1526 2143 2196 
6894 1220 1440 1243 2121 
6895 3 1485 1046 1495 
6896 793 1118 2250 2479 
6897 46 1561 510 2603 
6898 729 644 634 2501 
6899 1323 1488 1316 1722 
6900 1943 1975 930 2402 
6901 1175 1898 1745 2582 
6902 1155 2201 1230 2350 
6903 471 1458 1780 2621 
6904 1246 1639 1537 2572 
6905 103 102 1572 1757 
6906 101 1802 2 2693 
6907 77 78 1523 2436 
6908 1258 1939 1506 2264 
6909 31 2398 1890 2467 
6910 1143 1423 1878 2685 
6911 1338 1938 2231 2468 
6912 615 613 616 2324 
6913 963 1861 1860 2624 
6914 1701 1995 150 2555 
6915 161 157 49 2360 
6916 1563 2342 1364 2359 
6917 1756 2367 1932 2650 
6918 1470 2148 1567 2381 
6919 30 1490 1890 2229 
6920 1 1718 1933 2673 
6921 1678 2101 1740 2115 
6922 1129 1778 1777 2417 
6923 702 1725 574 1802 
6924 1130 1786 1610 2135 
6925 26 539 541 1722 
6926 1455 2035 1654 2080 
6927 1199 1321 1991 2642 
6928 1536 1688 1453 2309 
6929 1521 2401 7 2639 
6930 1168 2123 1556 2365 
6931 1216 1687 2337 2531 
6932 1541 2069 1801 2643 
6933 250 2340 1930 2510 
6934 1695 2345 1627 2348 
6935 28 1843 1614 2630 
6936 35 1959 368 2545 
6937 269 1595 243 2219 
6938 1565 1997 1769 2346 
6939 1003 1989 2319 2622 
6940 1172 1682 1734 1951 
6941 1770 1425 2197 2352 
6942 1949 2250 1437 2481 
6943 1442 1533 2034 2515 
6944 1593 2146 2051 2623 
6945 1159 2008 1783 2597 
6946 1557 1865 653 2245 
6947 1403 2062 1041 2649 
6948 1532 2356 2052 2508 
6949 1187 2268 2103 2573 
6950 662 592 663 1807 
6951 282 243 1595 2219 
6952 1217 2383 2444 2562 
6953 1404 1329 1941 2586 
6954 1644 1880 672 1907 
6955 157 161 201 1964 
6956 1132 1396 2165 2371 
6957 672 1880 1644 2480 
6958 1174 1720 1703 1981 
6959 1167 1705 2351 2574 
6960 1241 1337 1916 2217 
6961 1345 1388 1273 2252 
6962 1227 1324 1458 2282 
6963 1462 1616 1351 2632 
6964 1382 2454 2013 2689 
6965 1776 1455 2176 2495 
6966 1311 1487 2069 2311 
6967 1734 1855 1263 1951 
6968 2106 2107 1742 2373 
6969 1472 1489 1471 2400 
6970 1291 2300 1815 2372 
6971 336 174 333 1675 
6972 457 1937 1497 1985 
6973 1482 1715 584 2455 
6974 1286 1408 1917 2134 
6975 1212 1426 1357 2215 
6976 746 2309 1006 2452 
6977 1610 2135 1362 2136 
6978 1425 1621 2158 2197 
6979 1184 1316 1323 2091 
6980 1719 1905 731 2405 
6981 181 1793 183 2411 
6982 1744 2014 1609 2261 
6983 1235 1488 1316 2091 
6984 1263 1428 1855 2091 
6985 1498 2137 1314 2518 
6986 1240 2079 1354 2249 
6987 1583 1850 1587 2670 
6988 366 1462 50 2673 
6989 1209 1481 1376 1697 
6990 1503 1772 437 2297 
6991 1389 1846 1794 2383 
6992 1445 1383 2529 2551 
6993 1324 1594 1379 2483 
6994 1360 1845 1500 1917 
6995 1153 1714 2424 2637 
6996 1723 2216 1715 2455 
6997 1202 1269 1456 1811 
6998 1134 1571 1813 2057 
6999 23 285 24 1966 
7000 48 1781 47 2034 
7001 1128 1973 1694 2304 
7002 1232 1305 1666 2469 
7003 1758 2224 1295 2289 
7004 1172 1875 1864 2414 
7005 1155 2301 1810 2511 
7006 558 1741 739 1787 
7007 1826 1983 1623 2108 
7008 1158 1610 2102 2329 
7009 1214 1566 1938 2230 
7010 1162 2014 1448 2261 
7011 1575 2285 1904 2552 
7012 74 75 297 1636 
7013 1980 2058 1288 2442 
7014 1356 2461 1449 2466 
7015 1133 2129 1508 2361 
7016 455 1873 365 2244 
7017 1653 1461 2036 2337 
7018 2243 2380 1443 2535 
7019 192 337 1471 1900 
7020 1139 2126 1484 2457 
7021 1243 1317 1469 2121 
7022 1791 2282 1226 2625 
7023 51 1859 2 2289 
7024 997 1581 999 1804 
7025 334 1761 1489 2120 
7026 1012 1084 1029 2185 
7027 823 1043 1605 1830 
7028 1657 1844 1628 2664 
7029 1495 1726 1046 2605 
7030 1174 1663 1728 1981 
7031 1035 903 900 1698 
7032 1586 1812 1211 2030 
7033 909 1522 2207 2395 
7034 1560 2098 1253 2631 
7035 1800 1829 1293 2177 
7036 2105 2345 1695 2348 
7037 1975 2432 1552 2530 
7038 1606 1942 1838 2082 
7039 1149 1809 1519 2088 
7040 471 1780 1458 2086 
7041 1346 1601 1695 2345 
7042 1141 1516 1983 2601 
7043 639 671 1618 2216 
7044 62 63 309 2614 
7045 1490 1873 1559 2433 
7046 1603 2383 2180 2562 
7047 63 1808 309 2614 
7048 1727 2344 1361 2478 
7049 937 938 926 1909 
7050 1191 1655 1774 1888 
7051 1530 2250 779 2627 
7052 576 1725 1642 2421 
7053 1336 1819 1337 1851 
7054 170 156 167 1749 
7055 1259 1450 1633 2237 
7056 1437 1949 1530 2627 
7057 1648 1963 1630 2536 
7058 1238 1740 1669 2441 
7059 295 1848 1964 2506 
7060 828 1740 1055 2561 
7061 1251 1540 2069 2343 
7062 1491 1842 1612 2575 
7063 1263 1323 1691 2091 
7064 1656 1700 1484 2269 
7065 1281 1402 1366 2237 
7066 153 1729 2254 2490 
7067 1824 2176 1455 2495 
7068 1598 1713 1390 2218 
7069 1626 2152 1869 2690 
7070 1158 2066 2286 2663 
7071 1380 1710 1693 2531 
7072 1542 1775 1154 2351 
7073 1351 1985 1616 2374 
7074 69 68 2001 2549 
7075 1360 2188 1620 2600 
7076 1169 1734 1682 1855 
7077 1419 1792 1254 2314 
7078 475 1699 432 2577 
7079 1348 1779 1697 1999 
7080 1215 1611 1491 2255 
7081 53 1859 1510 2428 
7082 1874 1288 2058 2442 
7083 1339 1636 1289 1730 
7084 1345 1434 1261 2317 
7085 1251 1755 1934 2343 
7086 686 725 687 2031 
7087 1121 1694 1082 2395 
7088 463 1952 1780 2086 
7089 971 1818 1004 2353 
7090 1431 1759 1463 2228 
7091 1653 2337 2036 2531 
7092 1222 1764 1663 2290 
7093 1703 2342 1767 2550 
7094 1914 1976 1407 2486 
7095 1254 1573 1419 1662 
7096 165 1501 1502 1749 
7097 1714 1584 2393 2409 
7098 375 1722 541 1950 
7099 899 902 1047 1860 
7100 1463 1759 1271 2281 
7101 1536 2042 985 2309 
7102 1710 2203 2036 2531 
7103 2109 2321 1587 2670 
7104 923 941 1763 2189 
7105 1159 1461 2569 2597 
7106 452 1781 1616 1954 
7107 1496 1320 2133 2181 
7108 818 1075 1755 1935 
7109 1292 1361 1727 2344 
7110 1431 2297 2228 2563 
7111 1043 922 1605 2518 
7112 1143 1710 1774 2268 
7113 1353 1754 1656 2521 
7114 1351 1616 1565 2374 
7115 598 1723 595 2447 
7116 1813 2057 1571 2365 
7117 1511 1876 1409 1956 
7118 767 1516 1097 2042 
7119 1467 1736 1667 2532 
7120 1452 2008 1939 2264 
7121 705 1644 1907 2275 
7122 1399 1883 1690 2525 
7123 485 1569 486 2281 
7124 1443 1947 1561 2034 
7125 925 1082 1694 2395 
7126 2017 2046 1657 2365 
7127 733 653 1865 2245 
7128 665 561 2294 2443 
7129 1650 1609 1744 2099 
7130 1537 1978 1369 2572 
7131 1291 1796 1589 2061 
7132 1293 1829 1800 2420 
7133 1188 2378 1799 2592 
7134 1414 2398 1996 2467 
7135 1092 943 1799 2696 
7136 1225 1431 1379 2598 
7137 1199 1322 1472 2114 
7138 1298 1756 1939 2650 
7139 1710 2103 1774 2268 
7140 1228 1345 1742 2354 
7141 1258 1680 1596 2258 
7142 535 2147 515 2426 
7143 1233 1460 1637 2324 
7144 794 791 792 1721 
7145 1857 1979 1066 2348 
7146 584 1715 587 2455 
7147 1278 1694 1756 1973 
7148 1555 1899 1365 2566 
7149 1766 2085 1919 2108 
7150 1231 1319 1502 1684 
7151 1332 1862 1525 2161 
7152 1586 2119 1607 2499 
7153 1161 2193 2004 2619 
7154 1234 1852 1773 1893 
7155 1127 1689 1607 2097 
7156 1398 1979 1773 2382 
7157 1238 1942 1771 2082 
7158 275 217 314 1808 
7159 419 1753 2281 2580 
7160 1226 1351 1791 2599 
7161 1519 2431 2432 2530 
7162 1901 2255 1376 2349 
7163 1334 1704 1457 2473 
7164 1279 1596 2129 2640 
7165 1247 2432 1975 2530 
7166 1203 2261 2195 2381 
7167 1134 1813 1556 2408 
7168 718 88 571 2294 
7169 1171 2220 1631 2349 
7170 1538 1314 2391 2646 
7171 15 16 1666 2392 
7172 374 2229 498 2433 
7173 1455 2384 801 2668 
7174 1570 1923 2061 2637 
7175 481 1479 1599 2620 
7176 1514 1660 2125 2432 
7177 52 348 287 1859 
7178 779 1486 781 2250 
7179 534 1599 1666 2620 
7180 1579 2322 2055 2652 
7181 1253 1276 1977 2117 
7182 839 840 2118 2583 
7183 1584 1800 1714 2393 
7184 1709 2098 1560 2640 
7185 1374 1838 1998 2079 
7186 82 83 1819 2438 
7187 1278 1973 1548 2424 
7188 160 1619 101 2224 
7189 1774 2103 1710 2645 
7190 1596 1451 2048 2610 
7191 1329 1404 1941 2144 
7192 1443 2034 1253 2515 
7193 1427 2423 2163 2700 
7194 1218 1779 1697 2586 
7195 999 1089 1804 2330 
7196 1354 2079 1240 2407 
7197 150 1995 1701 2171 
7198 613 1877 1585 2672 
7199 1486 2151 780 2528 
7200 1313 2094 1861 2514 
7201 278 129 246 1795 
7202 536 497 1545 2703 
7203 1496 2133 665 2443 
7204 1545 2131 1413 2387 
7205 1146 1981 1732 2509 
7206 1345 1742 1204 2317 
7207 945 2325 1799 2595 
7208 1794 1800 1293 2177 
7209 289 2295 77 2510 
7210 1186 2610 1596 2640 
7211 1514 1247 2040 2432 
7212 1186 2631 2048 2640 
7213 1615 1873 28 1974 
7214 437 1772 1503 2328 
7215 86 87 1489 2334 
7216 1149 1805 1809 2088 
7217 1140 1713 1540 2311 
7218 1242 1665 1529 2310 
7219 791 1721 794 2283 
7220 1283 1472 1471 1629 
7221 1672 2017 1331 2646 
7222 2101 2173 2115 2613 
7223 1459 1297 1743 2194 
7224 1351 1937 1866 1985 
7225 1428 2016 1661 2140 
7226 1649 1650 1237 2083 
7227 783 1486 782 2341 
7228 1173 1875 1876 2037 
7229 1482 2078 1356 2385 
7230 1149 1519 1809 2431 
7231 1467 1955 1736 2532 
7232 1851 2254 1424 2490 
7233 1402 1281 1645 1677 
7234 1458 1769 1324 2376 
7235 1163 1658 2274 2358 
7236 642 1847 726 2226 
7237 1167 1775 1916 2430 
7238 1248 1687 1674 1784 
7239 248 2295 129 2510 
7240 1376 1481 1232 1666 
7241 569 1871 1422 2001 
7242 1384 2320 1717 2602 
7243 1312 1952 1780 2081 
7244 79 2164 2166 2436 
7245 206 211 208 2038 
7246 578 662 646 1807 
7247 1874 2058 1288 2326 
7248 1423 2684 1878 2685 
7249 708 739 640 1741 
7250 1587 2075 1270 2670 
7251 1143 1597 2175 2591 
7252 1251 1541 2284 2343 
7253 151 2096 1478 2467 
7254 673 1644 2031 2480 
7255 1472 1629 2051 2146 
7256 1101 2041 1555 2622 
7257 1709 1766 1297 2108 
7258 1275 1638 1414 2430 
7259 1577 1862 227 2144 
7260 1335 1260 1595 2692 
7261 296 213 1867 2639 
7262 1196 1386 2067 2290 
7263 1531 1815 1291 2300 
7264 1737 2376 401 2621 
7265 540 1559 445 2244 
7266 1275 1301 1615 2242 
7267 1244 2020 1430 2122 
7268 1192 2119 1628 2434 
7269 77 1523 78 2510 
7270 1690 1883 1310 2210 
7271 1412 1595 1335 1966 
7272 235 1792 292 2314 
7273 1257 1629 1472 2146 
7274 1913 2339 1698 2548 
7275 1354 2186 2071 2484 
7276 1230 2201 2039 2350 
7277 1261 2285 2053 2611 
7278 1527 1739 207 2038 
7279 1193 1388 1273 2138 
7280 1363 1877 1585 2133 
7281 558 1741 1787 1897 
7282 1176 1281 1320 2462 
7283 1324 1428 1737 2262 
7284 1263 1435 1661 1951 
7285 1436 1722 25 2544 
7286 63 1518 121 1808 
7287 1353 1902 1779 1965 
7288 1203 1513 1457 1920 
7289 1183 1575 2051 2071 
7290 75 564 76 2584 
7291 851 842 864 1429 
7292 1192 1820 1586 2434 
7293 1128 1789 1343 1973 
7294 834 836 835 2094 
7295 536 1545 498 2229 
7296 620 668 669 2049 
7297 1451 1452 2008 2450 
7298 1158 1571 1760 2124 
7299 1265 2347 2055 2652 
7300 1407 1129 1777 2417 
7301 904 1669 928 2624 
7302 987 1826 1702 1827 
7303 1539 2189 1970 2280 
7304 107 744 106 2326 
7305 1561 1947 1443 2241 
7306 1461 1980 1410 2204 
7307 1362 1814 1564 2006 
7308 37 1704 36 2425 
7309 48 1781 376 1954 
7310 1346 2105 1473 2208 
7311 58 1978 59 2059 
7312 1454 2515 1442 2615 
7313 1444 1339 1788 1986 
7314 1244 1445 1342 1837 
7315 2017 2435 1498 2646 
7316 1695 2212 1832 2634 
7317 421 2281 1463 2580 
7318 1133 1688 1596 2129 
7319 1049 930 1943 1975 
7320 1815 2300 863 2372 
7321 1199 1812 1735 1991 
7322 292 230 335 1862 
7323 1700 2085 1938 2468 
7324 1253 1977 1728 2117 
7325 1159 1831 1932 2191 
7326 1470 2148 2381 2552 
7327 1148 1713 2218 2410 
7328 1921 2494 1358 2534 
7329 850 1015 1104 2154 
7330 816 1541 814 2547 
7331 1132 2202 1606 2514 
7332 1161 2153 1395 2214 
7333 1549 1945 1771 2623 
7334 1202 1882 1811 2060 
7335 1526 1992 1421 2578 
7336 1163 2274 1842 2358 
7337 1735 2249 1650 2407 
7338 1258 1353 2044 2110 
7339 97 96 719 2277 
7340 1193 1363 2138 2181 
7341 1211 1701 1761 2555 
7342 1318 1689 1625 2104 
7343 1326 1996 1478 2654 
7344 1157 2039 1243 2554 
7345 481 1479 511 2160 
7346 343 2019 1643 2411 
7347 28 1614 1615 1974 
7348 1604 1344 2180 2559 
7349 1663 1728 1395 2153 
7350 988 1416 769 2270 
7351 1554 1306 1976 2015 
7352 1642 1725 576 1905 
7353 232 292 1792 2161 
7354 1180 2064 1823 2152 
7355 1203 1457 2060 2195 
7356 262 1576 332 2096 
7357 798 799 801 2035 
7358 1317 1197 1521 2121 
7359 1323 1691 1488 1950 
7360 542 376 452 1954 
7361 1183 1228 2051 2323 
7362 1700 1798 1520 2085 
7363 1016 1374 853 2316 
7364 1161 2004 1507 2098 
7365 1672 1830 1314 2518 
7366 1733 1762 1176 2128 
7367 1409 1876 1875 2037 
7368 1366 1928 1450 2237 
7369 29 1490 1615 1890 
7370 1142 1447 1823 2025 
7371 1156 2092 2007 2665 
7372 1220 1285 2333 2554 
7373 499 1559 540 2433 
7374 1280 2125 1686 2234 
7375 61 1639 60 1865 
7376 1246 2093 1639 2572 
7377 1192 1820 1336 1894 
7378 1580 1551 1844 2664 
7379 1960 2200 1208 2355 
7380 1154 2217 2123 2351 
7381 1293 1800 2279 2420 
7382 1333 1332 1611 2155 
7383 655 654 1836 2308 
7384 271 152 82 1819 
7385 1268 1613 1612 2519 
7386 1359 2126 1631 2127 
7387 992 1524 1060 2075 
7388 1190 1745 2218 2453 
7389 1178 1882 1735 1991 
7390 55 1718 349 2428 
7391 618 1871 2291 2606 
7392 1525 1862 229 2161 
7393 1169 2282 1499 2625 
7394 408 1731 488 2262 
7395 1886 2168 1427 2591 
7396 1139 1708 1484 2126 
7397 1476 1893 2068 2494 
7398 306 154 45 1947 
7399 2185 2325 1574 2528 
7400 468 1952 465 2160 
7401 1289 1863 1339 2368 
7402 1686 1712 1280 2041 
7403 6 2320 537 2602 
7404 1758 2226 1369 2693 
7405 928 1669 904 2402 
7406 441 1668 477 2426 
7407 1823 2064 1205 2152 
7408 1345 1434 1924 2143 
7409 1229 1425 2352 2487 
7410 1145 1878 1483 2558 
7411 2149 2164 78 2436 
7412 1338 2100 2044 2258 
7413 1471 1472 1199 1489 
7414 208 294 286 2570 
7415 1014 1094 874 1574 
7416 785 2341 1736 2479 
7417 1307 1736 1613 2479 
7418 1190 1745 1870 1990 
7419 1444 1788 1339 2471 
7420 329 17 16 1994 
7421 1655 1878 1774 2684 
7422 1437 1278 2077 2211 
7423 1915 2197 1365 2636 
7424 1253 1309 1533 2117 
7425 1299 2064 1535 2508 
7426 1902 2044 1353 2521 
7427 1954 2328 446 2603 
7428 635 699 682 1719 
7429 1161 1764 2153 2243 
7430 1872 2023 1520 2162 
7431 1312 1497 1937 2658 
7432 1832 2021 1464 2628 
7433 1316 1315 1873 2492 
7434 1275 1638 1615 1890 
7435 1127 1689 2097 2130 
7436 104 1686 990 2319 
7437 1227 1435 1479 2159 
7438 2069 2210 1541 2343 
7439 53 1510 1859 2570 
7440 2015 1915 2636 2638 
7441 1248 1712 2041 2319 
7442 1184 2179 2141 2492 
7443 1220 1758 1440 2076 
7444 947 907 886 2345 
7445 1327 1870 1277 1898 
7446 1555 2339 1899 2566 
7447 1868 2401 2038 2671 
7448 1225 2483 2520 2616 
7449 1858 2323 1742 2701 
7450 1445 1837 1244 2529 
7451 352 324 262 1576 
7452 670 620 669 2679 
7453 1816 1821 1205 2152 
7454 779 2151 1530 2669 
7455 1556 1588 1399 2187 
7456 1261 1319 1421 2611 
7457 1464 1912 1650 2553 
7458 642 1591 1847 2226 
7459 1179 1584 1889 2478 
7460 258 1851 1493 2490 
7461 1444 1670 2219 2331 
7462 287 158 286 2570 
7463 1220 1783 1948 2313 
7464 276 2038 155 2401 
7465 96 1684 97 2312 
7466 1519 1809 2431 2530 
7467 796 780 1094 2151 
7468 1217 1757 1427 2163 
7469 1296 1521 1340 1867 
7470 2456 2474 1234 2491 
7471 1618 1741 1259 2002 
7472 5 1718 1469 1933 
7473 1306 2361 2357 2609 
7474 733 1865 567 2245 
7475 1377 1949 1131 2409 
7476 1237 1602 1649 1870 
7477 1029 1515 2341 2528 
7478 1557 1626 1299 2508 
7479 968 1604 976 2695 
7480 1424 1729 1420 2340 
7481 1204 2089 1608 2524 
7482 893 1048 1770 1899 
7483 1231 2089 1608 2106 
7484 1593 1771 1183 2071 
7485 1010 1935 918 2183 
7486 497 417 498 2433 
7487 899 894 896 1899 
7488 1330 2283 1721 2288 
7489 1190 1649 1870 2083 
7490 1459 2193 1790 2330 
7491 1496 1320 1907 2133 
7492 1162 2014 2381 2382 
7493 2235 2236 593 2439 
7494 1735 1812 1199 2484 
7495 783 781 1486 2479 
7496 787 1022 785 1736 
7497 1143 1774 1655 1878 
7498 1192 1894 1336 1916 
7499 1133 2442 1980 2666 
7500 1464 1912 1568 2212 
7501 865 1856 875 1857 
7502 1139 1409 1578 1956 
7503 1288 1687 1989 2058 
7504 1980 2442 1547 2666 
7505 1812 1967 1322 2114 
7506 643 1833 681 2659 
7507 689 1633 1402 2164 
7508 337 1900 189 2120 
7509 1198 1791 1351 2024 
7510 1411 1970 1931 2189 
7511 1351 1497 1937 1985 
7512 1165 1671 1816 1821 
7513 1621 2197 1425 2417 
7514 1980 2361 1306 2442 
7515 501 406 1737 2262 
7516 1592 1819 1336 1971 
7517 1376 1209 1961 1999 
7518 1037 1763 1601 2369 
7519 214 126 213 1739 
7520 1477 1895 1252 2157 
7521 922 923 877 1763 
7522 456 384 453 1866 
7523 2098 2413 1253 2631 
7524 1168 2046 2123 2365 
7525 1154 2017 1813 2365 
7526 1350 1496 1320 1907 
7527 1203 1811 1456 1926 
7528 1404 2344 1727 2478 
7529 1594 2131 2538 2539 
7530 1206 1293 1466 2177 
7531 641 574 702 1725 
7532 1171 2134 1286 2415 
7533 598 596 1723 2310 
7534 1188 1752 1574 2378 
7535 529 476 1699 2577 
7536 1110 838 1081 2094 
7537 1691 1950 451 2485 
7538 1205 1823 1822 1885 
7539 297 1636 2219 2331 
7540 1359 1934 1935 1936 
7541 431 511 1479 2159 
7542 1607 2097 1586 2499 
7543 1559 2131 1545 2433 
7544 1572 2125 1686 2700 
7545 1632 1803 1310 2653 
7546 1457 1513 1456 2497 
7547 37 529 382 1704 
7548 1172 1785 1961 2415 
7549 547 1873 1490 2433 
7550 559 740 704 1834 
7551 1912 2083 1649 2655 
7552 241 1670 1595 2460 
7553 1526 1421 2143 2578 
7554 101 1619 100 2224 
7555 1236 1272 1475 1651 
7556 1032 801 807 2495 
7557 940 2163 1757 2306 
7558 1801 2190 1841 2208 
7559 1304 2127 1359 2595 
7560 1195 1274 1622 1681 
7561 1875 2037 1864 2414 
7562 60 1865 1639 1978 
7563 911 913 912 1726 
7564 521 1646 1952 2617 
7565 1376 1481 1209 1999 
7566 1998 2628 1601 2629 
7567 196 1701 1761 2338 
7568 1499 1170 2081 2470 
7569 1873 2244 1559 2433 
7570 513 1781 1462 2632 
7571 959 954 2075 2542 
7572 1348 1599 1481 1962 
7573 1868 1972 208 2038 
7574 1319 1502 1684 2667 
7575 653 710 567 1865 
7576 30 1890 31 2229 
7577 1538 2169 1813 2351 
7578 1141 1766 1709 2108 
7579 666 724 1918 2443 
7580 1379 1968 1225 2598 
7581 1491 2220 1842 2575 
7582 485 486 1569 1959 
7583 1234 1893 1773 2583 
7584 562 726 642 1847 
7585 1464 1832 1568 2130 
7586 1961 1999 1683 2070 
7587 1817 1839 1401 2371 
7588 1335 1260 1480 1595 
7589 1137 1550 1886 2273 
7590 409 2140 1737 2159 
7591 206 1972 205 2635 
7592 1134 1828 1632 1987 
7593 1251 1934 1540 2343 
7594 1158 1571 2066 2136 
7595 1297 1766 1709 2214 
7596 1193 1145 2116 2256 
7597 1469 1317 1868 2401 
7598 387 452 385 2632 
7599 1188 1631 1484 2126 
7600 1775 1894 1192 1916 
7601 110 111 1688 2404 
7602 1407 2373 1976 2566 
7603 1442 1443 1266 2535 
7604 1133 1810 1980 2361 
7605 1053 1721 797 2651 
7606 1592 1761 268 1971 
7607 1493 1851 258 2493 
7608 1874 2015 1001 2609 
7609 135 1510 2570 2671 
7610 1113 1554 1085 2477 
7611 1397 1482 1223 1807 
7612 2356 2690 1655 2691 
7613 991 3 116 2587 
7614 1160 1611 1612 2575 
7615 1470 1162 1773 2456 
7616 1838 1942 1238 2082 
7617 704 1833 643 2659 
7618 1488 1691 2016 2485 
7619 1360 1620 1792 2600 
7620 1585 2661 613 2672 
7621 100 99 1802 2699 
7622 1180 1823 1821 2152 
7623 1347 1441 1218 2344 
7624 963 1125 838 2624 
7625 1092 769 988 1416 
7626 1272 1888 1774 2198 
7627 1365 1407 2352 2417 
7628 1437 2250 2111 2481 
7629 1586 1967 1812 2114 
7630 452 1616 472 2328 
7631 1171 1286 1408 2349 
7632 1399 2525 1690 2682 
7633 1127 2130 1607 2648 
7634 1706 2372 1291 2403 
7635 1424 1843 1420 2222 
7636 457 1497 1937 2086 
7637 1569 1624 485 1959 
7638 746 111 995 2309 
7639 861 1815 1879 2300 
7640 1390 1713 1598 2419 
7641 409 501 1737 2140 
7642 1286 2255 1408 2349 
7643 1160 2200 2028 2377 
7644 1722 1873 1315 1974 
7645 364 2253 1701 2338 
7646 49 2360 50 2673 
7647 1131 2396 1752 2681 
7648 1243 2121 1157 2554 
7649 1433 2167 1543 2406 
7650 1180 1794 1532 2025 
7651 577 696 580 1642 
7652 1262 1657 2046 2368 
7653 1800 1889 1239 2279 
7654 1164 2097 2030 2130 
7655 1579 2347 2055 2503 
7656 1173 1876 1409 2037 
7657 1172 1961 1683 2070 
7658 241 1670 242 2219 
7659 1485 2199 972 2557 
7660 1254 1768 1215 2028 
7661 1053 2283 1721 2651 
7662 1135 1742 2107 2474 
7663 1154 2017 2046 2513 
7664 1471 2019 2397 2400 
7665 1245 1690 2525 2682 
7666 933 2156 2495 2649 
7667 1305 1961 1711 2406 
7668 1396 1858 1742 2487 
7669 1263 1661 2016 2516 
7670 1438 2411 2019 2459 
7671 1067 2015 2636 2638 
7672 1488 1722 1323 1950 
7673 1692 1864 1433 2406 
7674 1316 1315 1722 1873 
7675 227 1862 1577 2394 
7676 1653 2203 1603 2562 
7677 1932 2008 1159 2191 
7678 83 568 84 1645 
7679 289 129 2295 2510 
7680 2258 2567 1709 2640 
7681 1429 2634 1473 2689 
7682 1405 1577 1264 1862 
7683 1605 2104 1498 2137 
7684 180 179 178 2578 
7685 1534 1889 1849 2278 
7686 1406 1701 1326 2171 
7687 1063 1555 895 2477 
7688 1720 2032 1703 2625 
7689 1334 1668 1271 2067 
7690 1431 1696 1379 2675 
7691 1235 1594 1324 2483 
7692 297 1636 278 1795 
7693 1248 2041 1686 2319 
7694 152 1819 1851 2254 
7695 1145 1439 1659 2018 
7696 1186 2258 1596 2610 
7697 529 382 1704 1959 
7698 1362 2135 1955 2288 
7699 234 2600 1792 2607 
7700 242 1670 240 2331 
7701 1840 2298 1446 2582 
7702 368 522 34 1624 
7703 526 552 368 1959 
7704 892 1923 1748 2537 
7705 1376 1961 1305 2070 
7706 1299 1355 1679 2064 
7707 1643 2182 1308 2285 
7708 18 140 19 1910 
7709 375 25 1722 1950 
7710 1309 1469 1454 1933 
7711 1506 1298 1939 2110 
7712 871 883 2197 2636 
7713 1525 1577 1264 2144 
7714 1182 1927 1641 2145 
7715 588 587 586 1715 
7716 1913 2449 1439 2487 
7717 672 1644 673 2480 
7718 1333 1910 1711 2255 
7719 1390 1883 1713 2419 
7720 45 2603 44 2683 
7721 708 739 1741 1787 
7722 1309 1469 1717 2045 
7723 1341 1442 2515 2615 
7724 683 680 585 1946 
7725 1510 1718 1469 2671 
7726 1288 1547 1980 2442 
7727 1129 1790 1509 1852 
7728 1557 1836 1747 2508 
7729 1188 1400 1752 2378 
7730 1596 2258 1680 2610 
7731 531 2497 39 2577 
7732 1353 1590 2592 2593 
7733 369 2263 519 2516 
7734 1149 1652 1671 2564 
7735 818 1755 1075 2284 
7736 586 583 680 1946 
7737 1130 1955 2135 2532 
7738 406 401 1737 2262 
7739 1805 2087 1195 2088 
7740 1060 959 2075 2542 
7741 1552 2095 1975 2649 
7742 770 1097 767 1516 
7743 1355 2049 1679 2488 
7744 1555 2477 936 2622 
7745 1098 2378 874 2427 
7746 1142 1821 1597 2025 
7747 977 1092 943 1799 
7748 90 561 91 1600 
7749 1303 1919 1798 2085 
7750 1770 2197 1899 2352 
7751 984 1079 2309 2505 
7752 1227 1780 1479 2081 
7753 1609 2099 1650 2249 
7754 1628 1426 2265 2266 
7755 785 786 787 1736 
7756 1407 2107 1517 2352 
7757 1368 1508 2129 2361 
7758 1472 1629 1257 2397 
7759 457 1985 1497 2346 
7760 1225 1806 1431 2598 
7761 583 581 585 1946 
7762 1251 1934 1755 1935 
7763 654 556 1557 2308 
7764 1192 1337 1820 2266 
7765 1153 1343 2177 2559 
7766 1476 1921 1553 2445 
7767 81 82 1677 2166 
7768 1476 1857 1221 1979 
7769 1366 1402 1281 2031 
7770 1742 2373 2107 2487 
7771 1309 1825 1469 2045 
7772 1087 2192 1748 2695 
7773 820 815 1411 2697 
7774 1507 2243 2153 2535 
7775 481 431 1479 2620 
7776 1922 2026 1236 2524 
7777 537 453 383 1866 
7778 1205 1821 1823 2152 
7779 858 2197 1621 2638 
7780 1531 1328 1886 2608 
7781 1423 2128 1762 2684 
7782 1604 2180 1846 2383 
7783 1141 1338 2044 2258 
7784 1570 2180 1748 2637 
7785 1413 1753 1545 2703 
7786 1297 1919 1732 2446 
7787 1188 1574 2127 2378 
7788 1182 2323 2165 2552 
7789 1250 1370 1296 2560 
7790 840 845 846 1893 
7791 656 655 654 1836 
7792 1252 1934 1755 2343 
7793 822 1841 842 2105 
7794 1435 2140 428 2159 
7795 1773 1234 1839 2456 
7796 84 1819 83 2438 
7797 1670 2188 1360 2475 
7798 1970 2189 1411 2280 
7799 126 1867 1739 2527 
7800 102 103 1572 1686 
7801 1029 1012 2185 2528 
7802 218 220 288 1630 
7803 1241 2123 1854 2267 
7804 1144 1551 2080 2503 
7805 1367 1913 1517 2449 
7806 1332 2161 1792 2314 
7807 1290 1719 1417 1905 
7808 1152 2099 1940 2634 
7809 904 1860 903 1943 
7810 1425 2158 1770 2197 
7811 893 1899 1770 2197 
7812 1645 1677 82 2166 
7813 1259 1618 2002 2501 
7814 266 239 1670 2475 
7815 1448 2261 2014 2359 
7816 1379 2011 1769 2335 
7817 1284 1624 1569 1898 
7818 1257 1659 1629 2146 
7819 283 144 11 1648 
7820 1445 1561 2241 2683 
7821 1841 2105 1473 2689 
7822 214 126 1739 2527 
7823 1418 1730 1339 2215 
7824 387 472 1616 2374 
7825 1414 1750 1944 2655 
7826 194 2411 185 2459 
7827 349 1718 1454 2428 
7828 800 803 1895 2157 
7829 1307 2111 2250 2481 
7830 1657 2017 1331 2080 
7831 1530 2211 1984 2681 
7832 1467 1667 2174 2532 
7833 1141 2044 1338 2468 
7834 1323 1950 1722 2544 
7835 1537 1865 1394 2245 
7836 1266 1319 1231 2399 
7837 437 1772 436 2297 
7838 1403 2530 2176 2613 
7839 1874 2442 1582 2452 
7840 1542 1607 2130 2648 
7841 1623 1983 751 2240 
7842 1256 1386 1707 2239 
7843 60 1978 1639 2059 
7844 367 465 1952 2160 
7845 1135 1778 1777 2336 
7846 1374 1838 1606 2316 
7847 1349 1188 2307 2437 
7848 412 1696 2387 2580 
7849 300 46 154 1947 
7850 1152 1744 1364 1940 
7851 491 2335 1696 2675 
7852 511 1479 2159 2621 
7853 1880 2133 1585 2661 
7854 1477 2174 1667 2532 
7855 79 2164 736 2166 
7856 1770 1899 1229 2352 
7857 1263 1661 1428 2016 
7858 1674 1687 1248 1989 
7859 1816 1205 2112 2152 
7860 1318 1998 2079 2628 
7861 1355 1529 1299 2049 
7862 1642 1905 696 2412 
7863 1185 2215 1418 2292 
7864 1022 785 1736 1988 
7865 1302 1628 1844 2664 
7866 704 681 643 1833 
7867 278 1795 1636 2295 
7868 1949 2250 1530 2627 
7869 1020 1090 1755 1935 
7870 1809 2176 1403 2530 
7871 1656 1999 1348 2132 
7872 1346 1931 1970 2189 
7873 1832 2212 1931 2634 
7874 1022 1988 1467 2283 
7875 1567 2148 1470 2296 
7876 1632 1310 1828 1895 
7877 1357 1426 1402 2164 
7878 1757 2163 1217 2306 
7879 394 1769 395 2335 
7880 1133 1810 2048 2440 
7881 1913 2040 2018 2558 
7882 2243 2336 1189 2678 
7883 2163 2423 1328 2700 
7884 1261 1228 2053 2285 
7885 1138 1919 1732 2085 
7886 1824 2035 1455 2503 
7887 1177 1290 1888 2385 
7888 386 389 388 1985 
7889 1028 1570 968 2695 
7890 1437 2424 2409 2637 
7891 1236 1475 1474 2089 
7892 1968 2616 2032 2625 
7893 487 495 494 1696 
7894 1579 1721 1330 2651 
7895 1301 1638 1275 2430 
7896 1939 1953 1506 2264 
7897 1601 1998 1099 2369 
7898 1063 895 883 2477 
7899 1375 1647 1646 1962 
7900 1325 2066 1571 2136 
7901 14 2084 1441 2536 
7902 1532 2093 1710 2203 
7903 1457 1513 1334 1920 
7904 463 468 470 1780 
7905 1365 2197 1425 2352 
7906 1286 1917 1711 2167 
7907 1229 1913 1517 2339 
7908 1596 2048 1451 2666 
7909 1395 2153 1560 2214 
7910 135 1718 1510 2671 
7911 1531 1879 1328 2608 
7912 1164 2097 2130 2499 
7913 909 1522 910 2207 
7914 1436 1617 1335 1966 
7915 894 899 1048 1899 
7916 447 448 2140 2516 
7917 1749 1848 1619 2386 
7918 1134 1818 1632 2694 
7919 1336 1576 1211 1971 
7920 2293 2310 1397 2455 
7921 971 2170 1818 2677 
7922 1668 1699 475 2577 
7923 1455 2495 1776 2668 
7924 933 2156 1095 2495 
7925 1649 1882 1178 2579 
7926 1220 1440 1392 2076 
7927 521 1646 367 1952 
7928 1530 1278 1984 2211 
7929 1376 1901 1329 1994 
7930 1938 2100 1566 2132 
7931 1 1454 1718 2673 
7932 976 2418 938 2695 
7933 1464 1650 2407 2553 
7934 515 2147 1707 2426 
7935 1301 1493 1424 2184 
7936 1817 2296 1839 2371 
7937 1641 2043 1837 2336 
7938 1358 1476 1921 2068 
7939 1128 2008 1932 2191 
7940 961 1034 2330 2534 
7941 1191 2103 1710 2573 
7942 1659 2051 1629 2146 
7943 138 353 200 2182 
7944 1219 1348 1347 1647 
7945 1180 1869 1626 2152 
7946 1861 2094 1401 2514 
7947 737 1836 656 2679 
7948 1741 1871 1300 1897 
7949 1357 2215 1418 2633 
7950 1356 2078 1642 2385 
7951 1217 1604 2383 2562 
7952 855 1107 2677 2697 
7953 197 307 351 1701 
7954 1821 1869 1597 2025 
7955 1539 1763 2137 2612 
7956 376 48 525 1781 
7957 917 1799 943 2595 
7958 567 1865 59 2245 
7959 1165 1816 1652 1982 
7960 1351 1616 1985 2632 
7961 144 218 1630 2585 
7962 1789 2191 1653 2464 
7963 615 619 681 2324 
7964 1221 2014 1744 2454 
7965 1934 2332 1876 2343 
7966 1283 1471 1199 2522 
7967 1140 2210 2069 2311 
7968 402 2011 1594 2335 
7969 1976 2058 1554 2566 
7970 1336 1493 2096 2493 
7971 1141 1338 1766 2468 
7972 1379 1594 2011 2335 
7973 1755 2284 1541 2343 
7974 238 2331 1620 2607 
7975 1557 1665 654 1836 
7976 1386 1445 1342 2239 
7977 1136 2195 2249 2381 
7978 1163 1264 1853 2155 
7979 2396 2604 1752 2681 
7980 135 2570 360 2671 
7981 1228 1526 1505 2285 
7982 1657 2046 2017 2513 
7983 2167 2263 2142 2465 
7984 1394 1807 1393 2581 
7985 2176 2435 1776 2613 
7986 1168 1854 1556 2123 
7987 1155 2535 1266 2678 
7988 1336 1819 1592 1820 
7989 442 1772 437 2328 
7990 968 906 1119 1797 
7991 1226 1791 1720 2599 
7992 1276 1253 2034 2117 
7993 1036 795 792 1835 
7994 1458 1497 1226 1769 
7995 1809 2088 1805 2571 
7996 780 781 779 1486 
7997 1736 1988 785 2479 
7998 1235 1559 1413 1840 
7999 1556 1854 2124 2187 
8000 1279 1688 1536 2240 
8001 1136 2148 1735 2186 
8002 1132 1817 2202 2514 
8003 1273 1833 1460 2138 
8004 603 602 601 1929 
8005 601 600 594 1929 
8006 984 2042 983 2505 
8007 1193 1273 1388 2252 
8008 1837 2243 1509 2336 
8009 763 1554 1113 2326 
8010 1391 2178 1732 2509 
8011 210 2054 1739 2635 
8012 1183 1771 1593 2623 
8013 511 1780 1479 2621 
8014 1174 1728 1720 1981 
8015 405 1594 2131 2387 
8016 1257 2181 1363 2517 
8017 1775 2351 1542 2574 
8018 1263 1864 1323 2091 
8019 1672 1331 2391 2646 
8020 1284 2298 1569 2520 
8021 1568 1751 1245 1931 
8022 1661 1738 545 2233 
8023 224 117 290 1941 
8024 890 1570 892 1923 
8025 1332 1419 2029 2314 
8026 308 122 363 2143 
8027 1443 1501 1266 1947 
8028 1236 1651 1285 2103 
8029 1584 2200 1377 2355 
8030 596 590 595 1723 
8031 1228 1742 1261 2053 
8032 1317 2038 1868 2401 
8033 1376 2255 1961 2349 
8034 1176 1681 2116 2181 
8035 1570 1748 1923 2637 
8036 1586 1820 1322 1967 
8037 1346 1970 1763 2189 
8038 1354 2071 1575 2148 
8039 2073 2272 1588 2419 
8040 1128 1452 1939 2650 
8041 1773 1893 1852 2068 
8042 1171 1640 1408 2134 
8043 1545 1840 1490 2660 
8044 1387 1624 1327 2398 
8045 1138 2321 2109 2670 
8046 1251 1541 2069 2284 
8047 1922 2268 1367 2472 
8048 1234 1852 1778 2456 
8049 1263 2016 1691 2516 
8050 1141 2108 1709 2567 
8051 310 267 221 1727 
8052 1061 744 752 1746 
8053 1450 2216 1618 2236 
8054 761 991 116 1524 
8055 1626 1869 1180 2356 
8056 238 240 1670 2331 
8057 1376 1901 1697 2586 
8058 441 475 477 1668 
8059 1144 2055 1551 2503 
8060 721 689 2031 2166 
8061 1336 1894 1255 1916 
8062 1753 1896 1545 2703 
8063 1525 227 1862 2144 
8064 1768 1917 1408 2329 
8065 1309 1253 2413 2631 
8066 993 1485 3 2587 
8067 1593 1945 1771 2082 
8068 74 73 1787 1986 
8069 1158 1884 1640 2556 
8070 1684 1924 1434 2482 
8071 1137 2273 2095 2431 
8072 1272 1591 1393 1725 
8073 1168 2046 1657 2368 
8074 507 1772 442 2328 
8075 1593 2071 2051 2484 
8076 883 1899 893 2197 
8077 1660 2040 1913 2558 
8078 520 1544 1937 2320 
8079 1143 1892 1878 2168 
8080 1634 1546 2102 2663 
8081 1170 1348 1232 1999 
8082 1253 2413 1507 2535 
8083 1760 1854 1168 2692 
8084 803 854 800 1477 
8085 617 668 1529 2291 
8086 1434 1684 1474 1924 
8087 1154 1628 2119 2513 
8088 61 2303 1639 2308 
8089 1228 1659 1183 2051 
8090 1310 1803 2210 2653 
8091 1166 1823 1239 1885 
8092 1563 1237 1920 2261 
8093 1541 2284 1051 2547 
8094 1100 1627 947 2496 
8095 1545 1896 1387 2229 
8096 1319 1675 1502 2667 
8097 1137 1519 2063 2431 
8098 1351 1565 1616 2599 
8099 1811 1904 1182 2552 
8100 1532 1869 1180 2025 
8101 509 538 440 1738 
8102 1208 1419 1332 2028 
8103 1317 1296 1527 2038 
8104 373 460 458 1937 
8105 796 780 2151 2528 
8106 1307 1955 1736 1988 
8107 252 247 249 1930 
8108 1660 2040 1519 2432 
8109 1194 1250 1831 1887 
8110 1470 1641 1162 2456 
8111 422 1759 424 2228 
8112 31 1638 151 2467 
8113 757 1874 1001 2609 
8114 367 466 465 2160 
8115 1484 1631 2307 2457 
8116 456 386 384 1985 
8117 1646 1962 11 2160 
8118 1128 1939 2008 2264 
8119 1519 2530 2432 2571 
8120 1139 1578 1798 1956 
8121 2063 2128 1423 2685 
8122 1530 2077 1278 2211 
8123 1497 1351 1937 2658 
8124 1587 2109 1485 2321 
8125 477 1668 475 2577 
8126 524 2233 20 2263 
8127 975 1506 2395 2505 
8128 131 2059 1972 2076 
8129 1249 2134 1875 2406 
8130 615 1877 613 2324 
8131 1121 975 1506 2395 
8132 1292 2007 1179 2344 
8133 1215 1611 1332 2028 
8134 1353 1965 1779 2437 
8135 47 2034 1501 2225 
8136 1281 1212 2237 2462 
8137 60 1639 1528 2059 
8138 1596 1536 2258 2567 
8139 81 2166 1677 2254 
8140 299 1528 61 2303 
8141 1395 1764 1161 1765 
8142 1330 2288 1721 2322 
8143 1640 1876 1512 2332 
8144 1234 1778 1425 2491 
8145 1238 1740 2441 2561 
8146 815 817 820 1411 
8147 1223 1982 1626 2690 
8148 1636 1730 1339 1986 
8149 1756 1156 2367 2650 
8150 1711 1910 1333 2251 
8151 1532 1180 1869 2356 
8152 1141 1983 1826 2108 
8153 481 480 431 2620 
8154 1555 2247 1899 2339 
8155 1149 1519 2000 2088 
8156 1669 2441 928 2624 
8157 1256 1561 1445 2683 
8158 258 1493 2184 2490 
8159 1217 1784 1604 2562 
8160 33 150 34 1995 
8161 33 1996 34 2545 
8162 1852 1893 1358 2068 
8163 1581 1915 2609 2638 
8164 1131 1842 1752 2396 
8165 1661 2233 524 2263 
8166 787 788 789 2174 
8167 1702 1826 1303 1827 
8168 32 305 33 1995 
8169 317 1562 357 2463 
8170 1347 1647 1348 1963 
8171 1099 1601 949 1998 
8172 1709 2567 1279 2640 
8173 935 1555 2041 2247 
8174 934 1906 2156 2649 
8175 1531 1879 1815 2300 
8176 397 399 402 2011 
8177 1155 1914 1810 2301 
8178 1223 1733 1888 2385 
8179 1669 1740 1247 2402 
8180 1658 2367 1179 2393 
8181 1849 1889 1405 2478 
8182 1515 2185 1546 2519 
8183 1152 1751 1931 2634 
8184 1581 2357 1582 2609 
8185 1856 2013 1042 2075 
8186 1567 2202 2079 2249 
8187 1281 1212 1402 2237 
8188 1288 1874 1547 2442 
8189 1226 1968 1379 2598 
8190 1394 2245 2033 2581 
8191 1237 1882 1649 2060 
8192 511 416 468 1780 
8193 269 2223 1595 2533 
8194 1448 2014 1908 2359 
8195 1153 1846 2061 2180 
8196 1512 1673 1640 2332 
8197 1167 2430 1705 2574 
8198 1236 1272 1651 2103 
8199 828 1055 1678 2561 
8200 874 2151 1094 2669 
8201 1708 2209 1304 2644 
8202 349 2360 1964 2428 
8203 1353 2593 2110 2594 
8204 370 454 515 2603 
8205 67 313 66 1849 
8206 1264 1329 1404 1853 
8207 1191 1246 2356 2691 
8208 1593 1967 1195 2504 
8209 1289 1730 1636 2295 
8210 1514 1943 1247 1975 
8211 1479 1780 511 2160 
8212 1373 1948 1220 2333 
8213 1436 1722 1323 2271 
8214 1524 2075 1587 2670 
8215 1329 1376 1994 2392 
8216 1223 1733 1655 1888 
8217 1556 1588 2187 2556 
8218 1195 2088 1681 2146 
8219 768 770 767 1516 
8220 1135 2107 1778 2474 
8221 725 2031 686 2480 
8222 1077 1958 1023 2283 
8223 1426 2254 80 2436 
8224 620 2291 1529 2310 
8225 1462 1866 1384 2602 
8226 1307 1706 1814 1958 
8227 1241 1420 1424 1729 
8228 916 1304 2183 2595 
8229 1584 1658 1179 2393 
8230 1397 2310 2293 2512 
8231 1365 1425 2197 2417 
8232 1440 1972 1392 2076 
8233 1288 1687 1674 1989 
8234 1414 2654 1190 2655 
8235 1620 2188 237 2600 
8236 1711 1286 1961 2255 
8237 1307 2250 1949 2481 
8238 1365 1899 2197 2352 
8239 1156 1349 1779 1965 
8240 1242 1529 2291 2310 
8241 620 617 1529 2291 
8242 1204 2089 1474 2317 
8243 1461 2337 2204 2531 
8244 473 1769 393 2346 
8245 1320 1366 1880 2461 
8246 1367 1693 1892 2268 
8247 1220 1317 1440 2121 
8248 1374 1627 2079 2629 
8249 1172 1951 1305 2070 
8250 1607 2097 1689 2429 
8251 1303 1826 1702 2108 
8252 1195 2623 2088 2698 
8253 1399 1987 2408 2682 
8254 1262 1339 2215 2368 
8255 1466 1528 1250 2305 
8256 1488 2016 1731 2485 
8257 1191 1774 1655 2645 
8258 78 2149 728 2164 
8259 1375 1479 1232 1599 
8260 905 1943 930 2402 
8261 841 1893 840 2583 
8262 1396 2053 1742 2323 
8263 1488 1950 1691 2485 
8264 1706 1814 1714 2481 
8265 1167 1916 1775 2217 
8266 1436 1692 1323 2544 
8267 1623 2194 2108 2567 
8268 797 795 798 2035 
8269 1004 1504 920 2353 
8270 2062 2173 1740 2530 
8271 1043 1605 1830 2518 
8272 1146 2085 1766 2468 
8273 1132 2165 1839 2371 
8274 84 1592 268 1971 
8275 1302 1657 1628 2664 
8276 1162 1773 2014 2382 
8277 1365 1976 1915 2636 
8278 1833 2324 681 2659 
8279 293 2184 130 2242 
8280 48 2034 1442 2360 
8281 1225 1271 1806 2298 
8282 1831 1948 1250 2618 
8283 1100 949 947 1998 
8284 1473 1429 2105 2634 
8285 65 723 66 1679 
8286 33 1995 34 1996 
8287 1777 1914 1155 2678 
8288 1415 1707 1256 2067 
8289 1309 2413 1253 2515 
8290 1346 1411 1931 2189 
8291 1140 1883 1690 2210 
8292 1848 1859 134 2428 
8293 1394 1393 1847 2581 
8294 108 1874 1547 2327 
8295 250 249 248 1930 
8296 1380 1653 2203 2531 
8297 1547 2207 749 2327 
8298 1308 1793 1430 1992 
8299 1073 753 2418 2565 
8300 1598 1993 1745 2218 
8301 1103 1574 2325 2528 
8302 1473 1801 1411 2208 
8303 30 304 31 1638 
8304 1294 1822 2292 2568 
8305 1374 1817 1398 2496 
8306 1469 1825 1309 2090 
8307 1872 1446 2141 2179 
8308 1564 2200 1960 2355 
8309 1953 2304 1506 2395 
8310 1159 1831 1250 1887 
8311 1237 2195 1920 2261 
8312 1187 1461 2036 2333 
8313 1291 1923 1706 2061 
8314 1413 1559 1545 1840 
8315 1015 2384 1672 2668 
8316 1690 2238 1140 2643 
8317 1498 1830 1605 2137 
8318 425 1759 1668 2426 
8319 1556 2187 1399 2351 
8320 1290 1460 1719 1905 
8321 1499 1682 1170 2470 
8322 1315 1588 2072 2073 
8323 1170 1999 1656 2132 
8324 1169 2023 1734 2179 
8325 1164 2030 2097 2499 
8326 1130 1891 1786 2519 
8327 1131 2393 2274 2409 
8328 1262 2046 1628 2265 
8329 1272 1191 1888 2232 
8330 93 1918 717 2596 
8331 1290 1417 1725 1905 
8332 1512 2332 1934 2343 
8333 1501 1502 1266 2370 
8334 1039 1740 828 2441 
8335 1208 1889 1405 2523 
8336 746 110 1688 2452 
8337 658 739 1741 2606 
8338 1302 1628 1657 2513 
8339 1128 2264 2008 2464 
8340 1529 1871 668 2001 
8341 1454 1469 1309 2090 
8342 1405 1849 1534 1889 
8343 771 773 2248 2594 
8344 192 1471 339 2019 
8345 456 384 1866 1985 
8346 1250 1527 1370 2054 
8347 1878 2256 1177 2684 
8348 1529 2049 620 2679 
8349 1169 1872 2179 2616 
8350 1205 2064 1355 2152 
8351 387 1616 452 2632 
8352 1105 764 1909 2418 
8353 960 1358 2494 2534 
8354 1568 1931 1832 2212 
8355 1311 2109 2311 2410 
8356 1194 1250 1887 2560 
8357 137 65 1849 2139 
8358 1067 898 2609 2638 
8359 1249 1692 1543 2406 
8360 1482 584 2293 2455 
8361 1163 1853 1697 1901 
8362 1161 1507 2004 2379 
8363 1019 880 1879 2300 
8364 1182 2285 1308 2611 
8365 1262 1628 1426 2265 
8366 366 1866 384 2632 
8367 1129 1509 1790 2379 
8368 1170 1232 2081 2470 
8369 1241 2217 1916 2222 
8370 639 640 693 1741 
8371 1162 1448 1837 2145 
8372 34 1624 522 2398 
8373 120 319 38 2056 
8374 1101 935 1555 2041 
8375 189 1900 190 2338 
8376 1220 1392 1758 2076 
8377 1413 2483 1840 2520 
8378 1976 2373 1151 2566 
8379 420 1463 2228 2580 
8380 1538 2169 2612 2646 
8381 615 614 613 1877 
8382 192 1900 2019 2459 
8383 1908 2014 1382 2359 
8384 787 789 791 1467 
8385 12 466 11 1962 
8386 910 926 1072 1909 
8387 2044 2100 1680 2258 
8388 656 657 700 1665 
8389 212 208 211 1868 
8390 2088 1681 2146 2698 
8391 1240 1650 2099 2249 
8392 1277 1898 1175 2298 
8393 1829 1831 1293 2177 
8394 201 295 202 1964 
8395 1003 763 106 2326 
8396 1393 1591 1272 2232 
8397 642 1847 1591 2206 
8398 1161 1764 1395 2153 
8399 1498 1830 2137 2518 
8400 1340 1647 1214 2132 
8401 280 206 207 2038 
8402 1947 2150 306 2370 
8403 1189 2243 1837 2336 
8404 1137 2063 1550 2431 
8405 1452 1902 1939 2650 
8406 1604 2180 2383 2562 
8407 1283 1199 2051 2186 
8408 1240 2212 1464 2628 
8409 1389 2175 1597 2591 
8410 706 1644 1645 2031 
8411 1141 1709 1766 2258 
8412 1081 1045 1110 1770 
8413 45 1561 2603 2683 
8414 481 1599 1479 2160 
8415 463 465 468 1952 
8416 1312 1375 1952 2081 
8417 1493 258 2096 2493 
8418 1192 1628 2265 2266 
8419 1157 1825 1243 2090 
8420 2030 2097 1912 2130 
8421 1281 1622 1350 2275 
8422 1325 2136 1571 2366 
8423 1793 1881 184 2459 
8424 464 1952 1544 2617 
8425 2044 2110 1353 2593 
8426 1542 2130 1607 2498 
8427 69 1419 2029 2549 
8428 842 851 848 1429 
8429 818 1051 1755 2284 
8430 52 1859 287 2570 
8431 1914 1976 1915 2417 
8432 1773 2068 1852 2456 
8433 1219 1656 1348 2132 
8434 1379 1696 1225 2483 
8435 1211 1701 1576 2388 
8436 524 1661 2263 2516 
8437 1345 1474 1204 2252 
8438 1617 1966 25 2223 
8439 1172 1682 1951 2070 
8440 2114 2484 1812 2553 
8441 1204 1608 2089 2106 
8442 1783 1825 1157 2048 
8443 1317 1392 1220 1440 
8444 1240 1627 1695 2629 
8445 1815 1879 1531 2652 
8446 1355 2064 1299 2152 
8447 77 1523 2295 2436 
8448 1340 1717 1566 2451 
8449 814 815 809 1803 
8450 1304 2209 1799 2696 
8451 400 399 398 2011 
8452 362 1562 317 2253 
8453 213 126 296 1867 
8454 1145 2018 1659 2698 
8455 110 111 746 1688 
8456 1358 2068 1893 2494 
8457 1817 1398 2118 2296 
8458 1036 1078 876 1654 
8459 1302 2017 1657 2080 
8460 851 848 1429 2348 
8461 1197 1317 1296 2313 
8462 96 2277 97 2299 
8463 1429 1473 2105 2689 
8464 1541 2210 1803 2653 
8465 371 523 16 1666 
8466 1540 1311 2069 2311 
8467 207 1739 1527 2635 
8468 149 315 299 2054 
8469 1253 1533 1309 2515 
8470 1175 1563 1903 2342 
8471 1189 1319 1266 2399 
8472 1771 2502 1549 2623 
8473 844 1579 843 2347 
8474 1131 1548 2393 2409 
8475 1659 2018 1183 2623 
8476 1562 2060 1406 2579 
8477 971 970 1818 2170 
8478 1451 1372 2008 2264 
8479 1454 1533 1309 1933 
8480 1397 1807 1394 2033 
8481 674 2275 1907 2276 
8482 1175 1903 1277 2298 
8483 1195 2146 2623 2698 
8484 1354 2079 2082 2202 
8485 1062 1804 1089 2330 
8486 271 259 1851 2493 
8487 1224 1385 1450 2466 
8488 1306 1976 1914 2486 
8489 1420 1843 1614 2222 
8490 2069 2210 1540 2311 
8491 1470 1773 2296 2456 
8492 1127 1832 2130 2648 
8493 404 1594 402 2539 
8494 1296 1887 1250 2560 
8495 1175 1277 1903 2473 
8496 1751 1940 1473 2634 
8497 1402 2031 689 2166 
8498 1245 1690 2238 2525 
8499 1499 1214 1938 2230 
8500 1275 1705 1993 2073 
8501 1512 1934 1876 2221 
8502 285 269 148 1966 
8503 1594 2538 1731 2539 
8504 674 1907 741 2276 
8505 366 385 513 2632 
8506 1187 2026 2268 2363 
8507 839 2118 1398 2583 
8508 1497 1565 1351 2599 
8509 1236 1774 2103 2268 
8510 1330 2006 1362 2322 
8511 398 397 395 2011 
8512 1524 1919 1702 2588 
8513 1509 2336 2243 2678 
8514 263 352 1576 2555 
8515 537 2320 1866 2602 
8516 2107 2352 1425 2487 
8517 1926 2122 1925 2576 
8518 1225 1703 2032 2616 
8519 1268 2396 1613 2604 
8520 22 2142 1692 2263 
8521 27 133 1614 2390 
8522 357 1562 362 2338 
8523 1223 1626 1394 2691 
8524 1620 1670 239 2188 
8525 821 820 1411 2189 
8526 2175 2383 2444 2591 
8527 951 2170 1107 2697 
8528 1272 1191 1369 2103 
8529 1177 1774 1655 1888 
8530 1766 1919 1297 2108 
8531 1192 1586 1820 1894 
8532 1698 1943 1860 2548 
8533 192 339 1471 2400 
8534 1446 2179 1872 2616 
8535 1593 2114 1150 2484 
8536 1288 1746 1547 2327 
8537 1385 1242 1982 2500 
8538 59 1537 1865 1978 
8539 615 681 1877 2324 
8540 1349 1842 1697 2307 
8541 1050 2353 1632 2677 
8542 1578 1148 1664 2410 
8543 1596 2610 2048 2640 
8544 1250 1528 1527 2054 
8545 1207 1884 1640 2329 
8546 1053 794 1721 2283 
8547 545 469 447 1661 
8548 1152 1931 2212 2634 
8549 1623 2108 1983 2567 
8550 892 1748 1570 2695 
8551 1211 1576 1336 2257 
8552 1547 2442 1874 2452 
8553 508 395 1769 2376 
8554 1379 1594 1696 2483 
8555 1085 936 2477 2622 
8556 802 1020 804 1895 
8557 257 277 1851 2490 
8558 544 1544 520 2617 
8559 68 2394 67 2488 
8560 1026 1111 2113 2330 
8561 1299 1242 1529 2152 
8562 191 337 189 2120 
8563 1408 1491 1160 2575 
8564 1580 2215 1339 2368 
8565 665 2294 718 2657 
8566 765 1826 766 1983 
8567 1303 2108 2085 2468 
8568 257 1851 258 2490 
8569 1876 1934 1511 2221 
8570 1345 2143 1924 2196 
8571 1424 1420 1843 2340 
8572 799 795 1036 1654 
8573 1501 1947 300 2370 
8574 42 41 2122 2239 
8575 675 628 678 1907 
8576 1464 1912 2030 2097 
8577 1320 1496 1350 2181 
8578 1303 1702 1919 2108 
8579 1285 1475 1236 2302 
8580 1023 1958 1118 1988 
8581 1393 1482 1223 2385 
8582 706 563 725 2031 
8583 104 103 1686 1757 
8584 1200 1830 1498 2435 
8585 1305 1172 1961 2406 
8586 1333 1901 1376 1994 
8587 1135 2106 1742 2317 
8588 5 1469 1718 2671 
8589 830 1838 1016 2316 
8590 1506 2304 1694 2395 
8591 1022 1467 791 2283 
8592 64 2139 1535 2278 
8593 1237 1563 1920 2473 
8594 762 996 1582 2452 
8595 85 1592 84 2438 
8596 89 339 88 2019 
8597 316 338 1494 2172 
8598 25 301 1617 2223 
8599 2265 2267 1523 2436 
8600 1598 2141 1213 2492 
8601 1306 1410 2058 2486 
8602 1154 1607 1542 2169 
8603 1624 1996 1327 2398 
8604 789 920 1835 2174 
8605 1447 1823 1239 2626 
8606 1602 1649 1327 1996 
8607 461 459 460 1937 
8608 1846 2180 1603 2383 
8609 1387 1624 1284 1898 
8610 1218 1404 2344 2586 
8611 1213 1490 1316 1840 
8612 1241 1523 1420 1729 
8613 1866 2320 1937 2658 
8614 1348 1656 1779 1999 
8615 1218 1347 2007 2092 
8616 1246 1537 1639 1865 
8617 1343 1789 1603 2559 
8618 569 1422 1871 1897 
8619 1240 1567 2079 2249 
8620 372 543 477 2012 
8621 127 271 83 1819 
8622 1178 1321 1812 2388 
8623 1154 2046 1628 2513 
8624 1295 1619 1341 1848 
8625 1691 451 2016 2485 
8626 745 1826 765 1983 
8627 1675 306 2150 2370 
8628 476 432 1699 2577 
8629 1367 1878 1660 2558 
8630 884 2105 848 2345 
8631 290 1941 14 2084 
8632 26 1873 1722 1974 
8633 687 2031 1928 2480 
8634 1156 2007 1932 2665 
8635 2301 2357 1914 2361 
8636 1831 2177 1343 2191 
8637 2234 2247 1280 2548 
8638 1832 1931 1346 2634 
8639 1386 1256 1707 2067 
8640 2102 2286 1634 2663 
8641 1697 1853 1218 2586 
8642 1339 1418 2215 2292 
8643 945 1799 917 2595 
8644 906 1570 1028 2375 
8645 1271 1903 1334 2067 
8646 1910 2251 1711 2448 
8647 925 926 910 1522 
8648 558 1787 73 1897 
8649 1199 2114 2051 2484 
8650 1171 2415 2349 2457 
8651 1053 794 797 1721 
8652 1996 2171 1649 2654 
8653 1549 1945 2088 2571 
8654 1860 1943 1381 2548 
8655 1243 1825 1157 2121 
8656 1591 2 1802 2693 
8657 1320 1880 1585 2461 
8658 681 630 615 1877 
8659 1377 1613 1612 2396 
8660 1245 2648 2280 2682 
8661 1839 2474 2456 2491 
8662 1195 1967 1593 2114 
8663 1441 1941 1404 2084 
8664 1206 1831 1466 2618 
8665 1110 1770 1048 1861 
8666 1841 1267 2199 2689 
8667 1709 2214 2098 2619 
8668 197 364 307 1701 
8669 1288 2058 1989 2326 
8670 1867 1521 2541 2639 
8671 1178 1649 1406 2388 
8672 1767 1806 1271 2298 
8673 1748 2077 1437 2424 
8674 1345 1388 1193 2517 
8675 1153 1748 2180 2637 
8676 1132 2202 1817 2296 
8677 1348 1963 1481 2586 
8678 1319 1684 1434 2047 
8679 1898 1990 1745 2582 
8680 22 1692 23 2674 
8681 1167 2351 1775 2574 
8682 106 753 105 1674 
8683 833 1125 832 1942 
8684 1472 1257 2010 2397 
8685 1760 2318 1201 2692 
8686 909 910 1522 2395 
8687 426 1759 425 2426 
8688 1841 2105 822 2208 
8689 1535 2052 1747 2508 
8690 1585 1877 613 2133 
8691 1433 1692 1543 2167 
8692 2216 2236 1450 2439 
8693 1206 1532 2052 2203 
8694 2306 2418 1784 2565 
8695 1220 1285 1758 2333 
8696 859 1043 922 1605 
8697 11 1648 1647 2541 
8698 3 1495 747 2321 
8699 1150 1812 1586 2030 
8700 137 2139 1849 2213 
8701 91 732 92 1918 
8702 63 64 1518 2614 
8703 1690 2210 1803 2643 
8704 1224 1449 1366 2461 
8705 781 2250 1486 2479 
8706 350 184 1881 2459 
8707 1264 1577 1405 2478 
8708 989 1702 987 1826 
8709 1447 1846 1589 2061 
8710 1280 1712 1555 2041 
8711 382 37 1704 1959 
8712 87 1489 2334 2400 
8713 1271 1806 1767 2067 
8714 286 2076 1440 2289 
8715 1569 1753 1284 2520 
8716 50 1462 1781 2673 
8717 1019 1797 919 2300 
8718 1513 2012 1334 2576 
8719 1812 2114 1199 2484 
8720 71 1662 1573 1897 
8721 1182 2053 1641 2165 
8722 553 451 518 1950 
8723 1690 1803 1371 2697 
8724 29 1615 1490 1873 
8725 265 18 17 1910 
8726 1699 1704 1277 1959 
8727 708 1741 640 2584 
8728 1345 1204 1474 2317 
8729 1182 1904 1269 2315 
8730 1197 1783 1825 2121 
8731 817 820 1411 2208 
8732 1369 1272 1591 2232 
8733 1499 2162 1169 2625 
8734 1252 1546 1634 2364 
8735 396 392 394 1997 
8736 1647 1648 1347 2560 
8737 870 2636 2197 2638 
8738 1624 1959 1277 2545 
8739 192 187 1900 2459 
8740 1184 2141 1598 2492 
8741 207 1527 2038 2635 
8742 1561 1977 1276 2027 
8743 784 1052 786 1515 
8744 57 203 158 2076 
8745 1194 1831 1829 1932 
8746 1311 1956 1578 2410 
8747 933 1095 1041 2495 
8748 1695 1832 1346 2634 
8749 996 109 757 2452 
8750 490 391 392 1997 
8751 918 1011 1012 2325 
8752 1261 2053 2043 2611 
8753 1145 2018 2040 2558 
8754 1135 1261 1742 2053 
8755 1469 1521 1317 2401 
8756 87 2276 2010 2334 
8757 1626 1982 1242 2690 
8758 1255 1478 1414 1944 
8759 1582 2361 1133 2442 
8760 1368 2004 1507 2379 
8761 69 2029 1419 2314 
8762 1360 1500 1215 1917 
8763 781 782 783 1486 
8764 2066 2205 1634 2532 
8765 1437 2077 1530 2211 
8766 1149 2000 2087 2088 
8767 1242 1723 1397 2310 
8768 1415 1772 1503 2297 
8769 338 143 1494 2172 
8770 831 1942 1838 2316 
8771 1595 1670 241 2219 
8772 1220 1373 1392 1948 
8773 1015 2154 1672 2384 
8774 1353 1590 2593 2594 
8775 1341 1848 1749 2506 
8776 1973 2192 1344 2424 
8777 1540 1876 2332 2343 
8778 768 1516 767 2270 
8779 1301 1843 1424 2222 
8780 2107 2352 1407 2417 
8781 1315 1588 2272 2546 
8782 1527 1528 1392 2059 
8783 1225 2032 1968 2616 
8784 1303 1495 1827 2644 
8785 1193 2138 1762 2181 
8786 1812 2484 1735 2553 
8787 1306 2442 2361 2609 
8788 484 517 1896 2229 
8789 64 311 121 2139 
8790 173 125 2312 2667 
8791 819 1530 1124 2077 
8792 792 795 794 1721 
8793 1148 1598 1745 2218 
8794 1255 1916 1775 2430 
8795 832 833 1942 2316 
8796 160 1848 1619 1859 
8797 818 1755 1090 1935 
8798 1314 1539 2137 2612 
8799 1268 1612 1613 2396 
8800 150 1995 324 2555 
8801 7 1717 1521 2639 
8802 1776 2115 980 2173 
8803 1013 2325 945 2595 
8804 1548 1676 1278 2211 
8805 1179 2007 1829 2367 
8806 1363 1496 1257 1600 
8807 1169 2179 1855 2616 
8808 1251 2284 1755 2343 
8809 1671 2063 1597 2685 
8810 254 293 1843 2184 
8811 1614 1974 27 2390 
8812 1140 1635 1713 2311 
8813 1553 1921 1358 2416 
8814 1172 1305 1961 2070 
8815 1315 1588 2073 2272 
8816 1359 2185 1936 2325 
8817 851 865 1857 2013 
8818 1337 1851 1819 2254 
8819 497 498 1545 2433 
8820 499 2131 1559 2433 
8821 1255 1894 1336 2257 
8822 1189 1266 2535 2678 
8823 1223 1394 1393 2232 
8824 1407 1365 1976 2417 
8825 639 1741 1618 2002 
8826 1291 1923 1570 2375 
8827 1275 1414 1638 1890 
8828 1699 1704 529 2577 
8829 449 451 553 2485 
8830 976 1604 2306 2418 
8831 1134 1632 1828 2694 
8832 549 379 517 2229 
8833 1154 2169 1542 2351 
8834 161 1964 157 2360 
8835 945 1098 1799 2378 
8836 69 291 119 2029 
8837 1091 940 1797 2163 
8838 1378 2104 1625 2429 
8839 1773 1893 1476 2583 
8840 1625 2104 1689 2429 
8841 1363 1877 2133 2443 
8842 64 121 1518 2139 
8843 1259 2002 1633 2501 
8844 1776 2435 1455 2668 
8845 688 634 685 1928 
8846 1736 2364 1667 2532 
8847 1434 1421 2047 2143 
8848 1837 1189 2336 2529 
8849 1188 1484 2307 2437 
8850 1132 2148 2071 2202 
8851 184 183 182 1793 
8852 457 458 459 1937 
8853 1791 2024 1720 2599 
8854 230 229 227 1862 
8855 1567 2148 2202 2249 
8856 366 1462 2602 2632 
8857 1199 1472 1283 2051 
8858 1184 1864 1734 2091 
8859 1238 1945 1625 2082 
8860 389 456 457 1985 
8861 240 241 239 1670 
8862 732 1600 561 2443 
8863 131 203 58 2076 
8864 1306 2357 1915 2609 
8865 1955 2135 1467 2288 
8866 1465 1809 1805 2571 
8867 1754 2209 1353 2437 
8868 1255 1493 1336 1916 
8869 1021 816 856 2547 
8870 1801 1473 2190 2208 
8871 1171 1631 2220 2221 
8872 1339 1636 1444 1863 
8873 269 1966 1595 2223 
8874 1147 1448 1764 1908 
8875 805 1050 803 1895 
8876 2055 2347 1579 2652 
8877 1451 2008 1452 2264 
8878 858 2158 1621 2197 
8879 1594 2011 402 2539 
8880 1202 2056 1562 2060 
8881 1702 2108 1623 2588 
8882 1168 2365 1571 2686 
8883 1194 1831 1932 2665 
8884 1562 1701 1406 2253 
8885 798 795 799 2035 
8886 1146 2085 1520 2509 
8887 606 687 688 1928 
8888 1545 1559 1413 2131 
8889 1208 2200 1584 2355 
8890 1221 1609 1567 2099 
8891 1174 1767 1663 2550 
8892 1735 1882 1650 2249 
8893 1195 1681 1622 2543 
8894 1136 2249 2148 2381 
8895 1869 2356 1655 2645 
8896 193 2047 308 2482 
8897 258 1851 259 2493 
8898 898 1581 2609 2638 
8899 1780 2081 1227 2282 
8900 1136 1882 1735 2249 
8901 1285 2026 1685 2302 
8902 1484 1708 1700 2209 
8903 1131 1949 1377 2396 
8904 1560 1728 1253 2153 
8905 861 1879 880 2300 
8906 1890 2398 1414 2467 
8907 1412 1282 1854 2662 
8908 1714 2393 1548 2409 
8909 1147 1850 2287 2540 
8910 1563 1196 1920 2473 
8911 1312 1497 1458 2086 
8912 185 2411 1793 2459 
8913 1390 2525 1705 2641 
8914 1213 2141 1840 2492 
8915 1170 1682 1683 2470 
8916 1797 2163 1328 2589 
8917 1140 1540 1883 2210 
8918 64 1747 1535 2614 
8919 1312 1458 1226 2282 
8920 1281 1681 1274 2087 
8921 1301 1493 2184 2242 
8922 953 1856 954 1921 
8923 135 1510 1718 2428 
8924 1662 2314 1254 2607 
8925 105 1674 753 2565 
8926 1591 1725 574 2206 
8927 445 1559 2131 2244 
8928 2220 2519 1268 2575 
8929 1075 2183 913 2284 
8930 1498 1830 1672 2435 
8931 1223 1888 1655 2691 
8932 140 2448 1500 2600 
8933 1211 2030 1812 2388 
8934 1612 1786 1377 2200 
8935 1162 1641 1470 1927 
8936 1376 1333 1994 2251 
8937 1661 1691 1433 2263 
8938 1365 2352 1425 2417 
8939 1569 1753 1463 2281 
8940 1481 1599 1232 1666 
8941 684 609 1880 2661 
8942 1247 2530 1465 2571 
8943 1478 1996 1414 2654 
8944 1137 1886 2168 2700 
8945 609 610 1880 2661 
8946 1190 1414 1990 2654 
8947 1824 2156 1403 2495 
8948 556 653 1557 2308 
8949 1390 2238 2525 2641 
8950 1944 1164 2257 2389 
8951 690 2291 2447 2606 
8952 1650 1912 1464 2212 
8953 1049 930 905 1943 
8954 831 829 1838 1942 
8955 1390 1993 2218 2641 
8956 1195 2146 1593 2623 
8957 1363 1600 1257 2517 
8958 1845 1500 2448 2600 
8959 1342 1386 2122 2576 
8960 1040 1979 1398 2496 
8961 1700 1754 1303 2468 
8962 1314 1672 2391 2646 
8963 1204 1742 2106 2317 
8964 1132 1724 2371 2514 
8965 1659 2146 2116 2698 
8966 1341 1501 1749 2350 
8967 94 1924 2196 2596 
8968 1262 1426 1357 2436 
8969 1164 2498 1912 2655 
8970 488 482 433 1731 
8971 23 2142 147 2460 
8972 916 2183 1304 2605 
8973 763 1003 1085 2622 
8974 1387 1545 1284 1896 
8975 1585 1782 1233 2461 
8976 1507 2098 1253 2153 
8977 2016 2140 1428 2262 
8978 281 1662 2331 2607 
8979 1170 1938 1700 2269 
8980 683 694 1782 2362 
8981 1262 1357 1730 2436 
8982 1282 2072 1588 2187 
8983 1290 1393 1642 1725 
8984 2218 2453 1751 2641 
8985 1467 2135 1955 2532 
8986 1618 2216 1468 2606 
8987 1370 1527 1739 2054 
8988 216 144 283 1648 
8989 760 965 102 1686 
8990 1136 1735 1882 1991 
8991 1408 1891 2220 2575 
8992 1703 1872 1169 2616 
8993 1057 1590 1098 2427 
8994 304 1638 30 2242 
8995 1205 1885 1573 2656 
8996 1480 1670 1360 2475 
8997 1555 1712 1280 2339 
8998 1172 1734 1682 2414 
8999 1182 2285 1904 2315 
9000 818 1051 808 1755 
9001 1698 1860 1381 2548 
9002 2036 2569 1461 2597 
9003 1519 1809 2530 2571 
9004 1751 1931 1473 2238 
9005 1433 1305 1738 2233 
9006 140 19 1910 2448 
9007 1930 2295 248 2510 
9008 1799 2378 1590 2592 
9009 1189 2380 2243 2535 
9010 1193 1659 1257 2116 
9011 1810 2301 1508 2511 
9012 568 83 738 1645 
9013 137 311 65 2139 
9014 1192 1336 1337 1916 
9015 1206 1639 1466 2052 
9016 483 1753 418 1896 
9017 1508 1810 1368 2301 
9018 1455 2176 1824 2503 
9019 494 1696 495 2675 
9020 1552 1906 1265 2273 
9021 1253 2098 1507 2413 
9022 904 1943 905 2402 
9023 124 2171 1701 2253 
9024 1780 1952 468 2160 
9025 1479 1666 1599 2620 
9026 1143 1892 2168 2591 
9027 1540 2332 2210 2343 
9028 1572 2163 1115 2589 
9029 1445 1383 2380 2529 
9030 1458 2376 1737 2621 
9031 1325 2205 2066 2532 
9032 61 60 710 1865 
9033 313 312 137 1849 
9034 330 198 359 1761 
9035 482 503 450 2016 
9036 396 2335 491 2675 
9037 2280 2648 2612 2682 
9038 1661 2140 2016 2516 
9039 1062 961 1034 2330 
9040 1295 1341 1230 2039 
9041 1322 1199 1472 1489 
9042 1183 2051 1593 2071 
9043 2008 2264 1372 2464 
9044 1250 1370 1528 2054 
9045 147 2142 22 2465 
9046 1762 1177 2256 2684 
9047 906 968 1028 1570 
9048 1483 2198 1878 2256 
9049 1142 1671 1821 1822 
9050 1715 2235 591 2439 
9051 1223 1655 1733 2690 
9052 1312 1226 1791 2282 
9053 1630 1963 1441 2536 
9054 1818 2353 971 2677 
9055 1250 1194 1831 2305 
9056 1570 2061 1846 2180 
9057 1433 1661 1263 1691 
9058 1224 2237 1652 2462 
9059 87 2010 88 2400 
9060 1872 2009 1578 2023 
9061 1463 2228 1759 2281 
9062 767 985 756 1983 
9063 883 882 2477 2636 
9064 263 359 198 2555 
9065 2349 2415 1961 2457 
9066 478 486 382 1959 
9067 1369 2232 1537 2572 
9068 131 204 203 1972 
9069 1613 2341 1486 2479 
9070 1529 2112 1355 2152 
9071 999 2113 1581 2638 
9072 443 2580 2228 2675 
9073 1165 1655 1733 2684 
9074 1159 1250 1831 1948 
9075 1952 2081 1375 2160 
9076 1175 1277 1870 1898 
9077 1976 2015 1915 2636 
9078 1144 1721 2288 2322 
9079 1773 2014 1476 2068 
9080 1166 1564 1960 2355 
9081 1061 752 755 2207 
9082 651 650 648 2033 
9083 72 1788 1662 1897 
9084 794 795 797 1721 
9085 1940 2099 1744 2454 
9086 1187 2204 1410 2363 
9087 1198 1351 1791 2658 
9088 1245 2498 1705 2641 
9089 1487 2069 1801 2547 
9090 664 614 630 1877 
9091 803 1050 854 2353 
9092 1832 1931 1568 2648 
9093 1382 2014 1908 2445 
9094 1571 2366 2136 2686 
9095 1721 2283 1467 2288 
9096 825 824 823 1678 
9097 1100 853 1016 1374 
9098 471 1780 416 2621 
9099 923 922 924 1539 
9100 1338 2044 1754 2468 
9101 1052 790 786 1667 
9102 1149 1844 2215 2564 
9103 1623 1297 2108 2194 
9104 1439 1858 1742 2701 
9105 1681 2000 2116 2698 
9106 1318 1998 1601 2369 
9107 1446 2298 1175 2582 
9108 978 982 1975 2095 
9109 873 1020 802 2157 
9110 996 997 1582 2609 
9111 1809 2422 1552 2530 
9112 2052 2093 1246 2356 
9113 152 1851 277 2254 
9114 239 2188 1670 2475 
9115 1711 2233 2167 2448 
9116 39 2012 2497 2576 
9117 1218 1404 1853 2344 
9118 1593 1945 1625 2504 
9119 1754 2044 1338 2521 
9120 963 1047 1860 1861 
9121 1161 1395 1765 2214 
9122 727 636 734 1871 
9123 346 295 134 1848 
9124 661 1725 641 2405 
9125 255 253 1729 2340 
9126 825 1025 826 2369 
9127 2117 2673 1462 2688 
9128 370 44 2603 2683 
9129 477 475 372 2577 
9130 1132 1575 2071 2148 
9131 975 983 1506 2505 
9132 1316 1722 1488 2244 
9133 1174 2024 1287 2032 
9134 1242 1299 1626 2152 
9135 481 467 548 2160 
9136 1395 1728 1560 2153 
9137 1332 1611 1208 2028 
9138 219 2585 2246 2704 
9139 533 1962 377 2160 
9140 293 325 1843 2242 
9141 191 2120 189 2338 
9142 600 606 685 1928 
9143 1709 1766 1560 2214 
9144 1911 2407 1354 2484 
9145 1492 1657 2368 2686 
9146 1976 1365 2477 2636 
9147 638 1741 2002 2584 
9148 1158 2066 1610 2136 
9149 1226 1565 1497 2599 
9150 1338 2044 2100 2521 
9151 1338 1754 1700 2468 
9152 1123 1100 1016 1998 
9153 1529 2001 668 2049 
9154 977 1590 1065 2270 
9155 1600 1629 1505 2476 
9156 1706 1923 1291 2372 
9157 1506 1953 1453 2264 
9158 1042 1856 865 2013 
9159 1737 2262 401 2376 
9160 1180 2064 1299 2508 
9161 1247 1975 1943 2402 
9162 863 887 1815 2372 
9163 1727 2139 311 2213 
9164 1414 1190 1750 2655 
9165 574 1725 1591 1802 
9166 1519 2432 2040 2571 
9167 726 1847 562 2226 
9168 1247 1514 1975 2432 
9169 951 923 1539 2189 
9170 1087 937 2192 2695 
9171 1277 1334 1903 2473 
9172 348 287 1859 2570 
9173 775 819 1058 1984 
9174 1203 1342 1513 1920 
9175 1412 1854 1201 2692 
9176 1769 2011 395 2335 
9177 562 647 649 1847 
9178 1538 2351 1813 2408 
9179 115 1005 761 2588 
9180 271 152 1819 1851 
9181 2043 2336 1189 2529 
9182 1424 2254 1729 2490 
9183 1755 2343 1541 2653 
9184 1224 2461 1733 2466 
9185 1300 1741 1418 2500 
9186 1723 1397 2310 2455 
9187 367 521 10 1646 
9188 1100 853 1374 2496 
9189 1441 1630 1347 1963 
9190 665 2133 1496 2657 
9191 1031 2156 1824 2495 
9192 1070 2118 840 2158 
9193 1161 1765 1553 2193 
9194 857 845 1026 1893 
9195 1328 2423 1886 2700 
9196 1878 1892 1660 2168 
9197 1193 2116 1257 2181 
9198 1329 1404 1853 2586 
9199 1265 1551 2055 2503 
9200 2079 2628 1998 2629 
9201 1260 1636 1289 1863 
9202 477 372 2012 2577 
9203 2194 2240 1623 2260 
9204 864 842 1027 1841 
9205 1640 1884 1158 2329 
9206 1282 2187 1588 2546 
9207 1546 2102 1891 2220 
9208 1085 1113 763 1554 
9209 919 2300 1797 2375 
9210 1427 1217 2423 2444 
9211 121 275 1808 2246 
9212 783 2341 785 2479 
9213 1127 1498 2137 2612 
9214 1391 2162 1520 2509 
9215 830 1838 1025 1998 
9216 689 2164 1402 2166 
9217 1467 1835 1721 2288 
9218 1155 1810 2201 2511 
9219 1731 2016 482 2485 
9220 1561 1954 510 2603 
9221 1672 2435 2017 2646 
9222 1348 1656 1219 1779 
9223 1444 1670 1260 2219 
9224 982 760 4 2095 
9225 224 1941 290 2084 
9226 1379 1696 1594 2335 
9227 1312 1952 1937 2086 
9228 612 1585 2133 2661 
9229 1330 1988 1958 2283 
9230 1595 2219 269 2533 
9231 1273 1388 1833 2138 
9232 1386 1445 1256 2290 
9233 1407 1914 1129 2417 
9234 432 478 476 1699 
9235 1758 2076 1978 2226 
9236 1800 2367 1548 2393 
9237 1289 1863 1168 2692 
9238 1565 2374 1772 2563 
9239 1894 2257 1164 2389 
9240 908 1006 1079 2505 
9241 349 1454 2360 2428 
9242 1414 1890 1387 2398 
9243 1207 1640 1884 2134 
9244 1235 1413 1594 2483 
9245 808 1051 814 1541 
9246 196 330 199 1761 
9247 1432 1619 1475 2386 
9248 1196 1386 1334 2067 
9249 1690 2643 1803 2697 
9250 1236 1417 1272 2198 
9251 406 407 409 1737 
9252 1321 1812 1199 1991 
9253 72 713 558 1897 
9254 1717 2065 7 2320 
9255 1376 1711 1305 1961 
9256 578 662 1807 2421 
9257 1212 1844 1149 2087 
9258 276 2038 2401 2671 
9259 2151 2604 2396 2681 
9260 366 2602 1866 2632 
9261 1309 1717 1469 1933 
9262 244 297 1795 2219 
9263 96 125 1684 2312 
9264 336 1675 306 2150 
9265 1174 1663 1981 2550 
9266 1546 2220 1891 2519 
9267 1160 1564 2200 2377 
9268 1668 2067 1386 2147 
9269 1282 1854 1420 2222 
9270 1033 788 800 2174 
9271 1609 1744 1221 2014 
9272 1362 1786 1814 1955 
9273 1370 1739 1648 2527 
9274 1375 1647 1348 2132 
9275 1444 1260 1636 2219 
9276 2216 2447 1468 2606 
9277 4 1096 982 1906 
9278 377 533 13 1962 
9279 2099 2454 1940 2634 
9280 1239 2355 1800 2626 
9281 1130 1610 1786 1891 
9282 84 1971 1819 2438 
9283 527 546 18 1969 
9284 96 95 559 1834 
9285 193 96 125 1684 
9286 1682 2070 1683 2470 
9287 1824 2156 872 2347 
9288 1478 1493 1255 1638 
9289 301 26 1617 2390 
9290 1794 1823 1447 2025 
9291 132 1501 163 2225 
9292 1150 2114 1812 2553 
9293 1233 1460 1363 2138 
9294 749 1006 1547 2452 
9295 1121 1506 879 2248 
9296 698 560 668 2049 
9297 1832 1568 2130 2648 
9298 1373 1758 1978 2572 
9299 1426 1677 1402 2166 
9300 1337 1336 1851 1916 
9301 1135 1641 2053 2474 
9302 1203 1920 1457 2195 
9303 2041 2234 964 2247 
9304 1054 1857 1066 2348 
9305 1133 2048 1508 2129 
9306 527 380 1738 2233 
9307 1839 2296 1773 2456 
9308 1508 2048 1810 2511 
9309 1616 2024 1351 2599 
9310 206 2038 1972 2635 
9311 1213 1840 1446 2582 
9312 875 1856 952 1857 
9313 1133 2048 1596 2666 
9314 1064 1113 1085 2477 
9315 1262 1844 1580 2215 
9316 126 10 9 1867 
9317 1774 1888 1272 2103 
9318 312 1577 225 2213 
9319 1367 1660 1878 1892 
9320 1159 1887 1250 2313 
9321 1529 1665 1299 2679 
9322 1647 1962 1348 1963 
9323 1346 2105 1695 2634 
9324 995 751 985 2240 
9325 1148 1716 1446 1872 
9326 483 516 485 1896 
9327 211 1868 208 2038 
9328 368 34 35 2545 
9329 282 1595 269 2460 
9330 245 1795 246 2533 
9331 1575 2165 2323 2552 
9332 814 816 815 1801 
9333 1564 2005 1362 2006 
9334 1491 1612 1611 2575 
9335 1214 1312 1544 2658 
9336 1976 2477 1365 2566 
9337 1148 1716 1664 2680 
9338 724 1918 1833 2596 
9339 668 1871 1529 2291 
9340 1913 2018 1439 2558 
9341 1446 1872 1703 2616 
9342 1390 1993 1705 2073 
9343 1420 1854 1282 2662 
9344 1040 1398 836 2496 
9345 1312 1780 1458 2282 
9346 1514 2040 1381 2548 
9347 314 149 1808 2227 
9348 1073 753 764 2418 
9349 1601 2021 1318 2369 
9350 63 655 722 1836 
9351 2175 2444 1427 2591 
9352 1329 1941 1525 2144 
9353 45 44 306 2150 
9354 1257 1629 1600 2397 
9355 127 261 271 1971 
9356 1205 1294 1573 1885 
9357 1242 1816 2112 2152 
9358 1301 1638 1493 2242 
9359 1734 2023 2009 2179 
9360 1245 2238 1751 2641 
9361 620 1529 668 2049 
9362 1807 2033 1397 2293 
9363 1019 1091 919 1797 
9364 699 719 682 1719 
9365 1444 2219 1636 2331 
9366 1223 1982 1733 2466 
9367 1324 1731 1428 2262 
9368 1659 1183 2146 2623 
9369 948 1627 947 2348 
9370 775 1058 774 1984 
9371 1516 2110 2042 2601 
9372 1445 2241 1977 2380 
9373 263 268 359 1971 
9374 1538 2612 1314 2646 
9375 839 841 840 2583 
9376 704 1834 1833 2659 
9377 1632 1828 1310 1987 
9378 806 801 2384 2668 
9379 238 1670 1620 2331 
9380 1439 1204 1742 2449 
9381 73 1788 72 1897 
9382 1285 2302 1685 2554 
9383 820 1411 2189 2697 
9384 1783 2440 1461 2597 
9385 185 194 183 2411 
9386 1561 1977 1443 2034 
9387 1186 1680 2100 2258 
9388 1608 1914 1407 2486 
9389 1286 2167 1711 2406 
9390 1148 1872 1446 2141 
9391 1387 1890 1990 2660 
9392 1318 2021 1605 2369 
9393 1426 1337 2254 2436 
9394 1594 1731 1324 2539 
9395 91 1600 732 1918 
9396 1197 1680 2045 2610 
9397 1566 1717 1309 2688 
9398 1279 2240 2194 2260 
9399 1254 1620 1444 1662 
9400 1568 1832 1464 2212 
9401 1941 1994 16 2392 
9402 1270 1743 2416 2446 
9403 1549 2040 1247 2571 
9404 1503 1561 1256 1707 
9405 1825 2048 1783 2610 
9406 1277 1870 1602 2473 
9407 244 1795 245 2219 
9408 463 468 1780 1952 
9409 97 719 1719 2277 
9410 974 819 2077 2192 
9411 1522 2304 1789 2464 
9412 1696 1431 2228 2675 
9413 1168 2368 2365 2686 
9414 1392 1440 1317 1972 
9415 1554 2477 1976 2566 
9416 1394 2033 1807 2581 
9417 359 1761 198 2555 
9418 624 1618 2216 2236 
9419 2071 2148 1354 2202 
9420 99 98 2405 2699 
9421 57 2226 1758 2693 
9422 1795 2295 1930 2662 
9423 1619 1749 1341 1848 
9424 712 1679 723 2679 
9425 1672 1498 2435 2646 
9426 515 2147 381 2683 
9427 1668 2012 477 2147 
9428 1222 1977 1443 2380 
9429 1199 1489 1322 1812 
9430 1251 1957 1726 2069 
9431 540 1559 2244 2433 
9432 1334 1668 1386 2012 
9433 1801 2069 1541 2547 
9434 1244 1926 1342 2122 
9435 1298 2427 1590 2594 
9436 1170 1375 1348 2132 
9437 1149 1844 1212 2215 
9438 1187 2026 1236 2268 
9439 1414 1890 1275 1990 
9440 1533 2034 1253 2117 
9441 1299 1747 1836 2508 
9442 661 731 1905 2405 
9443 1204 1608 1922 2524 
9444 26 1974 1617 2390 
9445 61 1528 1639 2303 
9446 311 2139 1727 2246 
9447 1188 2127 1799 2378 
9448 613 616 2324 2672 
9449 1400 1590 2378 2592 
9450 389 388 1985 2346 
9451 395 2011 1769 2376 
9452 1238 1678 1625 2101 
9453 1213 1745 1990 2582 
9454 1858 1396 2259 2487 
9455 1883 2210 1540 2332 
9456 1321 1701 1562 2338 
9457 527 1738 1969 2233 
9458 592 663 1807 2293 
9459 1315 1873 1615 1974 
9460 859 825 1605 2369 
9461 520 2320 7 2617 
9462 1281 2237 1366 2462 
9463 1626 2152 1299 2508 
9464 1480 1543 2142 2465 
9465 452 1954 1616 2328 
9466 35 2171 1602 2545 
9467 1446 1716 1703 1872 
9468 181 1992 1793 2411 
9469 477 2012 1668 2577 
9470 80 2166 1426 2436 
9471 1324 1731 2262 2539 
9472 497 2433 1545 2703 
9473 1130 1955 1786 2135 
9474 1606 2071 1771 2082 
9475 1215 1917 1500 2255 
9476 672 628 674 1907 
9477 1639 2093 1373 2572 
9478 1269 1202 1438 1904 
9479 1602 1959 1704 2425 
9480 1651 1802 1475 2224 
9481 308 177 358 2578 
9482 338 176 336 2172 
9483 1413 1545 2387 2703 
9484 1301 1614 1843 2222 
9485 1078 1504 973 2154 
9486 122 2047 308 2578 
9487 1507 2379 2243 2678 
9488 1519 2088 1809 2571 
9489 1557 1836 654 2308 
9490 876 799 1654 2384 
9491 1211 1812 1321 2388 
9492 1149 1844 1805 2087 
9493 1664 1716 1391 2540 
9494 317 120 2056 2463 
9495 1490 1890 2229 2660 
9496 2001 2488 1558 2549 
9497 1179 1292 1361 2420 
9498 1171 1286 2349 2415 
9499 507 1772 2328 2374 
9500 402 397 2011 2335 
9501 1382 1857 1856 2013 
9502 1009 1019 1879 2589 
9503 386 1985 388 2374 
9504 1340 1867 1521 2541 
9505 1262 2215 1580 2368 
9506 1625 1378 2429 2504 
9507 1461 1980 1372 2440 
9508 75 2149 1986 2584 
9509 1389 1794 1447 2025 
9510 1299 1679 1535 2064 
9511 1300 1741 1468 1871 
9512 292 1792 2161 2314 
9513 784 1029 1515 2341 
9514 766 767 1516 2270 
9515 98 2312 2299 2386 
9516 1688 1279 2129 2404 
9517 284 60 299 2059 
9518 1712 2339 1555 2566 
9519 1356 1482 2385 2466 
9520 939 2115 1740 2173 
9521 1373 2093 2036 2573 
9522 1200 2115 1776 2613 
9523 1303 1827 1826 2644 
9524 1784 2418 1674 2565 
9525 1219 1348 1779 2092 
9526 1426 2265 1337 2436 
9527 1592 1322 1820 2438 
9528 312 228 1577 2394 
9529 1839 2165 1396 2371 
9530 1516 2042 1536 2601 
9531 1311 2311 1713 2410 
9532 1185 1816 1300 2500 
9533 1361 1889 1849 2478 
9534 1052 1515 1084 1936 
9535 877 866 859 2369 
9536 301 252 302 2050 
9537 784 786 785 1736 
9538 231 140 265 1910 
9539 1731 2016 1428 2262 
9540 230 1862 292 2161 
9541 119 328 68 2029 
9542 1249 1864 1692 2406 
9543 1485 2109 1495 2321 
9544 555 101 702 1802 
9545 1542 2169 1538 2351 
9546 1481 1666 1376 2392 
9547 1583 1270 2446 2670 
9548 1144 1352 2055 2322 
9549 1989 2058 1554 2326 
9550 1281 1644 1645 2275 
9551 1326 1649 2171 2654 
9552 752 749 2207 2327 
9553 1350 1281 1681 2543 
9554 1151 1410 2058 2363 
9555 1386 1668 1334 2067 
9556 1360 1670 1620 2188 
9557 1223 1733 1982 2690 
9558 1431 1806 1287 2598 
9559 494 396 491 2675 
9560 779 778 2151 2669 
9561 1147 1563 1448 2359 
9562 635 1719 682 2659 
9563 1498 2435 2017 2513 
9564 490 396 505 2675 
9565 1419 1662 1573 2314 
9566 1497 1985 1565 2346 
9567 1147 1663 1767 2550 
9568 1105 764 1072 1909 
9569 1262 1357 1426 2215 
9570 1259 1816 1652 2633 
9571 116 3 747 2321 
9572 1323 1864 1184 2091 
9573 371 16 17 2702 
9574 10 1646 521 2617 
9575 1552 2156 1403 2422 
9576 1342 1837 1445 2290 
9577 1292 1194 2007 2687 
9578 1778 2474 1425 2491 
9579 1193 1388 1345 2252 
9580 879 1506 2042 2248 
9581 82 1677 1645 2438 
9582 648 646 1807 2581 
9583 1217 2444 1784 2562 
9584 600 602 606 1929 
9585 1552 2432 2431 2530 
9586 1351 1866 1937 2658 
9587 442 506 436 1772 
9588 2101 2115 1200 2613 
9589 211 280 155 2038 
9590 1202 1881 1900 2463 
9591 644 2002 1633 2149 
9592 399 402 2011 2539 
9593 940 1119 1091 1797 
9594 1191 2093 1710 2645 
9595 89 2019 2397 2476 
9596 1505 2354 1659 2517 
9597 933 1031 1095 2156 
9598 1841 2190 1473 2208 
9599 1245 1705 2525 2641 
9600 852 1541 1051 2547 
9601 951 1539 924 2170 
9602 835 836 837 2118 
9603 1399 2351 1705 2682 
9604 1416 1799 2209 2696 
9605 248 247 246 1930 
9606 1153 2061 1447 2626 
9607 189 2120 1900 2338 
9608 1245 2280 1690 2682 
9609 1552 1975 2530 2649 
9610 1313 1771 1724 2502 
9611 802 1895 803 2157 
9612 1169 1872 2023 2179 
9613 1476 2068 1358 2494 
9614 1022 787 791 1467 
9615 1740 2115 2101 2173 
9616 1520 1798 1578 2178 
9617 249 320 252 2050 
9618 1906 2095 1572 2273 
9619 1597 2168 1886 2591 
9620 59 284 131 2059 
9621 1373 1948 2569 2618 
9622 1471 1900 337 2120 
9623 881 2199 994 2587 
9624 1287 1616 1565 2599 
9625 633 1637 625 2672 
9626 1256 1445 2239 2683 
9627 1381 1860 1669 1943 
9628 148 25 1966 2223 
9629 1249 2037 1173 2272 
9630 1565 2563 1772 2598 
9631 1508 2129 2048 2640 
9632 1663 2287 1981 2550 
9633 1726 1957 1311 2069 
9634 1083 2441 1942 2624 
9635 1680 2100 2044 2521 
9636 395 2011 397 2335 
9637 1945 1465 2504 2571 
9638 1387 1990 1898 2660 
9639 1466 1293 1747 2614 
9640 1555 1365 2477 2566 
9641 5 2401 1469 2671 
9642 486 1569 1959 2281 
9643 1277 1704 1602 1959 
9644 2 1591 2226 2693 
9645 143 43 1494 2551 
9646 1593 1911 1625 2082 
9647 1549 1381 2018 2502 
9648 399 2011 400 2539 
9649 1306 1915 1914 1976 
9650 1451 2440 1783 2597 
9651 134 322 52 1859 
9652 1803 2210 1541 2643 
9653 1027 1088 864 1841 
9654 2137 1314 2612 2646 
9655 1146 1732 2085 2509 
9656 1507 2098 1508 2413 
9657 484 517 516 1896 
9658 1364 1744 1563 2359 
9659 39 2497 38 2507 
9660 1174 1287 2024 2027 
9661 67 2394 1849 2488 
9662 99 2405 1802 2699 
9663 1858 2018 1381 2502 
9664 1411 2643 1690 2697 
9665 1187 2363 2268 2531 
9666 1716 2342 1703 2550 
9667 469 448 447 2516 
9668 1326 1576 1478 1995 
9669 1457 1704 1277 2473 
9670 1451 1372 2440 2597 
9671 1192 1586 1894 2499 
9672 190 1900 188 2463 
9673 74 75 1986 2584 
9674 1506 2110 2042 2248 
9675 1281 1350 1644 2275 
9676 1531 1796 1291 2403 
9677 1458 2086 1769 2376 
9678 583 581 1946 2078 
9679 1150 1967 1586 2114 
9680 2036 2093 1710 2573 
9681 771 2427 773 2594 
9682 1484 2126 1708 2209 
9683 1254 1960 1573 2471 
9684 1656 1999 1484 2307 
9685 134 1848 361 1859 
9686 316 1494 43 2551 
9687 1284 1545 1413 1753 
9688 1329 1994 1901 2155 
9689 1245 1931 1751 2238 
9690 2042 2110 1516 2248 
9691 1758 2572 1373 2573 
9692 717 93 92 1918 
9693 1190 1993 1750 2641 
9694 1136 2186 1991 2522 
9695 567 60 59 1865 
9696 1949 2250 1307 2479 
9697 1166 1239 1823 2626 
9698 1621 2113 868 2638 
9699 1209 1481 1697 1999 
9700 771 773 772 2248 
9701 1899 2339 1229 2352 
9702 1459 1279 2194 2260 
9703 1418 1741 1259 2500 
9704 1279 1623 2194 2240 
9705 636 629 618 1871 
9706 285 1966 23 2460 
9707 1344 2424 1748 2559 
9708 870 871 2197 2636 
9709 1190 1990 1327 2654 
9710 1316 1490 1213 2492 
9711 48 1442 2034 2225 
9712 1315 1722 1436 2271 
9713 1132 1839 1470 2296 
9714 1623 1279 2194 2567 
9715 1321 2388 1178 2579 
9716 633 695 1637 2412 
9717 1242 1468 1723 2291 
9718 1703 1981 1720 2162 
9719 21 2263 2167 2465 
9720 1336 1576 1971 2493 
9721 1893 841 2494 2583 
9722 1289 1636 1339 1863 
9723 501 1737 2140 2262 
9724 1613 2341 1736 2519 
9725 1681 2087 2000 2088 
9726 1474 1273 2198 2524 
9727 1472 1629 1283 2051 
9728 970 2170 1076 2518 
9729 1144 2080 2035 2503 
9730 1208 1558 1419 1960 
9731 384 1985 386 2632 
9732 858 870 2197 2638 
9733 1494 2020 1244 2551 
9734 1489 1592 145 2334 
9735 1183 2323 1858 2701 
9736 1187 1685 1285 2026 
9737 1086 1627 948 2496 
9738 1361 1518 2139 2279 
9739 758 113 2240 2260 
9740 308 2143 363 2482 
9741 1212 1402 1357 1426 
9742 1474 2252 1273 2524 
9743 1296 1370 1739 2560 
9744 1177 1774 1888 2198 
9745 1451 2008 1783 2450 
9746 2052 2356 1246 2508 
9747 1296 1250 1887 2313 
9748 1285 2572 1758 2573 
9749 603 1880 607 2480 
9750 227 226 225 2144 
9751 812 810 850 1830 
9752 1474 1924 1684 2277 
9753 1198 1720 1791 2024 
9754 1547 1874 1288 2327 
9755 1482 1807 1397 2293 
9756 319 38 2056 2507 
9757 1087 974 1106 2077 
9758 5 1 1933 2602 
9759 1410 2026 1608 2201 
9760 1473 2634 1940 2689 
9761 1339 1262 2267 2368 
9762 1432 1749 1619 2386 
9763 1868 1972 1440 2076 
9764 1131 1676 1548 2211 
9765 192 1471 337 2400 
9766 1430 1925 1926 2122 
9767 762 997 998 1804 
9768 541 25 26 1722 
9769 1362 1786 1955 2135 
9770 1420 2510 1523 2662 
9771 1776 2495 807 2668 
9772 713 71 569 1897 
9773 598 2291 1723 2447 
9774 1256 1561 1503 2027 
9775 1367 1483 1878 2558 
9776 24 2544 1950 2674 
9777 681 1833 630 1877 
9778 1405 1849 1577 2394 
9779 1549 2088 2623 2698 
9780 928 1669 2402 2441 
9781 1162 1641 1927 2145 
9782 1466 2303 2305 2614 
9783 1833 1918 724 2443 
9784 1532 1206 2093 2203 
9785 58 1537 59 1978 
9786 1509 1790 1358 1852 
9787 1697 1999 1779 2307 
9788 394 396 1997 2335 
9789 1171 1785 1875 2415 
9790 1217 2306 1784 2444 
9791 1317 1521 1296 2038 
9792 2017 2169 1154 2646 
9793 1524 1587 2587 2670 
9794 96 1684 2277 2299 
9795 1191 2356 1246 2572 
9796 1310 1755 1895 2653 
9797 72 264 71 1662 
9798 682 1719 719 2659 
9799 418 419 414 1753 
9800 1364 1850 2359 2540 
9801 1247 2062 1740 2530 
9802 1461 1187 2204 2333 
9803 547 365 28 1873 
9804 1421 1526 1308 1992 
9805 1583 1908 1850 2287 
9806 1219 2489 2092 2665 
9807 2 2226 56 2693 
9808 1492 2366 1657 2686 
9809 1153 1846 1447 2061 
9810 1013 945 917 2595 
9811 59 1865 1537 2245 
9812 79 2436 1729 2510 
9813 1228 2354 1742 2701 
9814 695 625 1637 2676 
9815 308 2047 122 2143 
9816 1227 1479 1435 2469 
9817 354 319 120 2463 
9818 1672 1455 2435 2668 
9819 1602 2171 1996 2545 
9820 997 898 1581 2609 
9821 1461 2440 1372 2597 
9822 1260 1289 1795 2692 
9823 1202 1991 1882 2579 
9824 1369 1847 1537 2232 
9825 1040 839 836 1398 
9826 572 726 56 2226 
9827 1142 1823 1821 2025 
9828 1891 2102 1610 2329 
9829 1421 1430 1244 1494 
9830 1499 1720 2162 2625 
9831 271 1971 261 2493 
9832 1652 2087 1176 2462 
9833 1486 2250 1949 2479 
9834 1514 2040 1660 2432 
9835 1356 1637 1290 1642 
9836 1354 2079 1911 2082 
9837 960 2494 1921 2534 
9838 1190 1649 2083 2655 
9839 2071 2082 1606 2202 
9840 1355 1558 1422 2549 
9841 1024 785 1988 2479 
9842 560 67 712 2049 
9843 1165 1655 1869 2690 
9844 1477 1828 1632 2694 
9845 201 1964 161 2225 
9846 263 1576 262 1971 
9847 1263 1855 1734 2091 
9848 153 253 270 1729 
9849 1552 2422 1809 2431 
9850 193 1684 125 2667 
9851 1389 2423 2383 2591 
9852 1153 2424 1343 2559 
9853 1632 1310 1895 2653 
9854 1210 2515 1442 2535 
9855 1235 2179 1840 2616 
9856 1192 1586 2119 2434 
9857 1182 2053 2285 2611 
9858 1313 1942 1669 2624 
9859 367 1952 1646 2160 
9860 900 1698 896 2247 
9861 1191 1710 2093 2573 
9862 353 1526 93 2143 
9863 1215 1500 1333 2255 
9864 1586 1607 2119 2429 
9865 4 1096 1906 2589 
9866 683 1946 585 2362 
9867 718 2294 571 2657 
9868 1477 1632 1828 1895 
9869 391 1997 490 2563 
9870 1206 1466 1293 2052 
9871 331 258 260 2096 
9872 1325 2135 2066 2136 
9873 416 1780 511 2621 
9874 317 2056 2253 2463 
9875 1207 1640 2134 2329 
9876 1270 2416 1765 2446 
9877 1420 2222 1854 2662 
9878 665 2294 1496 2443 
9879 357 190 188 2463 
9880 1305 1711 1969 2233 
9881 1733 1982 1224 2466 
9882 1717 1933 1384 2602 
9883 1700 1938 1338 2468 
9884 1245 1542 1705 2498 
9885 585 1946 581 2362 
9886 1339 2215 1580 2568 
9887 1246 1626 1557 2508 
9888 859 823 1043 1605 
9889 1265 2347 1824 2503 
9890 1609 1650 2195 2249 
9891 958 979 1034 1743 
9892 1758 2224 1285 2302 
9893 504 503 448 2016 
9894 1829 1831 1343 1932 
9895 858 846 1621 2158 
9896 1415 2147 1668 2426 
9897 1148 1598 2009 2141 
9898 1170 1938 1214 2132 
9899 1419 1254 1662 2314 
9900 1427 2168 1886 2700 
9901 1904 2285 1283 2315 
9902 1599 1666 1481 2392 
9903 1695 2105 1429 2634 
9904 1257 2294 2010 2397 
9905 1369 1591 1272 1651 
9906 398 400 2011 2376 
9907 1840 2483 1235 2616 
9908 11 367 10 1646 
9909 1186 1309 1566 2045 
9910 1298 1984 1400 2427 
9911 1061 755 910 2207 
9912 1303 1754 2209 2644 
9913 646 578 1807 2581 
9914 1296 1647 1340 2489 
9915 1364 1664 2540 2680 
9916 1921 2416 1553 2445 
9917 989 765 745 1826 
9918 1473 2105 1841 2208 
9919 1381 2018 1913 2040 
9920 1573 1788 1294 1897 
9921 1249 1884 1640 2134 
9922 945 1014 1098 2378 
9923 1793 1992 181 2647 
9924 980 1776 811 2115 
9925 1178 2388 1406 2579 
9926 1161 1509 2243 2379 
9927 1674 1989 1248 2565 
9928 1371 1987 1690 2280 
9929 1155 2399 1777 2678 
9930 1823 1205 2064 2656 
9931 1587 2013 2199 2689 
9932 1259 1357 1633 2002 
9933 987 988 1826 1827 
9934 1543 2167 1286 2406 
9935 338 340 178 2172 
9936 1237 1602 1457 2060 
9937 1854 2267 1289 2662 
9938 1313 1724 1606 2514 
9939 705 1645 1644 2275 
9940 1238 1771 1945 2082 
9941 1477 2205 1828 2694 
9942 461 464 463 1952 
9943 1418 2215 1185 2633 
9944 1486 2396 2151 2604 
9945 1486 2341 1613 2604 
9946 23 1966 2142 2460 
9947 1166 1564 1885 1960 
9948 1614 1843 1420 2630 
9949 1158 2102 1610 2663 
9950 45 306 1947 2150 
9951 1093 793 1118 2250 
9952 1372 1451 2008 2597 
9953 1362 2006 2005 2322 
9954 1554 1555 2477 2566 
9955 174 1675 336 2667 
9956 70 71 1573 2549 
9957 1135 2336 1641 2474 
9958 1208 1405 1558 2523 
9959 1565 388 2346 2374 
9960 1487 2547 856 2557 
9961 955 1921 954 2542 
9962 2032 2616 1703 2625 
9963 1514 2125 2095 2432 
9964 1633 2002 1357 2149 
9965 639 2216 1618 2606 
9966 346 202 295 2428 
9967 965 2041 1686 2234 
9968 1535 2139 1518 2279 
9969 1416 1826 1754 2593 
9970 1343 1831 1829 2177 
9971 314 1808 217 2227 
9972 1530 1984 777 2669 
9973 641 1725 702 2405 
9974 1274 1622 1281 1677 
9975 1763 1970 1539 2189 
9976 1135 1777 2106 2399 
9977 1081 835 837 2118 
9978 112 2260 2240 2404 
9979 1353 2437 2209 2592 
9980 2193 2330 1459 2534 
9981 1415 1806 1271 2067 
9982 1192 2119 1586 2499 
9983 861 863 1815 2300 
9984 1919 2085 1303 2108 
9985 196 199 191 2120 
9986 2124 2187 1201 2556 
9987 1211 1576 1326 2388 
9988 1748 1344 2192 2424 
9989 1265 2422 1551 2503 
9990 1135 2043 1261 2053 
9991 1783 2008 1451 2597 
9992 1696 2580 495 2675 
9993 1199 2522 1471 2642 
9994 34 1624 2398 2545 
9995 1346 1931 1473 2634 
9996 1341 1749 1619 2350 
9997 1461 1372 1980 2337 
9998 1960 2200 1564 2377 
9999 997 999 998 1804 
10000 1354 1911 2079 2407 
10001 1038 1923 2111 2372 
10002 262 1576 2096 2493 
10003 821 1411 820 2208 
10004 1748 2077 1278 2192 
10005 323 254 1843 2340 
10006 1150 2097 1689 2407 
10007 1762 2116 1145 2256 
10008 1094 2151 778 2669 
10009 1196 1342 1386 2290 
10010 1175 1563 1870 2473 
10011 1285 1685 1187 2333 
10012 1632 1818 1371 2677 
10013 1264 1577 1525 1862 
10014 2006 2322 1330 2403 
10015 1862 2029 1405 2394 
10016 1312 2081 1780 2282 
10017 1128 2304 1953 2464 
10018 218 220 1630 2585 
10019 1277 1569 1624 1898 
10020 1771 1945 1593 2623 
10021 22 23 1692 2142 
10022 1223 1655 2690 2691 
10023 1357 2002 1418 2149 
10024 1180 1821 1869 2152 
10025 877 923 941 1763 
10026 726 562 57 2226 
10027 569 2001 1422 2549 
10028 1493 1638 1478 2096 
10029 1385 1618 1450 2216 
10030 117 1941 224 2144 
10031 1537 1847 1394 2232 
10032 872 1824 1031 2156 
10033 52 51 348 1859 
10034 1682 1951 2070 2470 
10035 235 234 232 1792 
10036 86 715 87 2276 
10037 1363 1585 1233 2181 
10038 985 1114 995 2309 
10039 790 1052 873 2157 
10040 1439 2449 1742 2487 
10041 1615 1974 1614 2072 
10042 42 2122 41 2458 
10043 1626 2356 1246 2691 
10044 1245 1568 2498 2641 
10045 1166 2200 1564 2355 
10046 483 418 484 1896 
10047 1191 1655 1888 2691 
10048 902 903 904 1860 
10049 1028 1570 890 2375 
10050 1206 2052 1532 2093 
10051 1214 1791 1312 2658 
10052 366 383 1866 2602 
10053 1732 1981 1395 2287 
10054 546 371 17 1969 
10055 1197 2450 1680 2610 
10056 1303 2209 1708 2644 
10057 1268 1612 1842 2575 
10058 1150 2484 2114 2553 
10059 1185 1259 1816 2500 
10060 2098 2214 1161 2619 
10061 431 2159 1479 2620 
10062 1226 2598 1565 2599 
10063 1606 2082 2079 2202 
10064 371 1666 1969 2620 
10065 698 668 2001 2049 
10066 1297 2214 1709 2619 
10067 73 558 708 1787 
10068 108 109 749 1547 
10069 1165 1733 1655 2690 
10070 1770 2158 1044 2197 
10071 1130 1786 1613 2519 
10072 1602 2171 35 2425 
10073 1518 1535 1293 2614 
10074 1489 1761 1321 2120 
10075 1518 2139 1535 2614 
10076 1304 2644 2209 2696 
10077 1318 2079 1911 2628 
10078 1682 2023 1520 2269 
10079 583 582 581 2078 
10080 1307 1377 1814 2481 
10081 1394 1865 1557 2245 
10082 927 1694 1058 2192 
10083 2011 2262 400 2539 
10084 1303 1826 1754 2644 
10085 1363 2133 1496 2443 
10086 1149 1652 1212 2087 
10087 223 225 224 2144 
10088 1164 2130 1912 2498 
10089 1616 2328 1772 2374 
10090 1976 2477 2015 2636 
10091 1593 1354 1911 2082 
10092 1168 1657 2046 2365 
10093 346 1848 134 2428 
10094 1137 2431 2095 2432 
10095 760 978 966 2234 
10096 1108 1118 1023 1958 
10097 839 1398 897 2583 
10098 1408 1160 1891 2575 
10099 652 651 659 2033 
10100 1958 2111 1706 2372 
10101 653 650 652 2033 
10102 1320 1644 1350 1907 
10103 193 1684 2047 2482 
10104 1880 1907 1320 2133 
10105 1623 2240 1279 2567 
10106 1186 2258 1709 2640 
10107 580 581 579 2078 
10108 729 1633 644 2501 
10109 1863 2136 1492 2686 
10110 217 1808 275 2246 
10111 1171 1785 2415 2457 
10112 1327 1624 1387 1898 
10113 457 389 1985 2346 
10114 1403 1552 2422 2530 
10115 1355 1422 1558 2656 
10116 1858 1381 2074 2502 
10117 317 2253 1562 2463 
10118 1176 2000 1762 2116 
10119 749 1547 109 2452 
10120 1298 2110 1506 2248 
10121 1554 2477 1555 2622 
10122 1942 2441 829 2561 
10123 1261 1421 1308 2611 
10124 1060 992 761 1524 
10125 1656 1779 1999 2307 
10126 857 868 1621 2113 
10127 74 708 707 1787 
10128 1639 1528 2059 2618 
10129 930 1975 2062 2402 
10130 598 1723 2291 2310 
10131 1423 2000 1762 2128 
10132 23 1966 24 2544 
10133 1542 2351 1705 2574 
10134 1566 2230 1560 2231 
10135 1253 2034 1533 2515 
10136 398 2011 395 2376 
10137 1278 2077 1748 2424 
10138 1466 1747 1293 2052 
10139 70 1573 1419 2549 
10140 95 1924 1834 2277 
10141 249 252 1930 2050 
10142 1446 1840 1213 2141 
10143 423 425 424 1759 
10144 213 1739 126 1867 
10145 1143 2168 1597 2591 
10146 38 2497 2056 2507 
10147 1191 1888 1774 2103 
10148 1226 2282 1968 2625 
10149 1529 1299 2049 2679 
10150 114 115 1702 2588 
10151 1282 1614 1974 2072 
10152 1198 2117 1462 2688 
10153 1414 1944 1750 2430 
10154 1511 1934 1359 2221 
10155 1589 1846 1389 2423 
10156 1206 2177 1831 2569 
10157 1420 2340 2050 2630 
10158 916 2183 915 2595 
10159 62 309 2303 2614 
10160 1635 2218 1713 2410 
10161 193 175 308 2047 
10162 1046 1726 912 2605 
10163 1271 1767 1903 2067 
10164 1457 1920 1237 2195 
10165 1413 1545 1284 1840 
10166 164 170 167 1749 
10167 662 579 582 2078 
10168 1159 1783 1461 2597 
10169 1829 2007 1932 2367 
10170 1824 2176 1403 2422 
10171 1340 1521 1197 2045 
10172 1980 2058 1410 2204 
10173 1209 2349 1961 2457 
10174 731 635 661 1905 
10175 1724 2259 2371 2514 
10176 1226 2032 2599 2625 
10177 1172 1785 1875 2414 
10178 7 1521 1717 2401 
10179 1135 1742 2106 2107 
10180 1204 1483 2252 2524 
10181 1208 1960 1419 2028 
10182 1217 1757 2306 2444 
10183 293 325 323 1843 
10184 1739 1867 1648 2527 
10185 1586 2097 1607 2429 
10186 54 321 55 1718 
10187 1177 1273 2138 2256 
10188 1355 1299 1679 2049 
10189 1172 1864 1875 2406 
10190 1370 1292 1808 2687 
10191 1403 2176 1776 2613 
10192 1403 1776 2176 2495 
10193 393 403 395 1769 
10194 1418 1259 1741 2002 
10195 1811 1182 1927 2552 
10196 1403 2176 1824 2495 
10197 1333 1901 1994 2155 
10198 262 332 260 2096 
10199 180 178 2526 2578 
10200 1211 1336 1894 2257 
10201 1710 2268 1693 2531 
10202 601 1929 594 2235 
10203 1410 2204 2058 2363 
10204 1202 1456 1881 2463 
10205 818 1090 1075 1935 
10206 624 1618 2236 2501 
10207 966 978 1035 2234 
10208 559 1719 1834 2659 
10209 1839 2456 1234 2491 
10210 1185 2292 1822 2568 
10211 1324 1379 1968 2483 
10212 925 1522 910 2395 
10213 317 120 37 2056 
10214 576 574 641 1725 
10215 1203 1448 1920 2261 
10216 1354 2407 1735 2484 
10217 740 704 1834 2596 
10218 1706 1958 1307 2111 
10219 1033 1477 854 2353 
10220 1794 2052 1532 2203 
10221 1424 1851 1493 1916 
10222 1340 1717 1521 2045 
10223 31 1890 1638 2467 
10224 2361 2442 1582 2609 
10225 1130 1891 2519 2663 
10226 1136 1735 1991 2186 
10227 103 743 102 1757 
10228 1224 1449 2461 2466 
10229 1400 2151 1752 2378 
10230 1514 1381 1943 2548 
10231 295 361 134 1848 
10232 1032 1030 801 1824 
10233 1164 1750 1775 2574 
10234 1699 1959 1569 2281 
10235 1716 2540 1664 2680 
10236 1161 2243 1507 2379 
10237 1517 2449 1913 2487 
10238 971 970 973 2154 
10239 1334 1457 1920 2473 
10240 1256 1977 1561 2027 
10241 1544 1646 1214 2065 
10242 1580 1492 2368 2568 
10243 1717 2451 1384 2688 
10244 1192 2217 1337 2265 
10245 1159 1948 1783 2313 
10246 1710 2268 1187 2573 
10247 1680 1902 1219 2521 
10248 269 148 1966 2223 
10249 1366 1281 1644 2031 
10250 464 367 465 1952 
10251 1655 1774 1143 2645 
10252 1587 2075 1524 2587 
10253 39 1513 2497 2507 
10254 1566 2100 1938 2231 
10255 1278 1748 2192 2424 
10256 503 448 2016 2140 
10257 888 2372 889 2375 
10258 1683 1961 1785 2457 
10259 1153 2626 1714 2637 
10260 1469 1510 1243 1718 
10261 1223 1733 2385 2466 
10262 100 1619 169 2386 
10263 1433 1738 1661 2233 
10264 1460 1833 1363 2138 
10265 1596 2258 1536 2601 
10266 1248 1989 1712 2319 
10267 1195 2088 2146 2698 
10268 1457 1237 2060 2195 
10269 1655 1191 2645 2691 
10270 1211 2030 2388 2389 
10271 1271 1903 1767 2298 
10272 859 825 823 1605 
10273 1241 1424 1420 2222 
10274 1358 2330 2193 2534 
10275 1186 1680 2258 2610 
10276 403 474 512 2086 
10277 832 1942 831 2316 
10278 1346 1473 2105 2634 
10279 366 2602 1462 2673 
10280 936 1101 1555 2622 
10281 1272 1888 1393 2232 
10282 1186 2098 1560 2631 
10283 828 1039 1055 1740 
10284 1275 1315 2072 2073 
10285 1170 1232 1683 1999 
10286 1190 1745 1990 1993 
10287 1174 1720 2024 2032 
10288 1992 2182 1308 2411 
10289 1376 1969 1711 2251 
10290 233 2161 232 2600 
10291 1176 1320 2181 2461 
10292 144 216 218 2585 
10293 113 1623 751 2240 
10294 1108 1958 1038 2111 
10295 1695 2105 1346 2345 
10296 1132 2371 1817 2514 
10297 1356 2385 1733 2466 
10298 1260 1444 1636 1863 
10299 879 983 984 2042 
10300 1674 2319 1989 2565 
10301 751 1623 745 1983 
10302 884 2345 848 2348 
10303 400 2262 2011 2376 
10304 1227 1479 2469 2470 
10305 1177 1655 1733 1888 
10306 1306 1914 2357 2361 
10307 1054 851 1857 2348 
10308 1206 1246 2052 2093 
10309 1728 1977 1253 2153 
10310 603 609 608 1880 
10311 1337 1851 1424 1916 
10312 2048 2610 1825 2631 
10313 1923 1706 2111 2372 
10314 1643 2019 1438 2411 
10315 1269 1456 1811 1926 
10316 1310 2210 1883 2332 
10317 929 2062 1740 2402 
10318 324 150 305 1995 
10319 1245 2525 2238 2641 
10320 1260 1480 1670 2022 
10321 1153 2177 1603 2559 
10322 666 717 732 1918 
10323 1156 1779 1902 1965 
10324 1212 1652 2237 2462 
10325 1190 2654 1649 2655 
10326 1358 1790 1509 2193 
10327 1124 819 777 1530 
10328 1437 2250 1949 2627 
10329 861 880 1018 2300 
10330 1750 1993 1705 2641 
10331 1625 1689 1318 1911 
10332 1287 2024 1616 2599 
10333 915 2183 918 2595 
10334 1233 1762 2138 2181 
10335 1473 1931 1751 2634 
10336 1664 2410 1148 2680 
10337 1989 2319 1248 2565 
10338 1417 1802 1725 2405 
10339 1162 1837 1641 2145 
10340 815 809 1803 2697 
10341 459 462 474 2086 
10342 375 514 553 1950 
10343 1104 970 1076 2518 
10344 1139 1520 2023 2269 
10345 1555 1280 2041 2247 
10346 1631 2126 1188 2127 
10347 784 1736 785 2341 
10348 1226 2599 1720 2625 
10349 1643 1308 2182 2411 
10350 1666 1479 2469 2620 
10351 1159 1887 2313 2450 
10352 1150 1689 2097 2429 
10353 1228 1742 2053 2323 
10354 2084 2344 1630 2704 
10355 1507 2535 1155 2678 
10356 1630 1727 1292 2246 
10357 1285 1651 1369 2103 
10358 1409 1875 1785 2414 
10359 1360 1670 1480 2022 
10360 1517 1151 2373 2566 
10361 45 44 2241 2683 
10362 196 1761 197 2555 
10363 1499 2282 1791 2625 
10364 2040 2432 1247 2571 
10365 1254 1573 1662 2471 
10366 1425 2107 1778 2417 
10367 1348 1647 1375 1962 
10368 1288 2204 1980 2337 
10369 519 2263 1691 2516 
10370 1598 1993 1390 2073 
10371 1565 1287 1772 2374 
10372 2048 2631 1508 2640 
10373 1665 2310 1397 2512 
10374 1310 2210 2332 2343 
10375 1659 2018 1439 2701 
10376 1244 1430 1421 2611 
10377 1404 1218 1853 2586 
10378 1241 2222 1420 2662 
10379 2243 2379 1509 2678 
10380 1281 2087 1212 2462 
10381 277 153 80 2254 
10382 1296 1739 1527 2038 
10383 1260 1181 1444 1863 
10384 318 118 344 1925 
10385 498 2229 1545 2433 
10386 831 1838 830 2316 
10387 1194 2007 1347 2092 
10388 1440 1868 1317 1972 
10389 1950 2544 1323 2674 
10390 382 526 36 1959 
10391 409 429 501 2140 
10392 893 1770 1044 2197 
10393 1875 2406 2134 2415 
10394 1258 2110 2044 2601 
10395 1176 2116 1762 2181 
10396 1688 2240 1279 2404 
10397 1168 1657 2365 2368 
10398 1334 1457 1704 2497 
10399 1391 2287 1981 2509 
10400 1914 2301 1155 2678 
10401 1137 2125 2095 2700 
10402 1467 1988 1955 2283 
10403 1450 1385 2216 2439 
10404 1124 2077 1530 2627 
10405 981 1495 1046 2605 
10406 2066 2135 1610 2136 
10407 1706 2061 1923 2637 
10408 1403 2156 1824 2422 
10409 1262 1523 2267 2436 
10410 975 983 879 1506 
10411 893 894 1048 1899 
10412 1200 1776 2435 2613 
10413 120 319 2056 2463 
10414 1308 1992 1526 2182 
10415 1238 1678 2101 2561 
10416 1720 1981 1146 2162 
10417 1264 1405 1889 2478 
10418 490 505 2563 2675 
10419 1021 1841 822 2208 
10420 94 1924 2143 2196 
10421 1685 2333 1285 2554 
10422 2142 2167 1692 2263 
10423 1258 2258 1596 2601 
10424 355 55 321 1718 
10425 749 108 1547 2327 
10426 1147 2342 1563 2359 
10427 1270 1921 1856 2445 
10428 1769 1997 1379 2335 
10429 9 2541 10 2617 
10430 1165 1733 2128 2684 
10431 1145 2040 2018 2698 
10432 1079 1006 746 2309 
10433 1344 1748 2180 2559 
10434 1208 1584 1889 2523 
10435 1271 1415 1668 1759 
10436 1693 2363 1687 2531 
10437 656 1836 1665 2679 
10438 67 313 1849 2394 
10439 1315 1974 1615 2072 
10440 1323 1692 1436 2271 
10441 1265 1906 1552 2156 
10442 1398 1979 897 2583 
10443 1808 2303 309 2614 
10444 1251 2069 1726 2284 
10445 213 210 214 1739 
10446 1164 1894 2030 2499 
10447 1244 1494 1430 2020 
10448 1388 1363 1833 2138 
10449 65 1535 1679 2278 
10450 1513 1925 1456 2507 
10451 82 1819 1677 2438 
10452 92 1526 353 2182 
10453 1598 2073 1315 2492 
10454 1159 1250 1948 2313 
10455 1193 2138 1273 2256 
10456 661 1905 1725 2405 
10457 750 1757 940 2163 
10458 1199 2051 2186 2484 
10459 1308 1269 1793 2315 
10460 1397 2293 2033 2512 
10461 152 277 81 2254 
10462 1262 1730 1523 2436 
10463 1863 1492 2368 2686 
10464 1454 1 2360 2673 
10465 1181 2136 1760 2318 
10466 1915 2357 1581 2609 
10467 1675 2150 336 2172 
10468 1232 1479 1375 2081 
10469 272 237 239 2188 
10470 7 6 1717 2320 
10471 1886 1427 2423 2591 
10472 1038 2111 1958 2372 
10473 820 2189 951 2697 
10474 1127 1970 1832 2648 
10475 1385 1242 1468 1723 
10476 730 703 2149 2584 
10477 252 247 1930 2533 
10478 451 1691 519 2674 
10479 434 496 410 2131 
10480 1348 1962 1481 1963 
10481 895 1555 935 2247 
10482 1337 1677 1426 2254 
10483 1468 1618 1385 2216 
10484 538 509 527 1738 
10485 1313 1861 1860 2074 
10486 1536 1983 1516 2601 
10487 1417 1272 1725 1802 
10488 1156 1902 2092 2665 
10489 650 733 649 2245 
10490 782 1486 780 2528 
10491 1364 1664 1850 2540 
10492 1703 1716 1391 1872 
10493 1476 1358 1921 2494 
10494 114 1623 979 2588 
10495 1531 2403 1815 2652 
10496 354 188 186 2463 
10497 1339 1580 2368 2568 
10498 1709 2098 2004 2619 
10499 225 2144 223 2213 
10500 1736 2341 1613 2479 
10501 1183 2051 1659 2146 
10502 1490 2229 1545 2660 
10503 1588 2187 1201 2546 
10504 206 204 205 1972 
10505 1821 1823 1180 2025 
10506 386 2374 387 2632 
10507 144 1630 1648 2585 
10508 1261 2043 1319 2611 
10509 1297 1623 2108 2588 
10510 1593 1354 2071 2484 
10511 1207 1884 1543 2134 
10512 1421 1319 2529 2611 
10513 1287 1616 1503 2328 
10514 1337 1424 1851 2254 
10515 294 360 2570 2671 
10516 8 9 2065 2541 
10517 1253 1443 2515 2535 
10518 1366 1644 1320 1880 
10519 202 1964 295 2428 
10520 1695 2454 2099 2634 
10521 1165 1982 1733 2690 
10522 76 1986 1730 2295 
10523 1668 2147 477 2426 
10524 1930 2050 1420 2340 
10525 762 110 996 2452 
10526 1609 2261 2014 2381 
10527 1232 1348 1481 1999 
10528 694 691 632 1782 
10529 1205 1355 2064 2656 
10530 1349 1842 1752 2358 
10531 1520 2178 1391 2509 
10532 1659 2354 1193 2517 
10533 1669 1942 1238 2441 
10534 858 870 871 2197 
10535 1219 2092 1902 2665 
10536 644 703 627 2002 
10537 224 1941 2084 2144 
10538 844 797 1579 2651 
10539 1229 2074 1861 2259 
10540 255 2340 1729 2490 
10541 894 895 896 1899 
10542 1488 1559 1316 2244 
10543 661 641 731 2405 
10544 236 238 1620 2607 
10545 196 2120 191 2338 
10546 1706 2111 1307 2481 
10547 1220 1392 1317 2313 
10548 51 2 348 2289 
10549 799 1036 876 1654 
10550 924 1076 2170 2518 
10551 1655 2356 1869 2690 
10552 1418 1730 1357 2149 
10553 52 287 345 2570 
10554 451 450 504 2016 
10555 11 1647 1646 2541 
10556 863 887 862 1815 
10557 410 411 405 2131 
10558 1309 2090 2413 2515 
10559 1403 2173 2062 2530 
10560 1617 2050 1412 2223 
10561 1289 1730 1523 2267 
10562 1373 1639 1206 2093 
10563 36 35 124 2253 
10564 1574 2528 2151 2604 
10565 87 571 88 2010 
10566 890 1028 892 1570 
10567 1586 2429 2119 2434 
10568 233 231 232 2161 
10569 1894 2030 1211 2389 
10570 972 2199 1485 2587 
10571 1915 1976 1306 2015 
10572 804 1755 808 2653 
10573 1456 1269 1925 1926 
10574 916 2595 1799 2696 
10575 1691 2263 1661 2516 
10576 108 2326 1874 2327 
10577 949 1099 907 1601 
10578 1099 1037 1601 2369 
10579 826 1025 830 1838 
10580 984 983 1079 2505 
10581 340 2172 2020 2526 
10582 121 1518 2139 2246 
10583 1715 1723 1385 2216 
10584 1224 1450 1449 2466 
10585 1212 2087 1652 2462 
10586 1214 2065 1340 2451 
10587 1398 1773 1979 2583 
10588 907 1601 1037 2345 
10589 1846 2383 1389 2423 
10590 1968 2032 1225 2598 
10591 1249 1884 1436 2272 
10592 1825 2511 2048 2631 
10593 1358 1852 1790 2113 
10594 562 1847 649 2245 
10595 1592 1820 1819 2438 
10596 1151 1410 1608 2486 
10597 267 223 221 2213 
10598 852 814 1541 2547 
10599 246 244 278 1795 
10600 43 381 42 2239 
10601 1071 2105 884 2345 
10602 700 1665 657 2512 
10603 998 999 1089 1804 
10604 1329 2392 1941 2586 
10605 1373 1978 1639 2572 
10606 1241 1337 2217 2265 
10607 1358 1790 2193 2330 
10608 919 889 2300 2375 
10609 17 1994 1910 2251 
10610 1020 1011 1935 1936 
10611 1158 1571 2124 2286 
10612 1586 2097 2030 2499 
10613 1789 2304 1128 2464 
10614 1121 1082 975 2395 
10615 229 1862 230 2161 
10616 275 314 309 1808 
10617 1319 1684 2047 2667 
10618 1355 2001 1558 2549 
10619 140 1910 1500 2448 
10620 879 1121 975 1506 
10621 1125 832 1942 2624 
10622 1150 1689 1911 2407 
10623 1051 852 814 1541 
10624 1245 1568 1931 2648 
10625 1400 2669 1984 2681 
10626 1220 2121 1243 2554 
10627 285 269 1966 2460 
10628 1417 2405 1719 2699 
10629 1412 1420 1930 2050 
10630 1181 1863 1760 2136 
10631 1773 1470 2296 2382 
10632 1585 1880 1320 2133 
10633 39 2497 2012 2577 
10634 1975 2062 1247 2530 
10635 1282 1201 2187 2546 
10636 1403 1552 2530 2649 
10637 365 539 27 1873 
10638 2095 2273 1552 2431 
10639 1838 1942 1606 2316 
10640 1223 2385 1482 2466 
10641 1453 1953 1506 2505 
10642 1326 2388 1649 2389 
10643 1580 2215 1844 2564 
10644 1387 2229 1890 2660 
10645 1265 2156 1552 2422 
10646 1263 1691 1661 2516 
10647 1307 1949 1377 2481 
10648 1145 1439 2018 2558 
10649 1476 1893 2494 2583 
10650 1373 1206 1639 2618 
10651 1117 964 2234 2247 
10652 1445 2380 1837 2529 
10653 1616 1772 1287 2374 
10654 1206 2052 1293 2177 
10655 1075 1935 1010 2183 
10656 313 312 1849 2394 
10657 1535 1679 1299 1836 
10658 1580 1844 1657 2664 
10659 350 1881 186 2459 
10660 871 882 883 2636 
10661 1591 1369 2226 2693 
10662 1517 1229 2339 2352 
10663 1142 1671 1822 2003 
10664 1326 1701 1406 2388 
10665 1707 2147 1415 2426 
10666 309 1808 149 2303 
10667 1231 1319 2317 2399 
10668 729 1928 1633 2501 
10669 1286 1543 1917 2167 
10670 1136 2148 2186 2552 
10671 988 766 765 1826 
10672 1157 1825 1783 2121 
10673 1324 2262 2011 2539 
10674 1655 2645 2356 2691 
10675 1083 1056 1942 2441 
10676 1408 2255 1491 2349 
10677 1296 1647 2489 2560 
10678 849 1776 980 2173 
10679 1134 1828 2205 2694 
10680 630 1877 1833 2443 
10681 1178 1812 1321 1991 
10682 1482 2078 1807 2293 
10683 1295 1440 1243 2554 
10684 1611 1901 1491 2255 
10685 932 1975 982 2649 
10686 1197 1825 1783 2610 
10687 450 482 2016 2485 
10688 1206 2036 1373 2093 
10689 1413 1696 2483 2520 
10690 1344 1973 2424 2559 
10691 1420 1930 2510 2662 
10692 1209 1901 1376 2349 
10693 1287 1806 1174 2032 
10694 1639 2059 1978 2618 
10695 451 1691 2016 2516 
10696 1248 1784 1757 2444 
10697 84 1592 1971 2438 
10698 1762 2128 1733 2684 
10699 147 266 2460 2475 
10700 767 1097 985 2042 
10701 1606 2079 1374 2202 
10702 1134 2057 1813 2391 
10703 1378 2434 1967 2504 
10704 1237 1870 1649 2083 
10705 1736 1955 1467 1988 
10706 2084 2144 1404 2213 
10707 1735 2148 1354 2186 
10708 1014 874 1098 2378 
10709 1286 2134 1543 2406 
10710 1136 1735 2148 2249 
10711 1813 1154 2169 2646 
10712 1020 1090 818 1755 
10713 1047 1048 899 1861 
10714 470 512 462 2086 
10715 1452 1939 1258 2264 
10716 121 1808 1518 2246 
10717 385 366 384 2632 
10718 1443 1977 1253 2034 
10719 113 758 979 2260 
10720 1306 1914 1915 2357 
10721 1436 2272 1884 2546 
10722 1853 2344 1404 2478 
10723 1381 2040 1913 2548 
10724 527 19 380 2233 
10725 1057 1098 874 2427 
10726 988 1827 944 2696 
10727 1250 1831 1466 2305 
10728 371 509 479 2620 
10729 1845 1917 1543 2167 
10730 1287 2032 2024 2599 
10731 780 779 778 2151 
10732 1334 1699 1668 2577 
10733 888 1923 2372 2375 
10734 1202 1881 1438 1900 
10735 1366 2461 1320 2462 
10736 1644 1880 1366 2480 
10737 1237 1870 1563 2473 
10738 33 2398 1996 2545 
10739 1985 2346 388 2374 
10740 295 168 361 1848 
10741 1456 1925 1513 1926 
10742 2065 2541 1521 2639 
10743 1127 2169 2612 2648 
10744 503 501 448 2140 
10745 846 857 858 1621 
10746 192 1900 1471 2019 
10747 1390 2218 1751 2641 
10748 1192 1916 1337 2217 
10749 1774 2198 1878 2472 
10750 1536 1279 2240 2567 
10751 1193 1762 2116 2181 
10752 1254 2028 1960 2377 
10753 1374 1817 1606 2202 
10754 1020 1011 1090 1935 
10755 523 1666 371 2620 
10756 1136 1904 2186 2522 
10757 1704 2425 37 2497 
10758 1404 1727 2213 2478 
10759 1614 1615 1301 2242 
10760 2167 2233 20 2448 
10761 1543 2134 1249 2406 
10762 77 2295 1730 2436 
10763 1444 1339 1863 2471 
10764 1789 1973 1128 2304 
10765 1168 1854 2123 2267 
10766 1435 1737 1428 2140 
10767 1183 2018 2502 2623 
10768 1021 817 1801 2208 
10769 1055 824 1678 2115 
10770 1464 1650 1240 2407 
10771 312 225 223 2213 
10772 1498 1314 2137 2646 
10773 2151 2528 1486 2604 
10774 1191 2572 2103 2573 
10775 1222 1663 1977 2290 
10776 1528 2054 299 2059 
10777 1177 1888 1733 2385 
10778 744 764 753 1674 
10779 63 655 1836 2308 
10780 1331 2057 1813 2365 
10781 1919 2321 1138 2670 
10782 2174 2205 1325 2532 
10783 257 152 259 1851 
10784 693 639 1741 2606 
10785 946 1088 1841 2199 
10786 263 262 261 1971 
10787 1307 1988 1736 2479 
10788 843 844 797 1579 
10789 1695 2099 1240 2212 
10790 1210 2201 2039 2511 
10791 747 1827 1495 2605 
10792 1466 1831 1250 2618 
10793 1549 2623 2018 2698 
10794 47 376 510 1954 
10795 63 62 655 2308 
10796 1833 1877 681 2324 
10797 1448 1563 1920 2261 
10798 1474 2089 1475 2299 
10799 662 2078 1807 2421 
10800 343 1643 91 2182 
10801 2005 2006 1352 2322 
10802 1224 1982 1385 2466 
10803 1157 2039 1685 2201 
10804 1417 1905 1719 2405 
10805 1187 2204 2363 2531 
10806 1872 2141 2009 2179 
10807 1268 1842 2220 2575 
10808 1273 2252 2198 2524 
10809 1217 1604 1784 2306 
10810 1703 2162 1720 2625 
10811 1317 1521 2038 2401 
10812 165 1749 1502 2312 
10813 1175 1870 1277 2473 
10814 996 997 762 1582 
10815 209 315 210 2054 
10816 1742 1858 1439 2487 
10817 315 2054 149 2227 
10818 89 90 136 2019 
10819 1548 1131 2211 2409 
10820 1014 945 1013 2325 
10821 386 387 385 2632 
10822 1336 1851 1493 2493 
10823 1231 1434 1474 2317 
10824 242 2219 1670 2331 
10825 1141 1754 2044 2468 
10826 1577 2213 1849 2478 
10827 1281 1645 1622 2275 
10828 1149 2087 1805 2088 
10829 1174 1981 1703 2550 
10830 1176 1320 2461 2462 
10831 1501 1947 1443 2034 
10832 1278 1548 2211 2424 
10833 1213 1490 1840 2660 
10834 1191 2093 2572 2573 
10835 1372 2440 1980 2666 
10836 888 1923 1038 2372 
10837 1696 2228 1463 2580 
10838 1496 2133 1907 2657 
10839 1137 1550 2273 2431 
10840 1343 1932 1831 2191 
10841 1000 757 1001 2609 
10842 1297 2108 1919 2588 
10843 1306 1874 2442 2609 
10844 277 2254 1851 2490 
10845 1816 1982 1242 2500 
10846 1202 2056 1456 2463 
10847 780 782 781 1486 
10848 1145 1483 1439 2558 
10849 743 1115 1572 2163 
10850 1269 1811 1202 1904 
10851 757 1000 996 2609 
10852 1877 2324 1585 2672 
10853 1431 2563 2228 2675 
10854 1316 1559 1490 1873 
10855 1593 1195 1945 2504 
10856 1505 2182 1526 2196 
10857 1442 1454 1964 2360 
10858 1545 1753 1284 1896 
10859 1669 1860 1313 2624 
10860 780 778 1094 2151 
10861 1813 2017 1154 2646 
10862 1743 2446 1524 2588 
10863 610 612 678 2133 
10864 881 2013 864 2199 
10865 537 1866 383 2602 
10866 1961 2415 1785 2457 
10867 747 1495 981 2605 
10868 1945 2101 1625 2504 
10869 1293 1747 1535 2052 
10870 943 1799 916 2595 
10871 1586 1967 2429 2434 
10872 1403 2422 1809 2530 
10873 1478 1944 1326 2654 
10874 779 1530 777 2669 
10875 580 1642 696 2412 
10876 1314 1672 2154 2391 
10877 1225 2483 1696 2520 
10878 1194 1292 2007 2305 
10879 992 1524 2075 2587 
10880 1418 1339 1730 1986 
10881 349 157 202 1964 
10882 99 2386 98 2699 
10883 934 1906 1008 2156 
10884 1190 1870 1745 2453 
10885 735 560 698 2001 
10886 1524 1919 2446 2670 
10887 1337 1729 1424 2254 
10888 1225 2032 1806 2598 
10889 1759 2297 1415 2426 
10890 1196 1334 1903 2067 
10891 510 542 446 1954 
10892 131 1972 203 2076 
10893 1443 1977 2241 2380 
10894 8 2065 9 2617 
10895 804 1895 1755 2653 
10896 988 944 1092 2696 
10897 371 17 1969 2702 
10898 1303 1798 1700 2085 
10899 291 235 292 2314 
10900 109 108 757 1874 
10901 1223 1393 1888 2232 
10902 1305 1232 2070 2469 
10903 1553 2068 1509 2193 
10904 1478 2096 1638 2467 
10905 1102 953 1921 2494 
10906 1174 1806 1287 2027 
10907 200 358 179 2578 
10908 423 421 489 2281 
10909 1885 1239 2355 2523 
10910 1386 1342 2122 2239 
10911 1912 2030 1178 2553 
10912 1491 1611 1163 1901 
10913 1535 1747 1293 2614 
10914 132 163 162 2225 
10915 829 1942 1056 2441 
10916 1353 2044 1754 2521 
10917 1387 1896 1624 2398 
10918 665 664 561 2443 
10919 1156 1932 2007 2367 
10920 1437 2409 1949 2481 
10921 451 2016 504 2516 
10922 1840 2141 1446 2179 
10923 454 1707 515 2603 
10924 1197 1825 2045 2121 
10925 529 37 38 1704 
10926 450 2016 451 2485 
10927 1303 1708 1700 1798 
10928 1294 1897 1788 2292 
10929 1327 1996 1649 2654 
10930 1265 2273 1906 2608 
10931 1574 2185 2127 2325 
10932 1473 2190 1841 2689 
10933 34 307 35 2171 
10934 1265 1824 2422 2503 
10935 409 415 428 2159 
10936 2280 2612 1538 2682 
10937 1358 1509 1852 2068 
10938 1213 1446 2141 2582 
10939 1984 2669 1530 2681 
10940 1619 1749 1432 2350 
10941 1457 1602 1277 1704 
10942 77 1730 2149 2436 
10943 1258 2044 1680 2258 
10944 1186 1596 2258 2640 
10945 252 2050 301 2223 
10946 68 2029 2394 2488 
10947 1355 1679 1534 2488 
10948 1292 1370 1808 2305 
10949 1683 1961 1209 1999 
10950 1385 1468 2216 2447 
10951 196 1761 199 2120 
10952 472 2328 1616 2374 
10953 405 2131 411 2387 
10954 1696 1463 2520 2580 
10955 914 912 2183 2605 
10956 844 843 860 2347 
10957 2009 2023 1872 2179 
10958 1779 1965 1349 2437 
10959 1240 1650 2249 2407 
10960 528 535 477 2147 
10961 824 828 1055 1678 
10962 2066 1634 2286 2663 
10963 190 2338 1900 2463 
10964 602 1929 603 2480 
10965 788 1667 790 2157 
10966 809 1803 805 2653 
10967 1605 2021 1763 2369 
10968 642 647 562 1847 
10969 1879 1906 1009 2589 
10970 1480 1595 1260 1670 
10971 434 2131 410 2538 
10972 593 591 594 2235 
10973 676 601 594 2235 
10974 1425 2474 2107 2491 
10975 49 525 48 1781 
10976 693 640 739 1741 
10977 676 591 680 2235 
10978 1556 2187 2124 2556 
10979 1050 1122 2353 2677 
10980 1437 1748 2424 2637 
10981 1136 1811 2381 2552 
10982 1295 1243 1510 2615 
10983 1657 2366 2365 2686 
10984 1595 1966 269 2460 
10985 1389 1589 2423 2590 
10986 2053 2165 1182 2323 
10987 1866 1384 2320 2658 
10988 317 2056 37 2253 
10989 1175 1870 1563 2342 
10990 1153 2061 2626 2637 
10991 1594 1696 1413 2387 
10992 1186 2100 1566 2231 
10993 1838 1942 829 2561 
10994 1192 1894 1775 2499 
10995 1413 1696 1594 2483 
10996 92 93 1526 2196 
10997 685 1928 634 2501 
10998 519 1691 2263 2674 
10999 1169 1872 1703 2162 
11000 913 914 912 2183 
11001 256 258 327 2184 
11002 1590 2427 1065 2594 
11003 1093 2111 950 2250 
11004 1272 1236 1774 2103 
11005 1613 2396 1486 2604 
11006 1164 2389 1944 2655 
11007 2013 2454 1429 2689 
11008 1260 1207 2022 2318 
11009 340 178 2172 2526 
11010 226 117 224 2144 
11011 41 543 40 2576 
11012 1641 1927 1182 2165 
11013 1710 2175 1532 2203 
11014 208 286 1868 2570 
11015 1199 1991 1735 2186 
11016 1129 1915 1914 2357 
11017 37 2425 2056 2497 
11018 468 416 470 1780 
11019 1445 1837 1222 2290 
11020 1599 1666 1479 2469 
11021 1643 2182 1505 2476 
11022 1323 1722 1436 2544 
11023 1180 1299 2064 2152 
11024 1879 2347 1265 2652 
11025 254 256 293 2184 
11026 1396 2165 1839 2474 
11027 1545 2229 1490 2433 
11028 1185 2564 2215 2568 
11029 422 424 502 2228 
11030 1548 2367 1658 2393 
11031 502 505 443 2228 
11032 420 422 443 2228 
11033 1784 2306 1757 2444 
11034 95 740 559 1834 
11035 1293 1518 2305 2420 
11036 1923 2111 1706 2637 
11037 1694 1973 1278 2192 
11038 1291 2372 1815 2403 
11039 1454 1469 1243 1718 
11040 1270 1765 1583 2446 
11041 156 167 1749 2386 
11042 1940 1429 2454 2689 
11043 1731 488 2262 2539 
11044 1289 1168 1854 2692 
11045 1387 1414 1327 1990 
11046 1495 1827 1304 2605 
11047 936 1555 1063 2477 
11048 1436 1692 1249 2271 
11049 1420 1523 1241 2662 
11050 1395 1728 1663 1981 
11051 1193 2138 1363 2517 
11052 1413 1696 2520 2580 
11053 1416 1754 1826 2644 
11054 1239 1885 1823 2656 
11055 192 187 189 1900 
11056 1453 2207 1953 2505 
11057 1189 1383 1319 2529 
11058 1329 1853 1264 2155 
11059 635 631 661 1905 
11060 580 577 1642 2421 
11061 1319 1494 1421 2529 
11062 1162 2068 1773 2456 
11063 1039 2402 1740 2441 
11064 1178 1991 1321 2579 
11065 1213 1890 1490 2660 
11066 1377 1949 1613 2396 
11067 1101 2319 2041 2622 
11068 1534 1849 1405 2488 
11069 224 290 222 2084 
11070 1327 1898 1387 1990 
11071 1186 1680 2045 2100 
11072 1552 2431 1809 2530 
11073 1035 1049 903 1943 
11074 1440 1859 1510 2570 
11075 1116 1041 849 2173 
11076 1734 2009 1184 2179 
11077 1350 1496 1257 2181 
11078 1413 1840 1284 2520 
11079 368 1959 1624 2545 
11080 1033 800 854 1477 
11081 1285 1236 2026 2302 
11082 1472 2010 2334 2400 
11083 127 271 1819 1971 
11084 796 1094 1014 1574 
11085 881 1042 2013 2075 
11086 155 2401 2038 2639 
11087 1355 2001 1529 2049 
11088 1288 1687 2204 2337 
11089 1748 2424 2180 2559 
11090 1569 1896 1753 2281 
11091 110 762 111 2404 
11092 986 1827 2605 2696 
11093 1340 1566 1717 2045 
11094 1019 1018 880 2300 
11095 1666 2469 1738 2620 
11096 1105 1909 938 2418 
11097 1209 1683 1999 2457 
11098 1236 1474 2198 2524 
11099 1932 2367 1156 2650 
11100 1226 2032 1968 2598 
11101 387 2374 1616 2632 
11102 1168 1863 1760 2692 
11103 1174 1703 1767 2550 
11104 675 741 674 1907 
11105 1603 2177 1343 2559 
11106 196 1761 2120 2338 
11107 1144 2035 2055 2503 
11108 1283 1471 1438 2019 
11109 1152 2212 2099 2634 
11110 179 181 200 1992 
11111 1406 1562 1321 1701 
11112 261 1971 262 2493 
11113 880 1009 1019 1879 
11114 288 1630 220 2536 
11115 76 564 730 2149 
11116 730 2149 564 2584 
11117 1219 1902 1779 2521 
11118 219 217 275 2246 
11119 1292 1808 1518 2305 
11120 1795 1930 246 2533 
11121 927 1082 1058 1694 
11122 1320 1233 1585 2181 
11123 453 384 383 1866 
11124 1560 1253 2098 2153 
11125 1205 1422 1300 2112 
11126 955 953 954 1921 
11127 271 1851 1819 2493 
11128 959 956 954 2542 
11129 1068 1874 108 2326 
11130 1266 1502 1501 1749 
11131 1406 2253 2171 2425 
11132 1418 2002 1741 2584 
11133 1493 1851 1336 1916 
11134 1166 1885 1239 2355 
11135 1219 1779 1656 2521 
11136 1677 2166 1426 2254 
11137 1558 2001 1355 2488 
11138 1301 1424 1843 2184 
11139 911 2284 1726 2547 
11140 858 1044 2158 2197 
11141 1046 3 993 1485 
11142 143 336 306 2150 
11143 278 129 1795 2295 
11144 1045 1044 1770 2158 
11145 1757 2306 1784 2565 
11146 1488 1559 2244 2538 
11147 1500 1792 1332 2161 
11148 1158 1610 2066 2663 
11149 858 1621 868 2638 
11150 1404 2344 2084 2704 
11151 1618 1741 639 2606 
11152 2151 1752 2604 2681 
11153 1328 2273 2589 2700 
11154 1609 1221 1744 2099 
11155 1002 2260 112 2404 
11156 1276 1616 1462 1781 
11157 1462 1276 1781 2117 
11158 1804 2260 1002 2404 
11159 888 863 889 2372 
11160 447 2140 1661 2516 
11161 1282 1201 1854 2187 
11162 1016 853 834 2316 
11163 272 2188 239 2475 
11164 1223 1394 2232 2691 
11165 1244 1421 1494 2529 
11166 91 1918 2196 2476 
11167 671 677 622 2216 
11168 1342 1203 1513 1926 
11169 262 1971 1576 2493 
11170 1166 1960 1885 2355 
11171 1008 872 2156 2347 
11172 45 2241 1561 2683 
11173 269 303 148 2223 
11174 1565 1997 2563 2598 
11175 1145 2040 1660 2558 
11176 1306 2015 1874 2609 
11177 662 663 646 1807 
11178 1797 2300 1291 2375 
11179 2460 2465 147 2475 
11180 737 722 1836 2679 
11181 1181 1254 1768 2022 
11182 2004 2194 1709 2619 
11183 1231 1502 1432 1684 
11184 622 593 599 2236 
11185 1201 1335 1884 2546 
11186 1431 1772 2563 2598 
11187 1396 1724 1858 2259 
11188 57 1758 2289 2693 
11189 1309 1717 1566 2045 
11190 1871 2001 1529 2112 
11191 1235 1840 1413 2483 
11192 784 1029 2341 2528 
11193 1549 2502 2018 2623 
11194 1312 1937 1497 2086 
11195 196 198 1761 2555 
11196 2056 2463 319 2507 
11197 1532 1794 1389 2025 
11198 623 624 622 2236 
11199 1373 2036 1948 2333 
11200 1820 1967 1586 2434 
11201 916 1304 2595 2696 
11202 1187 2268 1710 2531 
11203 1832 1970 1931 2648 
11204 1555 1280 2247 2339 
11205 2024 2032 1720 2599 
11206 2423 2444 2383 2591 
11207 1675 2172 336 2667 
11208 1565 1616 1287 2374 
11209 1268 1842 1631 2220 
11210 184 182 344 2647 
11211 443 420 2228 2580 
11212 612 614 621 2133 
11213 1280 2234 2041 2247 
11214 149 299 61 2303 
11215 1464 1912 2097 2130 
11216 1710 1380 2203 2531 
11217 852 1051 2284 2547 
11218 1715 2216 1385 2439 
11219 991 1524 992 2587 
11220 1277 1624 1569 1959 
11221 838 1047 963 1861 
11222 1186 1566 1560 2231 
11223 1158 1673 2124 2556 
11224 1771 2071 1593 2082 
11225 581 2078 580 2412 
11226 685 623 599 2236 
11227 1108 1093 1118 1958 
11228 1822 2005 1352 2568 
11229 1430 1992 1793 2647 
11230 1878 2198 1483 2472 
11231 653 1865 1557 2308 
11232 1813 2351 1556 2408 
11233 1236 2089 1474 2524 
11234 958 2534 957 2542 
11235 350 319 354 1881 
11236 451 518 1950 2674 
11237 1014 1103 1574 2325 
11238 191 189 190 2338 
11239 1422 1897 569 2549 
11240 597 671 692 2216 
11241 40 372 39 2012 
11242 379 2229 549 2398 
11243 589 677 597 2216 
11244 1513 1926 1925 2576 
11245 945 1098 977 1799 
11246 1169 2023 1872 2162 
11247 1183 1228 2323 2701 
11248 1720 1791 1226 2625 
11249 1584 2274 1658 2393 
11250 142 2084 14 2536 
11251 1552 2095 1906 2273 
11252 580 2078 579 2421 
11253 775 774 773 1984 
11254 1752 1842 1268 2396 
11255 875 953 952 1856 
11256 1800 2355 1714 2626 
11257 2046 2123 1241 2267 
11258 1606 1817 2316 2514 
11259 1218 2344 1441 2586 
11260 936 1101 935 1555 
11261 1008 1879 860 2347 
11262 751 756 985 1983 
11263 1280 1698 2339 2548 
11264 1435 1479 2159 2620 
11265 1271 1668 1415 2067 
11266 800 802 803 2157 
11267 1324 2011 2262 2376 
11268 1385 2216 1723 2447 
11269 1546 1268 2220 2519 
11270 1368 1507 2301 2379 
11271 1571 2136 1760 2686 
11272 1823 1885 1205 2656 
11273 1186 2098 2631 2640 
11274 1323 1864 1692 2271 
11275 1451 1372 2264 2666 
11276 1315 1436 1722 1974 
11277 1686 2041 1280 2234 
11278 1195 1593 1945 2623 
11279 312 313 228 2394 
11280 1159 2313 1783 2450 
11281 1267 1841 2190 2689 
11282 1245 1970 2280 2648 
11283 1390 1751 2238 2641 
11284 1157 2039 2201 2511 
11285 697 592 584 2293 
11286 1128 1953 2264 2464 
11287 655 656 737 1836 
11288 1202 1562 2056 2463 
11289 747 1109 1702 1827 
11290 197 1761 1701 2555 
11291 1286 2134 2406 2415 
11292 1503 2328 1954 2603 
11293 1981 2287 1732 2509 
11294 1546 2519 1891 2663 
11295 1259 1418 1357 2002 
11296 1535 2278 2139 2279 
11297 1344 1909 1604 2695 
11298 1118 1024 1988 2479 
11299 211 212 1868 2671 
11300 1478 1995 1576 2096 
11301 438 2485 2244 2538 
11302 1046 1485 993 2557 
11303 2111 2537 1437 2637 
11304 1377 1949 2409 2481 
11305 924 951 923 1539 
11306 137 1849 312 2213 
11307 1177 1762 1733 2684 
11308 1666 1738 1305 1969 
11309 1990 2582 1898 2660 
11310 1454 1933 1718 2673 
11311 1353 2209 1754 2592 
11312 1159 1831 2191 2569 
11313 1773 1476 1979 2583 
11314 1695 1429 2348 2454 
11315 439 421 419 2281 
11316 1237 1602 1870 2473 
11317 1544 2320 520 2617 
11318 956 955 954 2542 
11319 528 42 381 2147 
11320 161 2225 1964 2360 
11321 1037 877 941 1763 
11322 1773 2296 1398 2382 
11323 1157 2048 1825 2511 
11324 2046 2265 1262 2267 
11325 869 1026 1111 2113 
11326 554 736 79 2164 
11327 1630 1648 1347 1963 
11328 1705 2430 1750 2574 
11329 1639 1865 1537 1978 
11330 1606 1817 1374 2316 
11331 1752 2151 1574 2378 
11332 1305 1969 1738 2233 
11333 916 1799 943 2696 
11334 1283 2186 1904 2522 
11335 267 221 1727 2213 
11336 1623 1297 2194 2588 
11337 1436 1974 1315 2546 
11338 1022 1024 785 1988 
11339 1461 1783 1157 2440 
11340 1103 796 1574 2528 
11341 1341 1295 1848 2615 
11342 1355 1534 1679 2064 
11343 2048 2440 1451 2666 
11344 1881 319 2463 2507 
11345 515 535 381 2147 
11346 1038 1923 891 2111 
11347 2116 2146 1681 2698 
11348 1636 1795 297 2219 
11349 396 1997 2335 2675 
11350 1202 1811 1456 2060 
11351 451 504 550 2516 
11352 377 1962 1599 2160 
11353 861 1018 863 2300 
11354 1134 1571 2205 2286 
11355 698 2001 560 2049 
11356 1180 1869 1821 2025 
11357 331 332 151 2096 
11358 1151 2058 1410 2486 
11359 159 1718 321 2671 
11360 1242 1529 1468 2291 
11361 899 896 900 1698 
11362 1469 1718 1454 1933 
11363 1542 2612 2169 2648 
11364 1257 1600 1496 2294 
11365 579 2078 662 2421 
11366 965 964 2041 2234 
11367 1653 2036 1461 2597 
11368 1529 2001 1355 2112 
11369 1914 1915 1129 2417 
11370 942 1087 1106 2537 
11371 1635 2410 1664 2680 
11372 243 244 245 2219 
11373 774 1082 1121 1694 
11374 231 229 230 2161 
11375 1284 1753 1569 1896 
11376 730 728 77 2149 
11377 1304 1957 1495 2605 
11378 254 2184 2340 2490 
11379 2048 2129 1596 2640 
11380 1620 1670 1444 2331 
11381 1630 2344 1347 2687 
11382 1254 2377 1960 2471 
11383 1347 1648 1647 1963 
11384 1257 1350 1681 2543 
11385 1029 1103 1012 2528 
11386 1516 2248 2110 2594 
11387 2432 2530 1247 2571 
11388 375 518 24 1950 
11389 12 533 466 1962 
11390 842 822 1027 1841 
11391 1028 892 1570 2695 
11392 891 2111 1923 2537 
11393 1631 1484 2126 2457 
11394 1746 2207 1547 2327 
11395 1520 2162 1146 2509 
11396 142 290 14 2084 
11397 744 753 106 1674 
11398 2136 2366 1492 2686 
11399 1192 1628 2266 2434 
11400 2258 2567 1536 2601 
11401 201 161 162 2225 
11402 1211 1326 1576 2257 
11403 2039 2302 1295 2554 
11404 250 1930 248 2510 
11405 1373 1948 2036 2569 
11406 1202 1900 1562 2463 
11407 254 2184 1843 2340 
11408 1395 1981 1663 2287 
11409 1332 1792 1419 2314 
11410 998 762 1804 2404 
11411 1147 2287 1663 2550 
11412 732 561 666 2443 
11413 1730 1986 1636 2295 
11414 618 598 690 2291 
11415 1429 1940 2634 2689 
11416 1192 2265 1337 2266 
11417 1206 2052 1794 2203 
11418 1389 1794 1532 2203 
11419 1641 1470 2165 2456 
11420 1839 2165 1470 2456 
11421 645 575 578 2206 
11422 1553 1765 1270 2416 
11423 2356 2645 1191 2691 
11424 600 606 1928 1929 
11425 103 990 104 1686 
11426 1684 2299 97 2312 
11427 1416 1826 1827 2644 
11428 146 21 20 1845 
11429 1376 1969 2251 2702 
11430 196 198 330 1761 
11431 1211 1761 1701 2388 
11432 1475 2299 2386 2699 
11433 1462 1781 1616 2632 
11434 246 1930 247 2533 
11435 675 1907 678 2657 
11436 1535 1299 1747 1836 
11437 1209 1697 1376 1901 
11438 1309 1533 1454 2515 
11439 635 1905 1719 2659 
11440 978 760 982 2095 
11441 1203 1920 2195 2261 
11442 1392 1527 1250 1528 
11443 1373 2569 1206 2618 
11444 1176 2128 1652 2462 
11445 700 2310 1665 2512 
11446 1175 1903 1767 2342 
11447 1431 1379 1997 2675 
11448 1354 1593 2071 2082 
11449 857 868 858 1621 
11450 1210 1341 1442 2515 
11451 1392 1978 1758 2076 
11452 581 1946 2078 2362 
11453 149 2054 299 2303 
11454 627 638 624 2002 
11455 1483 1367 1878 2472 
11456 1429 1940 2454 2634 
11457 341 192 136 2019 
11458 1173 1588 2272 2419 
11459 77 2295 1523 2510 
11460 161 48 132 2225 
11461 40 2458 41 2576 
11462 1185 1816 1259 2633 
11463 1399 2419 1883 2525 
11464 1469 1717 1521 2401 
11465 1591 1651 1369 2693 
11466 1456 2056 1457 2497 
11467 566 723 65 2679 
11468 1807 578 2421 2581 
11469 1461 1980 2204 2337 
11470 1493 1851 1424 2490 
11471 1259 1741 1618 2500 
11472 1210 1341 2515 2615 
11473 1084 1052 1029 1515 
11474 400 2262 488 2539 
11475 1361 2139 2278 2279 
11476 1559 1873 1316 2244 
11477 2268 2363 1693 2531 
11478 1847 2245 1394 2581 
11479 1438 1881 1793 2459 
11480 1304 916 2605 2696 
11481 1150 1812 2030 2553 
11482 1429 2454 1695 2634 
11483 1354 2148 1735 2249 
11484 1135 1778 2336 2474 
11485 352 324 1576 2555 
11486 1466 1639 1206 2618 
11487 755 752 749 2207 
11488 2131 2244 1559 2538 
11489 1750 2641 2498 2655 
11490 1213 1990 1890 2660 
11491 2111 2250 1437 2627 
11492 1709 2004 1279 2194 
11493 1277 1602 1457 2473 
11494 1133 1596 2048 2129 
11495 1201 1588 2546 2556 
11496 76 1730 77 2295 
11497 955 2534 1921 2542 
11498 1386 2147 1707 2239 
11499 1302 2435 2176 2613 
11500 693 1741 739 2606 
11501 2062 2530 1975 2649 
11502 1413 2520 1753 2580 
11503 1282 1614 1420 2050 
11504 1287 1503 1772 2328 
11505 147 2460 2142 2465 
11506 1265 1824 2156 2422 
11507 1128 1939 1756 2650 
11508 185 184 186 2459 
11509 401 2262 400 2376 
11510 58 1978 2059 2076 
11511 897 1398 1040 1979 
11512 1542 2351 1538 2682 
11513 196 191 195 2338 
11514 315 210 2054 2227 
11515 724 681 704 1833 
11516 1228 1183 1659 2701 
11517 1641 2165 2053 2474 
11518 312 2213 1849 2394 
11519 2084 2213 1404 2704 
11520 1410 1685 2026 2201 
11521 888 890 1923 2375 
11522 1464 1689 2407 2628 
11523 1185 1822 1671 2564 
11524 414 2580 2387 2703 
11525 2009 2037 1409 2414 
11526 1760 2136 1863 2686 
11527 1727 1630 2344 2704 
11528 782 2341 1486 2528 
11529 368 1624 34 2545 
11530 621 667 678 2133 
11531 1560 2230 1146 2231 
11532 1524 2321 1919 2670 
11533 1141 1766 2108 2468 
11534 1280 1514 2234 2548 
11535 1866 1985 384 2632 
11536 1197 1887 1296 2489 
11537 999 2113 869 2330 
11538 1647 2065 1646 2541 
11539 469 447 1661 2516 
11540 2195 2261 1609 2381 
11541 1462 1781 1533 2117 
11542 1385 1468 1242 2500 
11543 1696 1413 2387 2580 
11544 828 1678 824 2561 
11545 1704 2497 38 2577 
11546 1195 1322 1967 2114 
11547 1300 1185 1418 2292 
11548 1317 1527 1392 1972 
11549 1571 2365 2057 2366 
11550 1300 1787 1897 2292 
11551 445 434 438 2244 
11552 484 1896 418 2703 
11553 799 806 801 2384 
11554 1361 2213 1727 2478 
11555 260 2096 258 2493 
11556 743 1757 750 2163 
11557 1501 163 2225 2506 
11558 939 980 2115 2173 
11559 1868 2038 211 2671 
11560 8 2541 2065 2639 
11561 1602 1704 1457 2425 
11562 1622 1820 1322 2438 
11563 1250 1528 1466 2618 
11564 1183 2071 1771 2502 
11565 147 266 282 2460 
11566 65 66 1849 2278 
11567 862 844 1815 2651 
11568 436 444 2297 2563 
11569 1464 2097 2030 2553 
11570 1449 1782 1356 2362 
11571 1450 1715 1385 2439 
11572 1439 2354 1659 2701 
11573 1295 1510 1440 1859 
11574 324 1995 1576 2555 
11575 221 2213 223 2704 
11576 1743 2194 1297 2588 
11577 996 1000 997 2609 
11578 40 318 41 2458 
11579 1742 2354 1439 2701 
11580 1017 2494 841 2583 
11581 642 1847 2206 2581 
11582 1259 1418 1185 2633 
11583 1602 1277 1959 2545 
11584 1747 2052 1246 2508 
11585 823 812 1043 1830 
11586 1795 2219 1595 2533 
11587 1083 1056 832 1942 
11588 1134 1571 2057 2205 
11589 1129 2357 2301 2379 
11590 1391 1716 1703 2550 
11591 31 151 32 2467 
11592 1270 2416 1921 2445 
11593 1238 1625 1945 2101 
11594 1230 2026 1685 2201 
11595 23 2142 1966 2544 
11596 1712 2319 1989 2622 
11597 1259 1618 1385 2500 
11598 603 1929 1880 2480 
11599 1178 1812 2030 2388 
11600 1606 2202 1817 2514 
11601 451 1950 1691 2674 
11602 29 325 130 2242 
11603 1508 2004 1368 2129 
11604 1265 2156 1824 2347 
11605 1530 2077 1437 2627 
11606 1648 1370 2527 2585 
11607 1586 1150 2030 2097 
11608 1278 2192 1973 2424 
11609 1230 1341 1619 2350 
11610 386 1985 2374 2632 
11611 1437 1706 2111 2637 
11612 1439 2018 1858 2701 
11613 1552 1403 2156 2649 
11614 991 761 992 1524 
11615 1412 2223 2050 2533 
11616 69 2029 1558 2549 
11617 1244 2529 1494 2551 
11618 101 2 2224 2693 
11619 805 1895 804 2653 
11620 1572 2095 2125 2700 
11621 430 2297 426 2426 
11622 299 2054 1528 2303 
11623 333 1675 174 2370 
11624 1732 2178 2085 2509 
11625 741 715 2276 2657 
11626 1407 2373 1608 2486 
11627 1441 1941 1481 2586 
11628 1382 1857 2013 2454 
11629 1302 2080 1657 2664 
11630 1114 985 2042 2309 
11631 1387 1890 1414 1990 
11632 1740 2402 1669 2441 
11633 1141 1709 2258 2567 
11634 1607 2130 2097 2499 
11635 1048 1110 1045 1770 
11636 271 1819 1971 2493 
11637 1185 1652 1816 2633 
11638 1264 1853 1404 2478 
11639 878 911 1726 2547 
11640 1169 1682 1734 2023 
11641 316 141 340 2020 
11642 573 645 642 2206 
11643 1062 1002 1804 2260 
11644 1274 1967 1820 2434 
11645 82 83 271 1819 
11646 1282 1614 2050 2390 
11647 1542 1538 2169 2612 
11648 1232 1683 1999 2070 
11649 1163 1901 1611 2155 
11650 972 1485 993 2587 
11651 193 2047 1684 2667 
11652 624 2002 1618 2501 
11653 581 2362 2078 2412 
11654 434 438 2244 2538 
11655 26 27 1974 2390 
11656 1206 2569 1831 2618 
11657 789 1033 920 2174 
11658 592 701 663 2293 
11659 310 221 219 2246 
11660 1464 1689 2097 2407 
11661 1189 2535 2243 2678 
11662 1038 1958 887 2372 
11663 1351 1384 1866 2658 
11664 1183 1858 1724 2502 
11665 1750 2430 1775 2574 
11666 74 1787 707 2584 
11667 1242 2112 1529 2152 
11668 1554 1555 2566 2622 
11669 707 1787 708 2584 
11670 1183 2502 1771 2623 
11671 400 408 488 2262 
11672 831 830 1016 2316 
11673 1291 2372 1923 2375 
11674 1004 973 1078 1504 
11675 1178 1912 1649 2389 
11676 1161 1765 2193 2619 
11677 1643 2019 90 2476 
11678 1403 2176 1809 2422 
11679 784 1029 1052 1515 
11680 1953 2207 1522 2395 
11681 243 241 242 2219 
11682 1465 2101 1200 2613 
11683 1285 1651 2224 2693 
11684 750 940 1757 2306 
11685 867 1066 1857 1979 
11686 1464 2030 1912 2553 
11687 1449 1356 1946 2362 
11688 208 1868 294 2570 
11689 1133 1980 2440 2666 
11690 1597 2025 1389 2590 
11691 1005 1060 761 1743 
11692 1793 2411 1438 2459 
11693 1498 2169 2017 2646 
11694 1856 1921 1476 2445 
11695 488 1731 433 2539 
11696 2115 2173 1776 2613 
11697 157 349 50 2360 
11698 263 198 352 2555 
11699 360 294 212 2671 
11700 192 339 136 2019 
11701 1086 947 948 1627 
11702 1494 2172 1421 2526 
11703 1170 1683 1682 2269 
11704 918 1010 1011 1935 
11705 1454 2090 2515 2615 
11706 1273 1719 1460 1834 
11707 65 1679 66 2278 
11708 1273 1417 1719 2277 
11709 1151 1608 2373 2486 
11710 1230 1295 2039 2302 
11711 1450 1928 1366 1929 
11712 860 880 861 1879 
11713 1223 1888 1393 2385 
11714 1394 1847 1393 2232 
11715 904 903 905 1943 
11716 245 2219 1795 2533 
11717 977 1098 1065 1590 
11718 351 197 1701 2555 
11719 1315 2272 1436 2546 
11720 1344 1973 1789 2304 
11721 1463 2281 1753 2580 
11722 260 262 2096 2493 
11723 939 1740 929 2062 
11724 824 825 826 1678 
11725 1137 2273 1886 2700 
11726 1246 1557 1747 2508 
11727 1211 1761 1592 1971 
11728 1202 2060 1562 2579 
11729 1748 1153 2180 2424 
11730 1616 1781 1276 1954 
11731 1247 1943 1669 2402 
11732 1249 1875 1864 2406 
11733 1416 2209 2644 2696 
11734 15 1941 16 2392 
11735 827 2105 821 2208 
11736 1209 1376 1961 2349 
11737 385 384 386 2632 
11738 34 1996 1995 2171 
11739 284 2059 299 2635 
11740 1792 2600 1620 2607 
11741 1077 2283 1053 2651 
11742 501 408 406 2262 
11743 1549 2040 1519 2698 
11744 186 188 187 2459 
11745 1698 1280 2247 2548 
11746 433 1731 482 2538 
11747 2097 2407 1150 2553 
11748 1245 1931 1970 2648 
11749 1698 2247 1280 2339 
11750 1142 2025 1597 2590 
11751 1681 2088 2000 2698 
11752 1403 1776 2173 2613 
11753 591 2235 593 2439 
11754 2165 2456 1839 2474 
11755 284 131 2059 2635 
11756 1338 2132 1656 2521 
11757 1158 2066 1571 2286 
11758 254 256 2184 2490 
11759 339 2019 1471 2400 
11760 1230 1475 1432 1619 
11761 293 1843 2184 2242 
11762 1087 937 974 2192 
11763 832 831 833 2316 
11764 507 2328 472 2374 
11765 208 212 294 1868 
11766 1325 1571 2066 2205 
11767 1217 1846 1589 2423 
11768 1287 1772 1616 2328 
11769 146 273 272 2188 
11770 1557 1865 1246 2308 
11771 1023 1988 1022 2283 
11772 1953 1372 2264 2464 
11773 1923 2537 2111 2637 
11774 1780 1952 1312 2086 
11775 837 1070 1081 2118 
11776 1135 2336 1777 2399 
11777 1491 2220 1408 2349 
11778 1147 2359 1850 2540 
11779 1329 1264 1525 2155 
11780 409 415 2159 2621 
11781 1533 2034 1781 2360 
11782 1245 1705 1542 2682 
11783 1083 928 2441 2624 
11784 370 515 1707 2603 
11785 1685 2039 1157 2554 
11786 1731 2485 482 2538 
11787 406 400 401 2262 
11788 1236 1272 1774 2198 
11789 554 78 728 2164 
11790 315 215 210 2227 
11791 898 999 1581 2638 
11792 1295 1848 1510 1859 
11793 1503 1616 1954 2328 
11794 769 977 1065 2270 
11795 2148 2249 1567 2381 
11796 2035 2080 1455 2503 
11797 1399 1705 2525 2682 
11798 1153 2424 1748 2637 
11799 1098 1057 1065 1590 
11800 1735 2186 1354 2484 
11801 1111 869 2113 2330 
11802 89 720 90 2294 
11803 76 77 1730 2149 
11804 1180 2152 1626 2508 
11805 504 2016 448 2516 
11806 252 2050 2223 2533 
11807 1055 1740 939 2115 
11808 1282 1974 1617 2546 
11809 1767 2342 1147 2550 
11810 855 805 809 1803 
11811 821 1071 1059 2189 
11812 1401 2371 2259 2514 
11813 310 1727 221 2246 
11814 652 2033 659 2512 
11815 1157 2090 2039 2511 
11816 988 769 766 2270 
11817 1093 1958 1108 2111 
11818 1045 1044 893 1770 
11819 868 2113 999 2638 
11820 1153 1603 1846 2180 
11821 412 2387 414 2580 
11822 847 1026 1893 2494 
11823 293 327 130 2184 
11824 1535 1747 1299 2508 
11825 1768 2022 1207 2318 
11826 83 1645 84 2438 
11827 1680 1186 2045 2610 
11828 1300 1871 1422 1897 
11829 346 295 1848 2428 
11830 1025 1099 1998 2369 
11831 1342 1445 1386 2290 
11832 1247 2062 1975 2402 
11833 1307 1814 1706 2481 
11834 1156 2007 1658 2367 
11835 974 1058 819 2192 
11836 749 109 1006 2452 
11837 1172 1875 1785 2415 
11838 409 2159 1737 2621 
11839 575 578 2206 2421 
11840 1335 1617 1436 2546 
11841 1335 1595 1480 2460 
11842 1182 2285 2053 2323 
11843 1289 1636 1795 2295 
11844 947 1627 1086 2496 
11845 252 1930 2050 2533 
11846 1204 1439 2252 2449 
11847 1000 2015 1067 2609 
11848 1582 2442 1874 2609 
11849 1622 1681 1281 2543 
11850 436 444 427 2297 
11851 1135 2106 2317 2399 
11852 1609 2249 2195 2381 
11853 61 1639 1865 2308 
11854 1181 1260 2022 2318 
11855 930 2062 929 2402 
11856 173 125 171 2312 
11857 308 2047 2143 2482 
11858 1346 1931 1832 1970 
11859 1135 2043 1641 2336 
11860 93 2196 1918 2596 
11861 1738 1969 1666 2620 
11862 1472 2334 1489 2400 
11863 777 819 775 1984 
11864 1130 2519 2364 2663 
11865 51 348 1859 2289 
11866 1009 1879 1008 1906 
11867 1233 1320 1585 2461 
11868 1605 2137 1830 2518 
11869 1299 1679 2049 2679 
11870 1432 1475 2299 2386 
11871 1845 2188 146 2475 
11872 1141 1983 2567 2601 
11873 1257 1496 1363 2181 
11874 1290 1642 1393 2385 
11875 1137 2095 2273 2700 
11876 965 990 1686 2041 
11877 1402 2164 1426 2166 
11878 982 1096 934 1906 
11879 1717 2065 1521 2639 
11880 15 290 117 1941 
11881 1197 1296 1887 2313 
11882 111 112 2240 2404 
11883 1638 2184 1493 2242 
11884 969 1107 2170 2677 
11885 63 1836 1747 2308 
11886 1141 2567 2258 2601 
11887 1030 1824 872 2347 
11888 1358 1509 2068 2193 
11889 57 158 56 2289 
11890 698 727 716 2001 
11891 585 680 583 1946 
11892 1586 2030 1894 2499 
11893 244 242 297 2219 
11894 1589 1886 1328 2423 
11895 144 1648 216 2585 
11896 1739 2054 210 2227 
11897 435 2485 438 2538 
11898 1833 1834 704 2596 
11899 113 979 114 1623 
11900 411 496 417 2131 
11901 184 1793 182 2647 
11902 1549 2018 1381 2040 
11903 640 742 707 2584 
11904 677 622 2216 2439 
11905 1393 1847 1591 2232 
11906 215 314 217 2227 
11907 1065 1590 1057 2427 
11908 593 2236 622 2439 
11909 1677 1820 1274 2438 
11910 1465 2530 1809 2571 
11911 507 388 391 2374 
11912 1588 1201 2187 2556 
11913 1738 2469 1435 2620 
11914 1579 2055 2035 2503 
11915 1575 2186 2148 2552 
11916 172 165 326 2370 
11917 1653 2569 2036 2597 
11918 490 1997 396 2675 
11919 660 701 697 2293 
11920 1496 2294 665 2657 
11921 1703 1872 1391 2162 
11922 258 2184 256 2490 
11923 1380 2175 2383 2444 
11924 2365 2368 1657 2686 
11925 1595 1966 1412 2223 
11926 1370 2560 1194 2687 
11927 1316 1873 1722 2244 
11928 580 2412 2078 2421 
11929 7 1717 6 2401 
11930 1169 1703 2616 2625 
11931 963 1047 902 1860 
11932 1754 2209 1416 2593 
11933 1285 2224 1758 2693 
11934 897 839 1040 1398 
11935 1102 1921 960 2494 
11936 1532 2093 2052 2356 
11937 783 784 785 2341 
11938 1970 2612 2280 2648 
11939 1543 2167 2142 2465 
11940 879 2042 1097 2248 
11941 919 1797 906 2375 
11942 1668 1699 1271 1759 
11943 1083 1942 832 2624 
11944 1568 1912 1464 2130 
11945 1480 2460 1670 2475 
11946 1831 2569 1948 2618 
11947 1204 1474 2089 2524 
11948 1416 2592 1590 2593 
11949 697 2293 584 2455 
11950 303 2223 269 2533 
11951 2051 2114 1593 2484 
11952 604 598 617 2291 
11953 333 174 172 2370 
11954 1523 1930 2295 2662 
11955 1198 1791 1720 2230 
11956 629 617 618 2291 
11957 589 677 2216 2439 
11958 1597 1886 2590 2591 
11959 1200 2101 1678 2115 
11960 1265 1906 1879 2608 
11961 530 510 493 2603 
11962 886 2345 884 2348 
11963 418 1896 1753 2703 
11964 1203 1811 1927 2381 
11965 1444 1620 1254 2022 
11966 211 276 212 2671 
11967 1176 1762 2000 2128 
11968 342 182 180 2647 
11969 301 2050 302 2390 
11970 148 24 285 1966 
11971 1414 1750 1275 2430 
11972 200 179 1992 2578 
11973 1535 2064 1534 2279 
11974 1414 1944 1478 2654 
11975 1390 1993 1598 2218 
11976 105 1003 106 2319 
11977 1705 2351 1542 2682 
11978 831 832 829 1942 
11979 1041 849 2173 2495 
11980 1532 2356 1869 2645 
11981 1451 1783 2048 2610 
11982 900 896 901 2247 
11983 1458 1780 1312 2086 
11984 1553 1358 2193 2416 
11985 429 447 448 2140 
11986 1000 1067 898 2609 
11987 279 147 2465 2475 
11988 1390 1598 2073 2419 
11989 88 2010 571 2294 
11990 1313 1724 2074 2502 
11991 1204 1922 1608 2373 
11992 1156 1902 1779 2092 
11993 915 1010 918 2183 
11994 254 2340 255 2490 
11995 1436 1315 2271 2272 
11996 274 19 140 2448 
11997 1202 1882 2060 2579 
11998 1437 2111 1706 2481 
11999 1360 1620 1670 2022 
12000 1161 2193 1509 2379 
12001 1242 2112 1816 2500 
12002 1634 2364 1546 2663 
12003 748 754 750 2565 
12004 340 180 178 2526 
12005 102 965 103 1686 
12006 41 141 42 2458 
12007 1577 2213 312 2394 
12008 1355 1205 1422 2656 
12009 1641 2456 2165 2474 
12010 353 93 122 2143 
12011 1342 2122 1445 2551 
12012 1183 1724 2071 2502 
12013 97 98 2299 2699 
12014 827 848 884 2105 
12015 1289 1854 1168 2267 
12016 832 1056 829 1942 
12017 1431 1287 1772 2598 
12018 716 69 735 2001 
12019 1720 2599 2032 2625 
12020 1281 1645 1644 2031 
12021 1328 1906 1879 2589 
12022 39 2012 372 2577 
12023 1296 2038 1521 2639 
12024 1292 1179 2007 2420 
12025 230 227 335 1862 
12026 62 2303 2308 2614 
12027 692 597 2216 2447 
12028 1319 1494 1383 1675 
12029 1953 2264 1372 2666 
12030 137 312 267 2213 
12031 146 2188 272 2475 
12032 629 618 1871 2291 
12033 1748 2537 1923 2637 
12034 1237 1457 1602 2473 
12035 1300 1816 2112 2500 
12036 1630 2585 2246 2687 
12037 1692 2167 1433 2263 
12038 348 1859 2289 2570 
12039 917 943 916 2595 
12040 1394 1557 2033 2245 
12041 1297 1709 2194 2619 
12042 1404 1727 2344 2704 
12043 600 601 602 1929 
12044 1519 2040 1549 2571 
12045 997 1000 898 2609 
12046 255 254 253 2340 
12047 1164 1750 2498 2655 
12048 1520 2085 1798 2178 
12049 1683 1209 1961 2457 
12050 886 948 947 2348 
12051 1717 1933 1309 2688 
12052 1684 2312 125 2667 
12053 1356 1449 1946 2466 
12054 645 2206 578 2581 
12055 146 20 274 2448 
12056 1938 2230 1566 2231 
12057 1854 2123 1241 2222 
12058 1384 1933 1717 2688 
12059 883 893 871 2197 
12060 133 1614 2390 2630 
12061 998 1089 1062 1804 
12062 1439 2449 1913 2558 
12063 963 1860 904 2624 
12064 57 1758 2076 2289 
12065 1133 2361 1980 2442 
12066 354 1881 319 2463 
12067 371 1666 16 2702 
12068 1561 1707 1503 2603 
12069 589 2216 597 2447 
12070 436 1772 506 2563 
12071 1161 2153 1507 2243 
12072 1065 2270 1590 2594 
12073 1042 875 865 1856 
12074 1356 1782 1637 2362 
12075 2373 2449 1517 2487 
12076 1720 1791 1499 2230 
12077 1711 1917 1286 2255 
12078 1444 1662 1620 2331 
12079 1302 1657 2017 2513 
12080 199 334 337 2120 
12081 1196 1903 1767 2067 
12082 2039 2090 1243 2615 
12083 1000 1001 2015 2609 
12084 818 808 804 1755 
12085 1066 1086 948 2496 
12086 633 2362 2412 2672 
12087 57 2076 158 2289 
12088 1369 1651 1272 2103 
12089 1339 1788 1294 2471 
12090 1268 1842 1612 2396 
12091 1523 2510 1930 2662 
12092 1357 2164 2149 2436 
12093 1595 1260 1670 2219 
12094 1284 1898 2298 2582 
12095 747 1109 116 1702 
12096 644 2002 627 2501 
12097 723 1679 65 2679 
12098 1043 1830 850 2518 
12099 824 1678 826 2561 
12100 888 891 1038 1923 
12101 1071 827 884 2105 
12102 1369 1591 1847 2232 
12103 1652 2237 1259 2633 
12104 1412 1795 1289 2692 
12105 1600 2294 561 2443 
12106 1964 2225 201 2506 
12107 598 604 596 2310 
12108 1230 1685 2039 2201 
12109 2072 2187 1282 2222 
12110 758 2240 112 2260 
12111 334 1489 87 2400 
12112 1273 2198 2252 2256 
12113 2246 2585 1808 2687 
12114 492 430 426 2426 
12115 1567 1470 2381 2382 
12116 1536 2240 1983 2567 
12117 929 1740 1039 2402 
12118 1321 1406 2388 2579 
12119 622 2236 2216 2439 
12120 1886 2423 1427 2700 
12121 1479 1599 1375 2160 
12122 1572 2589 2273 2700 
12123 974 819 1106 2077 
12124 1450 1929 1449 2235 
12125 430 437 436 2297 
12126 1293 2052 1794 2177 
12127 861 862 844 1815 
12128 430 427 426 2297 
12129 1328 2589 2163 2700 
12130 1905 2412 1637 2676 
12131 1425 2352 2107 2417 
12132 928 904 905 2402 
12133 1485 1587 2321 2587 
12134 1242 1468 2112 2500 
12135 39 372 531 2577 
12136 91 2196 2182 2476 
12137 1383 1947 2241 2380 
12138 1525 1862 1577 2144 
12139 968 1119 940 2306 
12140 1617 1974 1436 2546 
12141 1632 2353 1818 2677 
12142 1305 1738 1666 2469 
12143 605 660 596 2310 
12144 766 768 767 2270 
12145 727 629 636 1871 
12146 660 2293 697 2455 
12147 16 1666 2392 2702 
12148 1131 1752 2358 2681 
12149 1335 1436 1966 2544 
12150 2111 2537 950 2627 
12151 568 84 1645 2275 
12152 1060 956 959 2542 
12153 822 2105 827 2208 
12154 13 142 14 2536 
12155 606 1929 602 2480 
12156 187 188 189 1900 
12157 30 29 130 2242 
12158 1634 1828 1477 2205 
12159 143 2150 1494 2172 
12160 1710 2093 1532 2645 
12161 1358 2113 1790 2330 
12162 1721 2283 1330 2651 
12163 350 354 186 1881 
12164 63 62 2308 2614 
12165 115 989 114 1702 
12166 2 56 348 2289 
12167 1169 2162 1703 2625 
12168 791 789 792 1835 
12169 1190 2083 1870 2453 
12170 156 169 167 2386 
12171 1537 1847 1369 2226 
12172 402 491 397 2335 
12173 1735 1991 1812 2553 
12174 407 409 1737 2621 
12175 1556 2123 1854 2187 
12176 841 847 1893 2494 
12177 633 2362 679 2412 
12178 317 37 36 2253 
12179 176 177 175 2047 
12180 219 2246 221 2704 
12181 1295 1230 1619 2302 
12182 1465 2101 1945 2504 
12183 1064 2015 2477 2636 
12184 1227 2081 1479 2470 
12185 741 571 715 2657 
12186 2206 2421 578 2581 
12187 998 1804 1002 2404 
12188 732 1918 1600 2443 
12189 339 88 2019 2400 
12190 394 491 396 2335 
12191 157 201 202 1964 
12192 356 51 322 1859 
12193 1184 1864 1323 2271 
12194 1829 1932 1343 2367 
12195 971 2353 1122 2677 
12196 542 446 1954 2328 
12197 39 38 319 2507 
12198 94 363 122 2143 
12199 581 679 2362 2412 
12200 1282 2050 1617 2390 
12201 1978 2059 1392 2618 
12202 773 776 1984 2427 
12203 279 266 147 2475 
12204 1165 1869 1655 2685 
12205 1635 1140 2190 2311 
12206 1203 2060 1811 2195 
12207 104 750 1757 2565 
12208 413 414 2387 2703 
12209 318 40 118 1925 
12210 1416 1590 2270 2593 
12211 920 1004 1078 1504 
12212 909 910 755 2207 
12213 1857 2348 1429 2454 
12214 1385 1723 1468 2447 
12215 411 2131 417 2387 
12216 1227 1435 1951 2469 
12217 1194 2489 1347 2560 
12218 1711 1961 1286 2406 
12219 1310 2343 1755 2653 
12220 426 425 441 2426 
12221 1156 1965 1902 2650 
12222 1420 1930 2340 2510 
12223 1522 1953 2304 2464 
12224 1420 1614 1282 2222 
12225 316 1494 2020 2172 
12226 1620 2331 1662 2607 
12227 1913 2449 1367 2558 
12228 1108 887 1038 1958 
12229 157 1964 349 2360 
12230 747 3 1046 1495 
12231 1554 2015 1976 2477 
12232 1210 1341 2039 2350 
12233 1760 1863 1168 2686 
12234 1314 2154 1818 2391 
12235 1566 2451 1717 2688 
12236 690 2291 598 2447 
12237 1004 920 1033 2353 
12238 112 758 113 2240 
12239 840 841 845 1893 
12240 1379 1225 1968 2483 
12241 313 137 66 1849 
12242 455 438 514 2244 
12243 1117 2234 901 2247 
12244 1403 2173 1776 2495 
12245 787 786 788 1667 
12246 1180 1299 2152 2508 
12247 232 230 292 2161 
12248 1054 867 1066 1857 
12249 950 2111 891 2537 
12250 122 2143 2047 2578 
12251 1186 2045 1566 2100 
12252 524 380 20 2233 
12253 1734 2023 1682 2414 
12254 1630 2084 1441 2344 
12255 1794 2177 1206 2203 
12256 2085 2178 1520 2509 
12257 1290 1356 1642 2385 
12258 598 2291 604 2310 
12259 644 1633 2002 2501 
12260 916 914 2183 2605 
12261 280 155 2038 2639 
12262 1273 1177 2198 2256 
12263 1608 2106 1204 2373 
12264 1366 2237 1224 2462 
12265 1338 2100 2132 2521 
12266 1288 2058 1980 2204 
12267 507 442 472 2328 
12268 188 2459 186 2463 
12269 1361 1849 2213 2478 
12270 442 437 446 2328 
12271 1325 2057 1571 2205 
12272 1003 2319 1101 2622 
12273 251 250 253 2340 
12274 263 1576 1971 2555 
12275 1825 2610 2045 2631 
12276 2127 2185 1359 2325 
12277 1360 1254 1620 2022 
12278 1440 2289 1859 2570 
12279 1207 1543 1917 2134 
12280 1544 1937 1312 1952 
12281 414 1753 419 2580 
12282 1806 2032 1287 2598 
12283 849 811 980 1776 
12284 1066 1979 1040 2496 
12285 1735 1178 1991 2553 
12286 1818 1504 2353 2694 
12287 382 486 552 1959 
12288 394 395 397 2335 
12289 1147 1448 1908 2359 
12290 1001 757 1068 1874 
12291 1230 2039 1685 2302 
12292 1485 2199 1587 2587 
12293 1577 2144 225 2213 
12294 864 865 851 2013 
12295 1211 1321 1761 2388 
12296 337 1471 2120 2400 
12297 1440 1295 1859 2289 
12298 1454 1243 2090 2615 
12299 1233 2138 1363 2181 
12300 747 1046 981 1495 
12301 1390 1705 1993 2641 
12302 1130 2135 1610 2663 
12303 1249 1436 2271 2272 
12304 2016 2140 448 2516 
12305 1133 2440 2048 2666 
12306 1941 2392 1481 2586 
12307 1907 2133 678 2657 
12308 936 895 1063 1555 
12309 685 2236 1928 2501 
12310 1438 1269 1793 1881 
12311 1983 2240 1623 2567 
12312 238 281 240 2331 
12313 1727 2246 1630 2704 
12314 1328 1879 1906 2608 
12315 1289 1260 1863 2692 
12316 123 291 70 2314 
12317 1432 2299 1684 2312 
12318 1228 1659 1505 2354 
12319 480 523 371 2620 
12320 939 1740 2062 2173 
12321 1184 2091 1734 2179 
12322 1779 1902 1219 2092 
12323 1301 1615 1614 2072 
12324 743 1115 2163 2589 
12325 1103 796 1014 1574 
12326 1927 2381 1811 2552 
12327 565 714 99 2405 
12328 1391 1732 2287 2509 
12329 1166 1714 2355 2626 
12330 1507 1155 2301 2678 
12331 2122 2239 41 2576 
12332 111 112 995 2240 
12333 456 389 386 1985 
12334 575 573 574 2206 
12335 1400 2378 1590 2427 
12336 1203 2195 1811 2381 
12337 961 1062 1089 2330 
12338 435 482 2485 2538 
12339 1818 2170 1371 2677 
12340 1432 1749 1502 2350 
12341 1230 1685 2026 2302 
12342 1289 1523 1730 2295 
12343 2107 2373 1517 2487 
12344 1594 1324 2011 2539 
12345 1765 2416 2193 2619 
12346 1533 1933 1454 2673 
12347 473 393 390 2346 
12348 252 301 303 2223 
12349 1734 1855 1169 2179 
12350 1450 2236 2235 2439 
12351 295 1964 1848 2428 
12352 2 1859 356 2224 
12353 694 2362 633 2672 
12354 1518 1808 63 2614 
12355 1591 1847 1393 2206 
12356 1725 1802 702 2405 
12357 751 113 745 1623 
12358 911 1075 913 2284 
12359 642 2206 645 2581 
12360 1023 1077 1108 1958 
12361 1282 2187 1854 2222 
12362 1230 2039 1341 2350 
12363 1206 1794 2052 2177 
12364 709 562 649 2245 
12365 443 2228 505 2675 
12366 1788 1897 1787 2292 
12367 216 1648 283 2527 
12368 1241 2267 1854 2662 
12369 1099 1037 907 1601 
12370 1211 2388 2257 2389 
12371 1610 2135 2066 2663 
12372 1204 2252 1483 2449 
12373 1134 2391 1818 2694 
12374 683 585 694 2362 
12375 765 987 988 1826 
12376 907 1037 1112 2345 
12377 1373 2036 1206 2569 
12378 694 679 633 2362 
12379 1248 1784 1674 2565 
12380 1964 2360 1454 2428 
12381 1164 1944 1750 2655 
12382 1475 2089 1432 2299 
12383 585 581 679 2362 
12384 1244 1421 2529 2611 
12385 1213 2582 1990 2660 
12386 1460 1877 1833 2324 
12387 1334 1668 2012 2577 
12388 1361 1518 1292 1727 
12389 1622 1677 1274 2438 
12390 2095 2431 1552 2432 
12391 1681 2116 1257 2146 
12392 1563 2261 1448 2359 
12393 984 1114 2042 2309 
12394 180 1992 179 2578 
12395 1813 2017 1331 2365 
12396 1027 946 1088 1841 
12397 279 147 22 2465 
12398 489 439 486 2281 
12399 1372 2464 2337 2597 
12400 1523 2265 1241 2267 
12401 1236 2268 1922 2472 
12402 1504 1818 2154 2391 
12403 1783 2048 1157 2440 
12404 1240 1650 1464 2212 
12405 625 619 616 2324 
12406 1380 2175 1710 2203 
12407 386 388 387 2374 
12408 388 389 390 2346 
12409 1421 1494 1319 2172 
12410 25 148 301 2223 
12411 1516 2110 2593 2594 
12412 1915 2015 1306 2609 
12413 1165 1655 2684 2685 
12414 95 1924 94 2596 
12415 1279 2004 1709 2640 
12416 1408 2134 1640 2329 
12417 630 664 1877 2443 
12418 128 281 73 2331 
12419 1712 1555 2041 2622 
12420 2004 2098 1709 2640 
12421 2228 2580 1696 2675 
12422 1880 1929 1366 2480 
12423 743 750 940 2163 
12424 830 1025 1123 1998 
12425 1438 1900 1471 2642 
12426 1593 2051 1183 2623 
12427 415 511 2159 2621 
12428 1031 872 1030 1824 
12429 170 171 298 2312 
12430 1282 1974 1614 2390 
12431 1373 1758 1392 1978 
12432 1479 1375 2081 2160 
12433 1166 2355 1239 2626 
12434 1501 2034 1442 2225 
12435 2204 2337 1687 2531 
12436 821 1059 820 2189 
12437 1656 1779 2307 2437 
12438 746 1006 110 2452 
12439 1757 1784 1248 2565 
12440 1237 1920 1457 2473 
12441 685 623 2236 2501 
12442 1301 2072 1614 2222 
12443 1412 2050 1930 2533 
12444 1071 941 1059 2189 
12445 129 77 289 2295 
12446 1960 2523 1558 2656 
12447 1269 1456 1925 2507 
12448 1374 2079 1998 2629 
12449 1380 2444 2383 2562 
12450 928 2402 1039 2441 
12451 387 507 472 2374 
12452 1867 2541 9 2639 
12453 1182 2165 1927 2552 
12454 623 624 2236 2501 
12455 1438 2019 1900 2459 
12456 1355 1422 2001 2549 
12457 1240 2099 1650 2212 
12458 1829 2007 1292 2305 
12459 1284 1545 1387 2660 
12460 1087 892 1748 2537 
12461 2051 2146 1183 2623 
12462 1147 1908 1850 2359 
12463 1190 2641 1750 2655 
12464 881 864 1088 2199 
12465 1475 2026 1236 2302 
12466 428 431 479 2159 
12467 605 660 2310 2512 
12468 1100 947 1086 2496 
12469 1568 1912 2498 2655 
12470 1404 1577 1264 2478 
12471 1363 2138 1388 2517 
12472 1795 1289 2295 2662 
12473 249 247 248 1930 
12474 1557 1246 1747 2308 
12475 1960 2355 1208 2523 
12476 1525 1994 1329 2155 
12477 614 615 630 1877 
12478 708 1787 1741 2584 
12479 559 643 682 2659 
12480 1730 1986 76 2149 
12481 146 279 21 2465 
12482 665 720 718 2294 
12483 1366 2031 1644 2480 
12484 1244 1837 1342 2145 
12485 564 2149 76 2584 
12486 1137 1660 2125 2168 
12487 892 891 1923 2537 
12488 2227 2527 1370 2585 
12489 1085 936 1063 2477 
12490 2135 2532 2066 2663 
12491 667 678 2133 2657 
12492 1639 1246 1865 2308 
12493 1668 1759 1415 2426 
12494 765 989 987 1826 
12495 1703 1391 1981 2162 
12496 2012 2497 1334 2577 
12497 830 831 829 1838 
12498 39 2497 1513 2576 
12499 1199 1991 2522 2642 
12500 756 765 766 1983 
12501 1171 1408 2220 2349 
12502 2 56 2289 2693 
12503 45 44 2150 2241 
12504 1420 2340 1729 2510 
12505 885 946 856 2557 
12506 1129 1790 2357 2379 
12507 397 398 399 2011 
12508 323 251 254 2340 
12509 285 23 147 2460 
12510 1377 2409 1714 2481 
12511 1618 2500 1741 2606 
12512 242 240 128 2331 
12513 1327 1602 1996 2545 
12514 362 1562 2253 2338 
12515 433 1731 2538 2539 
12516 398 401 400 2376 
12517 1771 2071 1724 2502 
12518 413 414 412 2387 
12519 412 405 411 2387 
12520 298 125 97 2312 
12521 986 944 1827 2696 
12522 1535 1679 1534 2064 
12523 1754 2592 2209 2593 
12524 916 914 915 2183 
12525 1353 1754 2044 2593 
12526 1451 2440 1372 2666 
12527 71 1897 1573 2549 
12528 1241 1854 2222 2662 
12529 1152 1650 2099 2212 
12530 1380 1784 2444 2562 
12531 1549 1519 2571 2698 
12532 1915 1976 1365 2417 
12533 90 91 1643 2476 
12534 1109 987 1702 1827 
12535 1474 1684 1231 2299 
12536 1478 1576 1326 2257 
12537 1394 1847 1537 2245 
12538 301 2223 2050 2390 
12539 1430 2122 2020 2458 
12540 826 1838 829 2561 
12541 1753 2387 1413 2580 
12542 1737 2140 1435 2159 
12543 1048 1045 893 1770 
12544 1768 2318 1207 2329 
12545 2176 2422 1824 2503 
12546 1177 2138 1762 2256 
12547 893 883 894 1899 
12548 471 401 508 2376 
12549 563 721 687 2031 
12550 1701 1761 1321 2388 
12551 418 1753 414 2703 
12552 1005 979 1743 2588 
12553 849 1776 2173 2495 
12554 768 2270 1065 2594 
12555 2103 2572 1285 2573 
12556 771 1065 2427 2594 
12557 849 807 1776 2495 
12558 1432 1231 1684 2299 
12559 78 1523 2436 2510 
12560 1243 1295 2039 2615 
12561 1967 2429 1378 2504 
12562 1444 1670 1620 2022 
12563 1885 2355 1960 2523 
12564 27 28 365 1873 
12565 1565 1772 1287 2598 
12566 101 2 356 2224 
12567 215 210 2227 2527 
12568 1239 2523 1885 2656 
12569 1528 1392 2059 2618 
12570 1653 1461 2337 2597 
12571 1194 2305 1370 2687 
12572 1525 1941 1329 1994 
12573 121 310 275 2246 
12574 1641 2336 1778 2474 
12575 1566 2045 1340 2100 
12576 1855 2091 1235 2179 
12577 771 770 768 2594 
12578 133 323 325 2630 
12579 1323 1692 1691 2674 
12580 1701 1995 1326 2171 
12581 969 2170 971 2677 
12582 1343 1973 1789 2559 
12583 1468 2291 1871 2606 
12584 1269 1881 1456 2507 
12585 1408 2102 1891 2329 
12586 1334 1704 1699 2577 
12587 99 156 98 2386 
12588 1189 1777 2399 2678 
12589 846 1070 840 2158 
12590 1202 1900 1438 2642 
12591 986 2605 916 2696 
12592 1572 2273 2095 2700 
12593 1270 1553 2416 2445 
12594 2277 2299 1474 2699 
12595 1532 2175 1710 2645 
12596 1496 1907 1350 2657 
12597 1610 2102 1891 2663 
12598 2209 2592 1416 2593 
12599 1422 1355 2001 2112 
12600 808 809 805 2653 
12601 811 1776 807 2668 
12602 1249 1543 1884 2134 
12603 1193 1273 2252 2256 
12604 1176 2087 1281 2462 
12605 1368 2301 1810 2361 
12606 1297 2446 1743 2588 
12607 1429 2013 1857 2454 
12608 1189 1777 2336 2399 
12609 522 379 33 2398 
12610 658 637 693 2606 
12611 1052 1084 873 1936 
12612 1134 2057 2391 2694 
12613 1002 998 1062 1804 
12614 138 92 353 2182 
12615 1712 2041 2319 2622 
12616 95 193 363 2482 
12617 714 641 702 2405 
12618 1245 1542 2498 2648 
12619 1033 789 788 2174 
12620 1829 1831 1194 2305 
12621 1523 2295 1930 2510 
12622 1345 1193 2354 2517 
12623 896 895 935 2247 
12624 24 1950 518 2674 
12625 1392 1948 1250 2313 
12626 741 2276 1907 2657 
12627 381 2147 42 2239 
12628 1148 2009 1872 2141 
12629 1793 1992 1308 2411 
12630 431 415 511 2159 
12631 1709 2194 1279 2567 
12632 95 94 740 2596 
12633 926 938 1072 1909 
12634 278 76 129 2295 
12635 1477 1632 2353 2694 
12636 343 91 138 2182 
12637 1464 2407 2097 2553 
12638 252 2223 303 2533 
12639 234 232 1792 2600 
12640 1257 1472 2010 2543 
12641 1021 1027 822 1841 
12642 1639 2308 2303 2614 
12643 948 1054 1066 2348 
12644 1020 818 804 1755 
12645 1740 2062 1247 2402 
12646 490 2563 1997 2675 
12647 1341 2039 1295 2615 
12648 1331 2017 1813 2646 
12649 1193 1388 2138 2517 
12650 816 1021 817 1801 
12651 1355 2112 1205 2152 
12652 1301 2184 1843 2242 
12653 1341 1964 1848 2506 
12654 314 315 149 2227 
12655 2047 2143 1421 2578 
12656 31 549 374 2229 
12657 2036 2333 1373 2573 
12658 1840 2179 1446 2616 
12659 457 473 389 2346 
12660 154 46 45 1947 
12661 839 837 836 2118 
12662 1799 2325 2127 2595 
12663 1869 2356 1626 2690 
12664 865 875 867 1857 
12665 1460 1834 1719 2659 
12666 163 162 2225 2506 
12667 55 54 1718 2428 
12668 9 296 126 1867 
12669 1102 953 955 1921 
12670 605 604 700 2310 
12671 1220 2121 1783 2313 
12672 1156 2650 1902 2665 
12673 820 1059 951 2189 
12674 867 851 865 1857 
12675 827 842 848 2105 
12676 1403 2530 2062 2649 
12677 2012 2147 1386 2576 
12678 2018 2040 1549 2698 
12679 1494 1675 1319 2172 
12680 142 288 220 2536 
12681 1420 1843 2340 2630 
12682 886 884 848 2348 
12683 1628 2434 2119 2513 
12684 1778 2107 1425 2474 
12685 1487 1726 2069 2547 
12686 1357 1426 2164 2436 
12687 1975 2095 1552 2432 
12688 323 1843 325 2630 
12689 2030 2097 1150 2553 
12690 1197 1783 2450 2610 
12691 1874 2326 1288 2327 
12692 1175 1767 1903 2298 
12693 1199 1812 1322 2114 
12694 1438 1471 1283 2522 
12695 1262 2265 1426 2436 
12696 1246 2356 1626 2508 
12697 279 2465 146 2475 
12698 32 379 549 2398 
12699 1539 2280 1970 2612 
12700 1347 2489 1647 2560 
12701 1202 1438 2522 2642 
12702 250 253 2340 2510 
12703 1919 2108 1702 2588 
12704 1637 1642 1356 2412 
12705 968 976 967 2695 
12706 867 1857 952 1979 
12707 17 1910 18 2251 
12708 1283 1438 1643 2019 
12709 1129 1914 2301 2357 
12710 1459 2416 1765 2619 
12711 2321 2587 1587 2670 
12712 580 579 577 2421 
12713 692 2447 2216 2606 
12714 827 1071 821 2105 
12715 1675 2150 1947 2370 
12716 1168 2123 2046 2267 
12717 849 980 1116 2173 
12718 519 369 22 2263 
12719 1494 2529 1383 2551 
12720 970 924 1076 2170 
12721 874 1094 778 2669 
12722 2094 2316 1817 2514 
12723 1904 2186 1575 2552 
12724 1614 1420 2050 2630 
12725 1687 2363 2204 2531 
12726 1775 1894 1164 2499 
12727 1809 2176 1551 2422 
12728 1451 2450 1783 2610 
12729 301 1617 2223 2390 
12730 451 519 518 2674 
12731 1157 2201 1810 2511 
12732 1041 1095 849 2495 
12733 1438 1471 2522 2642 
12734 1043 812 850 1830 
12735 1743 1270 2416 2542 
12736 217 2227 1808 2585 
12737 2009 2141 1184 2179 
12738 1321 1761 1701 2338 
12739 162 201 2225 2506 
12740 909 2395 2207 2505 
12741 1209 1999 2307 2457 
12742 1460 1905 1637 2676 
12743 1128 2008 2191 2464 
12744 1290 1637 1460 1905 
12745 817 815 816 1801 
12746 935 895 936 1555 
12747 1361 2278 1889 2279 
12748 1245 2498 1568 2648 
12749 370 551 44 2683 
12750 1187 2036 1710 2573 
12751 815 1007 809 2697 
12752 633 2412 1637 2672 
12753 44 43 2551 2683 
12754 2207 2395 1953 2505 
12755 1199 2186 1735 2484 
12756 215 2227 217 2527 
12757 220 142 2536 2704 
12758 904 963 902 1860 
12759 1462 1351 1866 2632 
12760 39 118 40 2507 
12761 1232 1666 1599 2469 
12762 78 270 289 2510 
12763 1338 2100 1938 2132 
12764 414 1753 2580 2703 
12765 2088 2571 1519 2698 
12766 1437 2409 1714 2637 
12767 1169 2616 1968 2625 
12768 1906 2273 1572 2589 
12769 1292 1727 1630 2344 
12770 1167 2217 2123 2222 
12771 1739 2227 210 2527 
12772 1209 1491 1901 2349 
12773 1177 1733 1655 2684 
12774 449 450 451 2485 
12775 73 708 74 1787 
12776 1208 2355 1584 2523 
12777 1863 2368 1168 2686 
12778 1135 2043 2336 2399 
12779 1450 2235 1715 2439 
12780 1358 2068 1553 2193 
12781 396 490 392 1997 
12782 449 438 435 2485 
12783 957 2534 955 2542 
12784 1350 1907 1644 2275 
12785 627 2002 624 2501 
12786 92 732 717 1918 
12787 1241 2123 2217 2222 
12788 1018 889 863 2300 
12789 1383 1675 1494 2150 
12790 488 433 404 2539 
12791 399 404 402 2539 
12792 1262 1339 1730 2215 
12793 1341 2225 1964 2506 
12794 921 791 794 2283 
12795 1510 1859 1848 2428 
12796 1008 872 1080 2156 
12797 1484 1188 2209 2437 
12798 712 2049 1679 2679 
12799 1282 1617 1974 2390 
12800 1510 1848 1295 2615 
12801 1197 2313 1887 2450 
12802 2079 2407 1911 2628 
12803 499 540 500 2433 
12804 1021 946 1027 1841 
12805 508 398 395 2376 
12806 1638 1890 1414 2467 
12807 1238 1942 1838 2561 
12808 1646 1952 1375 2160 
12809 1217 2383 1846 2423 
12810 52 322 51 1859 
12811 913 1075 1010 2183 
12812 605 2310 700 2512 
12813 626 2659 619 2676 
12814 1240 1464 2407 2628 
12815 1942 2441 1669 2624 
12816 1229 2352 1517 2487 
12817 1164 1912 2389 2655 
12818 1028 968 967 2695 
12819 2193 2416 1358 2534 
12820 465 463 464 1952 
12821 1618 1468 2500 2606 
12822 1657 1331 2017 2365 
12823 1595 2223 1412 2533 
12824 399 400 488 2539 
12825 108 107 2326 2327 
12826 760 966 965 2234 
12827 55 349 54 2428 
12828 829 2441 1056 2561 
12829 434 410 433 2538 
12830 1220 1948 1392 2313 
12831 1372 2337 1461 2597 
12832 1649 2388 1178 2389 
12833 567 710 60 1865 
12834 1637 1905 1642 2412 
12835 433 482 435 2538 
12836 677 593 622 2439 
12837 588 591 593 2439 
12838 1858 2018 1183 2701 
12839 1053 921 794 2283 
12840 1128 2191 1789 2464 
12841 1546 2364 2519 2663 
12842 1393 1725 1591 2206 
12843 94 2143 1924 2482 
12844 529 531 476 2577 
12845 1156 1932 2650 2665 
12846 777 1984 776 2669 
12847 1049 978 930 1975 
12848 1499 1791 1720 2625 
12849 2048 2511 1508 2631 
12850 1262 2267 2265 2436 
12851 89 2019 88 2397 
12852 1637 625 2672 2676 
12853 1017 897 1979 2583 
12854 235 123 236 2607 
12855 543 2012 40 2576 
12856 2240 2260 1279 2404 
12857 911 912 878 1726 
12858 1136 2186 1904 2552 
12859 1231 1432 2089 2299 
12860 788 790 800 2157 
12861 633 679 695 2412 
12862 234 233 232 2600 
12863 1292 2305 1194 2687 
12864 1057 2427 874 2669 
12865 1232 1599 1479 2469 
12866 1333 1994 1525 2155 
12867 349 1964 202 2428 
12868 1391 1703 1981 2550 
12869 1622 1274 1820 2438 
12870 1366 1928 1402 2031 
12871 1609 2381 2014 2382 
12872 1890 2229 1387 2398 
12873 2 1859 2224 2289 
12874 1222 1837 1445 2380 
12875 1333 1910 1525 1994 
12876 804 805 803 1895 
12877 589 588 677 2439 
12878 779 777 778 2669 
12879 1571 2066 2205 2286 
12880 1643 2315 1308 2411 
12881 282 269 285 2460 
12882 1849 2394 1405 2488 
12883 1159 1948 1831 2569 
12884 85 2334 1592 2438 
12885 1393 2421 2206 2581 
12886 1136 1811 2195 2381 
12887 10 2541 1646 2617 
12888 1236 2026 1475 2089 
12889 1244 1342 1926 2145 
12890 695 1637 2412 2676 
12891 270 1729 253 2510 
12892 647 1847 642 2581 
12893 580 696 695 2412 
12894 1705 2498 1750 2641 
12895 1124 1530 779 2627 
12896 1219 2132 2100 2521 
12897 581 580 679 2412 
12898 737 722 655 1836 
12899 1191 2232 1369 2572 
12900 211 206 280 2038 
12901 1143 1710 2175 2645 
12902 444 436 506 2563 
12903 506 391 490 2563 
12904 490 505 444 2563 
12905 852 816 814 2547 
12906 1762 2000 1145 2116 
12907 774 1058 1082 1694 
12908 372 40 543 2012 
12909 301 302 26 2390 
12910 976 1105 938 2418 
12911 1022 791 921 2283 
12912 62 309 149 2303 
12913 551 381 43 2683 
12914 575 577 578 2421 
12915 1259 1633 1357 2237 
12916 1080 872 1031 2156 
12917 1572 2163 2589 2700 
12918 1352 1580 2564 2568 
12919 883 895 894 1899 
12920 1389 1532 2175 2203 
12921 234 237 273 2600 
12922 1772 2297 1431 2563 
12923 2172 2526 178 2578 
12924 1379 1696 2335 2675 
12925 18 265 140 1910 
12926 1117 901 964 2247 
12927 1656 2132 1219 2521 
12928 784 2341 782 2528 
12929 1161 2098 1507 2153 
12930 1603 2177 1794 2203 
12931 964 935 2041 2247 
12932 2039 2090 1210 2511 
12933 1961 2255 1286 2349 
12934 938 1105 1072 1909 
12935 674 628 675 1907 
12936 1019 1069 1091 2589 
12937 1437 1714 2409 2481 
12938 1345 2354 1505 2517 
12939 960 1921 955 2534 
12940 1459 2416 2193 2534 
12941 1812 1991 1178 2553 
12942 1475 2224 1619 2302 
12943 414 419 420 2580 
12944 412 414 495 2580 
12945 1296 1521 1867 2639 
12946 443 495 420 2580 
12947 692 690 597 2447 
12948 1266 1749 1501 2350 
12949 520 373 7 2320 
12950 1366 1224 2461 2462 
12951 1057 776 2427 2669 
12952 891 888 890 1923 
12953 71 1662 264 2607 
12954 271 261 259 2493 
12955 1519 2431 1137 2432 
12956 1544 1952 1646 2617 
12957 1390 1883 2419 2525 
12958 469 369 550 2516 
12959 602 603 607 2480 
12960 22 2263 1692 2674 
12961 1194 2560 1347 2687 
12962 1292 1370 2305 2687 
12963 1412 1795 1930 2662 
12964 999 869 1089 2330 
12965 149 1808 2227 2303 
12966 1413 1284 1753 2520 
12967 788 786 790 1667 
12968 1160 2028 1768 2377 
12969 578 579 662 2421 
12970 1741 2500 1468 2606 
12971 2002 2149 703 2584 
12972 1109 987 989 1702 
12973 103 965 990 1686 
12974 1349 2307 1779 2437 
12975 690 2447 692 2606 
12976 693 692 639 2606 
12977 917 945 943 1799 
12978 1064 1067 2015 2636 
12979 1588 1173 2272 2556 
12980 1866 2602 1462 2632 
12981 1533 1462 2117 2673 
12982 1259 1357 1418 2633 
12983 589 590 587 2455 
12984 1080 934 1008 2156 
12985 1331 1813 2057 2391 
12986 175 2047 193 2667 
12987 957 958 1034 2534 
12988 1387 2229 1896 2398 
12989 1614 1301 1843 2242 
12990 1595 1670 1480 2460 
12991 1093 1108 1038 2111 
12992 887 1108 1077 1958 
12993 1412 1795 1595 2533 
12994 1894 1164 2030 2389 
12995 1763 2021 1601 2369 
12996 61 1865 710 2308 
12997 1130 2532 2135 2663 
12998 1077 921 1053 2283 
12999 690 598 595 2447 
13000 694 691 1782 2672 
13001 1153 1800 1714 2626 
13002 1849 2139 1361 2213 
13003 1233 2181 1320 2461 
13004 74 75 1636 1986 
13005 1321 1406 1701 2388 
13006 660 697 590 2455 
13007 434 435 438 2538 
13008 2301 2379 1507 2678 
13009 1038 891 950 2111 
13010 154 333 326 2370 
13011 1648 1739 1370 2560 
13012 1153 2180 2424 2559 
13013 1387 1898 1284 2660 
13014 632 1782 691 2661 
13015 626 643 619 2659 
13016 1483 2252 1439 2449 
13017 73 1787 1788 1897 
13018 1240 2407 2079 2628 
13019 1455 2080 2176 2503 
13020 1808 2246 217 2585 
13021 1134 2205 1828 2286 
13022 42 43 2239 2551 
13023 27 302 133 2390 
13024 65 1849 2139 2278 
13025 1818 2353 1632 2694 
13026 2272 2546 1588 2556 
13027 1427 2168 1892 2591 
13028 619 615 616 2324 
13029 595 589 597 2447 
13030 1295 2224 1859 2289 
13031 667 675 678 2657 
13032 1544 1312 1937 2658 
13033 270 253 250 2510 
13034 73 1788 1787 1986 
13035 1184 2037 1864 2271 
13036 515 1707 2147 2683 
13037 1680 1219 2100 2521 
13038 1626 2690 2356 2691 
13039 829 826 830 1838 
13040 1516 2593 2270 2594 
13041 1651 2224 1475 2302 
13042 732 666 1918 2443 
13043 354 186 1881 2463 
13044 1331 1813 2391 2646 
13045 1249 2271 2037 2272 
13046 1675 2047 1319 2172 
13047 1158 2124 1673 2286 
13048 1692 1323 2544 2674 
13049 1064 1001 1113 2015 
13050 921 1023 1022 2283 
13051 1706 1437 2481 2637 
13052 1973 1343 2424 2559 
13053 927 974 937 2192 
13054 2066 2135 1325 2532 
13055 898 999 997 1581 
13056 1360 1845 1480 2475 
13057 1274 2266 1628 2434 
13058 924 922 1076 2518 
13059 174 172 2370 2667 
13060 1338 2231 1766 2468 
13061 1567 2249 1609 2381 
13062 1643 2285 1308 2315 
13063 458 460 459 1937 
13064 1457 2056 1456 2060 
13065 143 1494 2150 2551 
13066 1274 1820 1677 2266 
13067 1102 955 960 1921 
13068 1839 1401 2371 2491 
13069 2246 2585 1630 2704 
13070 1793 2315 1438 2411 
13071 116 1109 115 1702 
13072 1497 1769 1458 2086 
13073 929 939 1039 1740 
13074 1279 2129 2004 2640 
13075 1937 2320 1544 2658 
13076 4 1572 1115 2589 
13077 1643 1438 2315 2411 
13078 1690 1140 2210 2643 
13079 1293 1535 1518 2279 
13080 606 688 685 1928 
13081 1396 1724 2259 2371 
13082 1302 2176 2080 2664 
13083 1194 2092 1347 2489 
13084 1422 2001 1871 2112 
13085 1393 1807 2421 2581 
13086 257 255 277 2490 
13087 1441 2084 1630 2536 
13088 1176 1681 1281 2087 
13089 1246 2356 2093 2572 
13090 2054 2059 1527 2635 
13091 1181 1863 1260 2318 
13092 1230 1432 1475 2089 
13093 892 1087 1748 2695 
13094 1839 1396 2474 2491 
13095 318 1925 344 2647 
13096 891 890 892 1923 
13097 725 563 687 2031 
13098 1289 1854 2662 2692 
13099 1753 2520 1463 2580 
13100 413 2387 417 2703 
13101 1136 1811 1882 2195 
13102 1186 1309 2045 2631 
13103 1571 2057 1325 2366 
13104 1262 1730 1357 2215 
13105 1850 1908 1382 2359 
13106 564 742 703 2584 
13107 1482 1946 1715 2466 
13108 1692 1864 1249 2271 
13109 943 945 977 1799 
13110 1178 2388 2030 2389 
13111 1093 950 1074 2250 
13112 245 303 269 2533 
13113 381 2239 43 2683 
13114 1401 2094 1817 2514 
13115 1164 2498 1750 2574 
13116 1413 2131 1594 2387 
13117 1434 2047 1684 2482 
13118 1864 1875 1249 2037 
13119 822 827 821 2208 
13120 1389 2203 2175 2383 
13121 1272 1591 1725 1802 
13122 164 1749 167 2506 
13123 771 2248 770 2594 
13124 1342 1203 1926 2145 
13125 881 1042 865 2013 
13126 930 1975 931 2062 
13127 779 1124 777 1530 
13128 1331 2057 2365 2366 
13129 71 713 72 1897 
13130 1164 1912 2030 2389 
13131 1150 1586 1967 2429 
13132 1368 2357 2301 2361 
13133 1697 1779 1349 2307 
13134 1181 2022 1444 2471 
13135 1335 1480 2142 2460 
13136 1300 1871 1468 2112 
13137 1179 1889 1361 2478 
13138 268 263 127 1971 
13139 1912 2130 1568 2498 
13140 616 625 2324 2672 
13141 1953 2395 1506 2505 
13142 1197 1783 2313 2450 
13143 1255 1478 1944 2257 
13144 1739 2054 1527 2635 
13145 1157 1825 2090 2511 
13146 1219 1340 2100 2132 
13147 1219 1647 1340 2132 
13148 939 2062 1041 2173 
13149 1352 2564 1822 2568 
13150 251 2340 323 2630 
13151 1148 1745 1716 2680 
13152 571 2294 2010 2657 
13153 1340 1521 2065 2541 
13154 1843 323 2340 2630 
13155 1508 2631 2098 2640 
13156 1339 1294 2292 2568 
13157 266 272 239 2475 
13158 1153 1603 2180 2559 
13159 1107 855 1007 2697 
13160 1965 2437 1353 2592 
13161 305 150 33 1995 
13162 1743 2416 1459 2542 
13163 450 435 482 2485 
13164 1553 2193 1765 2416 
13165 1154 2046 2123 2217 
13166 2004 2129 1508 2640 
13167 1327 1996 1624 2545 
13168 1363 1388 1833 1918 
13169 100 169 99 2386 
13170 801 806 807 2668 
13171 1019 919 1018 2300 
13172 1210 2090 2039 2615 
13173 12 288 13 2536 
13174 951 1059 923 2189 
13175 1295 1619 2224 2302 
13176 852 2284 911 2547 
13177 492 441 535 2426 
13178 1146 2162 1981 2509 
13179 1659 1183 2018 2701 
13180 210 214 1739 2527 
13181 998 1002 762 2404 
13182 1813 2169 1538 2646 
13183 1229 1858 2074 2259 
13184 1426 2166 2164 2436 
13185 1356 1482 1946 2078 
13186 1633 1928 1402 2237 
13187 1341 1442 1964 2225 
13188 1811 1926 1203 1927 
13189 1646 2065 1544 2617 
13190 162 166 201 2506 
13191 100 702 101 1802 
13192 1493 1424 2184 2490 
13193 2069 2284 1541 2547 
13194 1210 2039 1341 2615 
13195 1409 2037 1875 2414 
13196 67 328 313 2394 
13197 1938 2100 1338 2231 
13198 1460 1833 1834 2659 
13199 1431 1997 1379 2598 
13200 40 1925 2458 2576 
13201 149 2227 2054 2303 
13202 1480 1845 2465 2475 
13203 2215 2564 1580 2568 
13204 42 2020 2122 2458 
13205 1292 1727 1518 2246 
13206 1221 1744 2099 2454 
13207 1202 1438 1904 2522 
13208 1185 1822 2564 2568 
13209 1443 2241 1947 2380 
13210 1811 2060 1882 2195 
13211 1879 2608 1531 2652 
13212 859 866 825 2369 
13213 1630 2246 1292 2687 
13214 188 1900 187 2459 
13215 580 1642 2412 2421 
13216 483 484 516 1896 
13217 107 1068 108 2326 
13218 504 450 503 2016 
13219 1912 1178 2030 2389 
13220 1191 1369 2103 2572 
13221 69 716 70 2549 
13222 1165 2684 2128 2685 
13223 691 2661 1782 2672 
13224 1357 1633 1402 2237 
13225 1317 1972 1868 2038 
13226 1300 1422 1871 2112 
13227 878 2547 1726 2557 
13228 1253 2515 2413 2535 
13229 219 217 2246 2585 
13230 1799 2127 1304 2595 
13231 646 645 578 2581 
13232 1777 1189 2336 2678 
13233 2009 2023 1734 2414 
13234 1789 1973 1344 2559 
13235 2324 2672 625 2676 
13236 1808 2227 1370 2585 
13237 1614 2072 1282 2222 
13238 371 1969 1666 2702 
13239 1431 2563 1997 2598 
13240 675 741 1907 2657 
13241 284 299 209 2635 
13242 1567 2296 1470 2382 
13243 1193 2252 1345 2354 
13244 1433 2233 1661 2263 
13245 1002 758 112 2260 
13246 605 659 660 2512 
13247 697 584 587 2455 
13248 176 175 174 2667 
13249 1161 2214 1765 2619 
13250 1404 1441 2084 2344 
13251 1305 2070 1951 2469 
13252 1230 1475 2026 2089 
13253 1782 2661 1585 2672 
13254 146 1845 20 2448 
13255 131 284 205 2635 
13256 1534 1558 1355 2488 
13257 254 255 256 2490 
13258 1613 1949 1486 2396 
13259 1266 1502 1749 2350 
13260 1483 1204 2449 2524 
13261 721 80 736 2166 
13262 1172 1961 2406 2415 
13263 1292 2007 1829 2420 
13264 804 803 802 1895 
13265 1018 919 889 2300 
13266 1151 1976 2058 2486 
13267 1973 2192 1694 2304 
13268 2045 2610 1186 2631 
13269 221 1727 2213 2704 
13270 1562 2253 2056 2463 
13271 1299 1665 1836 2679 
13272 418 414 413 2703 
13273 1222 1445 1977 2380 
13274 1558 2029 1419 2549 
13275 1470 1927 1641 2165 
13276 1054 851 867 1857 
13277 1110 1048 1047 1861 
13278 759 2041 1101 2319 
13279 103 750 743 1757 
13280 684 632 609 2661 
13281 1486 2528 2341 2604 
13282 1509 2193 1790 2379 
13283 1243 1718 1510 2615 
13284 632 691 611 2661 
13285 609 611 610 2661 
13286 1502 2370 2312 2667 
13287 1567 2381 1609 2382 
13288 1393 2206 1847 2581 
13289 220 2536 1630 2704 
13290 302 252 320 2050 
13291 370 45 530 2603 
13292 1321 1562 1406 2579 
13293 2090 2511 1825 2631 
13294 1032 1031 1824 2495 
13295 619 2659 2324 2676 
13296 1416 2209 1754 2644 
13297 837 840 1070 2118 
13298 1257 1496 2010 2294 
13299 695 631 625 2676 
13300 1435 2469 1479 2620 
13301 6 373 537 2320 
13302 302 133 2390 2630 
13303 407 415 409 2621 
13304 1748 1437 2537 2637 
13305 1573 1885 1294 1960 
13306 936 1085 1003 2622 
13307 180 181 179 1992 
13308 1984 2427 776 2669 
13309 883 882 1063 2477 
13310 773 776 775 1984 
13311 1078 973 876 2154 
13312 548 466 533 2160 
13313 1545 2229 1387 2660 
13314 973 970 1104 2154 
13315 1286 1917 1543 2134 
13316 1126 993 3 2587 
13317 1549 2571 2088 2698 
13318 1692 2142 1543 2167 
13319 178 177 176 2172 
13320 114 745 113 1623 
13321 1928 1929 606 2480 
13322 1819 1971 1592 2438 
13323 568 711 84 2275 
13324 805 804 808 2653 
13325 1158 2102 1640 2329 
13326 869 857 1026 2113 
13327 1726 2547 1487 2557 
13328 858 1044 846 2158 
13329 1230 1619 1432 2350 
13330 1515 1546 2364 2519 
13331 519 2263 22 2674 
13332 949 1100 1123 1998 
13333 471 416 407 2621 
13334 2080 2176 1551 2664 
13335 1405 1534 2488 2523 
13336 1055 939 980 2115 
13337 2111 1437 2537 2627 
13338 1933 2602 1 2673 
13339 1421 1319 2047 2172 
13340 1558 1960 1208 2523 
13341 934 932 982 2649 
13342 12 13 1963 2536 
13343 228 328 335 2394 
13344 1110 1047 838 1861 
13345 992 1060 959 2075 
13346 252 303 247 2533 
13347 1567 1609 1221 2382 
13348 1642 2078 1356 2412 
13349 553 518 375 1950 
13350 42 2122 2020 2551 
13351 1309 2413 2090 2631 
13352 1905 2659 635 2676 
13353 1704 1334 2497 2577 
13354 626 635 2659 2676 
13355 630 666 664 2443 
13356 1778 2456 1641 2474 
13357 557 741 715 2276 
13358 613 691 616 2672 
13359 889 919 906 2375 
13360 1792 2161 1500 2600 
13361 1745 2218 2453 2680 
13362 619 2324 625 2676 
13363 909 2207 908 2505 
13364 1212 2237 1652 2633 
13365 616 633 625 2672 
13366 694 633 691 2672 
13367 1241 2123 2046 2217 
13368 1900 1562 2338 2642 
13369 1210 2515 2090 2615 
13370 954 953 875 1856 
13371 1513 1334 2012 2497 
13372 1146 2230 1938 2231 
13373 1474 2277 1684 2299 
13374 316 2020 1494 2551 
13375 1724 2074 1858 2259 
13376 1591 1802 1651 2693 
13377 334 2120 1489 2400 
13378 1228 1505 1345 2354 
13379 1197 2121 1317 2313 
13380 1854 2187 2123 2222 
13381 1204 2252 1474 2524 
13382 1366 1402 1928 2237 
13383 1817 2371 1401 2514 
13384 1522 2304 1953 2395 
13385 1900 2338 2120 2642 
13386 1407 2107 2106 2373 
13387 563 81 721 2166 
13388 950 2537 962 2627 
13389 1257 2146 1472 2543 
13390 813 980 811 2115 
13391 146 21 1845 2465 
13392 1258 2044 2258 2601 
13393 921 1077 1023 2283 
13394 436 2297 1772 2563 
13395 1748 1437 2077 2537 
13396 1513 1456 2497 2507 
13397 1300 1787 1741 1897 
13398 498 500 532 2433 
13399 1262 1523 1730 2267 
13400 919 1091 1119 1797 
13401 1640 2102 1408 2329 
13402 1265 2608 1879 2652 
13403 1453 2264 1953 2666 
13404 1191 2356 2093 2645 
13405 50 49 157 2360 
13406 23 1692 2544 2674 
13407 4 760 102 1572 
13408 222 221 223 2704 
13409 651 652 650 2033 
13410 74 1986 1787 2584 
13411 299 2059 2054 2635 
13412 95 740 1834 2596 
13413 1466 1747 1639 2614 
13414 841 1017 847 2494 
13415 1430 2526 1992 2647 
13416 690 692 637 2606 
13417 623 627 624 2501 
13418 1723 2291 1468 2447 
13419 1331 2365 1657 2366 
13420 1064 2477 882 2636 
13421 1328 1886 2273 2700 
13422 1130 1610 1891 2663 
13423 1639 1747 1246 2308 
13424 177 2047 176 2172 
13425 1563 1744 2261 2359 
13426 1656 2307 1484 2437 
13427 1212 1357 1402 2237 
13428 1008 880 860 1879 
13429 1229 1858 2259 2487 
13430 851 1054 848 2348 
13431 1892 2125 1660 2168 
13432 1181 1768 1254 2377 
13433 1928 2031 1366 2480 
13434 1380 2383 2203 2562 
13435 210 215 214 2527 
13436 1189 1837 2380 2529 
13437 466 1962 533 2160 
13438 1202 1456 2056 2060 
13439 40 1925 318 2458 
13440 1181 1760 1863 2318 
13441 257 258 256 2490 
13442 2498 2641 1568 2655 
13443 1292 2246 1808 2687 
13444 1891 2102 1546 2663 
13445 219 221 220 2704 
13446 1471 1900 1438 2019 
13447 1385 1618 1468 2500 
13448 1630 2536 2084 2704 
13449 1172 2406 1875 2415 
13450 849 807 811 1776 
13451 1573 1960 1294 2471 
13452 1151 1608 1922 2373 
13453 1719 2277 1417 2699 
13454 316 42 141 2020 
13455 1649 2654 2389 2655 
13456 1478 1326 1944 2257 
13457 23 2544 24 2674 
13458 1889 2355 1239 2523 
13459 2078 2362 1356 2412 
13460 919 1119 906 1797 
13461 979 758 1034 2260 
13462 1219 1347 2092 2489 
13463 1074 779 2250 2627 
13464 1643 2182 343 2411 
13465 58 203 57 2076 
13466 631 1905 635 2676 
13467 986 916 944 2696 
13468 1301 1275 1615 2072 
13469 1337 1426 1677 2266 
13470 2099 2212 1695 2634 
13471 1010 1075 1090 1935 
13472 878 852 911 2547 
13473 685 634 623 2501 
13474 209 299 315 2054 
13475 1344 2180 1748 2695 
13476 1726 2284 2069 2547 
13477 413 411 417 2387 
13478 619 625 626 2676 
13479 1822 2003 1671 2564 
13480 1353 2592 1754 2593 
13481 1649 1326 2389 2654 
13482 1558 2523 1534 2656 
13483 215 217 216 2527 
13484 1087 942 892 2537 
13485 923 1059 941 2189 
13486 1068 757 108 1874 
13487 1727 1361 2139 2213 
13488 1992 2526 180 2647 
13489 1845 146 2465 2475 
13490 918 2325 1013 2595 
13491 1192 1775 1916 2217 
13492 44 143 306 2150 
13493 827 822 842 2105 
13494 1300 1418 1787 2292 
13495 1199 1991 2186 2522 
13496 90 1600 91 2476 
13497 119 68 69 2029 
13498 1388 2196 1924 2596 
13499 1659 1257 2116 2146 
13500 232 2161 1792 2600 
13501 1399 1556 2351 2408 
13502 7 276 155 2401 
13503 1404 2213 1577 2478 
13504 1758 2224 2289 2693 
13505 626 635 682 2659 
13506 1600 90 2294 2476 
13507 984 1114 985 2042 
13508 2017 2435 1302 2513 
13509 776 777 775 1984 
13510 279 146 272 2475 
13511 1405 1889 1534 2523 
13512 311 64 65 2139 
13513 260 258 259 2493 
13514 2066 2532 1634 2663 
13515 747 986 1827 2605 
13516 1528 1527 2054 2059 
13517 1352 2003 1822 2564 
13518 289 250 248 2510 
13519 2004 2098 1161 2619 
13520 174 173 172 2667 
13521 1768 2028 1254 2377 
13522 42 2239 2122 2551 
13523 1483 1922 1367 2472 
13524 1459 2193 2416 2619 
13525 219 218 217 2585 
13526 308 2047 177 2578 
13527 1392 1528 1250 2618 
13528 1292 1518 1808 2246 
13529 1219 1647 1347 2489 
13530 965 964 990 2041 
13531 1762 2138 1193 2256 
13532 1889 2278 1534 2279 
13533 2032 2598 1226 2599 
13534 856 2547 878 2557 
13535 1254 1662 1444 2471 
13536 1921 1358 2416 2534 
13537 510 376 542 1954 
13538 733 567 709 2245 
13539 1219 1348 1647 2132 
13540 1344 2192 1973 2304 
13541 806 2384 1015 2668 
13542 1279 2260 1804 2404 
13543 2175 2203 1380 2383 
13544 1536 2567 1983 2601 
13545 1209 1999 1697 2307 
13546 2351 2408 1538 2682 
13547 1405 2029 1558 2488 
13548 865 864 881 2013 
13549 1972 2038 1527 2635 
13550 1241 2217 2046 2265 
13551 1181 2022 1768 2318 
13552 1323 1691 1950 2674 
13553 2043 2529 1319 2611 
13554 1634 1828 2205 2286 
13555 1067 1000 1001 2015 
13556 1427 2444 2423 2591 
13557 1178 1882 1991 2579 
13558 138 343 2182 2411 
13559 1378 2429 1967 2434 
13560 1829 2305 1292 2420 
13561 1023 1118 1024 1988 
13562 1369 1847 1591 2226 
13563 131 205 204 1972 
13564 768 1065 771 2594 
13565 1131 2358 1676 2681 
13566 1445 2122 1342 2239 
13567 221 2246 1727 2704 
13568 1442 2034 1533 2360 
13569 1491 2255 1901 2349 
13570 1620 1662 1254 2607 
13571 817 821 820 2208 
13572 1069 2163 1091 2589 
13573 102 743 1115 1572 
13574 23 1692 2142 2544 
13575 961 2330 1111 2534 
13576 1793 1308 2315 2411 
13577 1705 2498 1542 2574 
13578 1468 2447 2291 2606 
13579 1192 2266 1820 2434 
13580 1388 2196 1918 2517 
13581 951 969 1107 2170 
13582 92 1918 93 2196 
13583 1430 1925 1269 1926 
13584 524 21 369 2263 
13585 1049 905 903 1943 
13586 1167 2187 2072 2222 
13587 1972 2059 131 2635 
13588 755 749 908 2207 
13589 1454 1718 1243 2615 
13590 1083 904 928 2624 
13591 1231 2089 1474 2299 
13592 1378 2119 2429 2434 
13593 1326 2257 1211 2388 
13594 1604 2180 1344 2695 
13595 1322 1489 1472 2334 
13596 1175 2298 1898 2582 
13597 118 1925 40 2507 
13598 793 2250 781 2479 
13599 133 302 320 2630 
13600 1886 2273 1550 2608 
13601 1181 1444 1863 2471 
13602 138 194 343 2411 
13603 858 871 1044 2197 
13604 1099 949 1025 1998 
13605 1729 2436 1523 2510 
13606 1036 792 920 1835 
13607 260 261 262 2493 
13608 1096 1008 934 1906 
13609 1445 2241 1383 2551 
13610 934 2156 1080 2649 
13611 176 2047 175 2667 
13612 1091 743 940 2163 
13613 1194 2007 1829 2305 
13614 94 363 2143 2482 
13615 1260 1670 1444 2022 
13616 1272 1651 1591 1802 
13617 88 339 139 2400 
13618 1197 1783 2121 2313 
13619 455 540 445 2244 
13620 1747 1836 1557 2308 
13621 1517 2352 2107 2487 
13622 91 1600 1918 2476 
13623 345 294 135 2570 
13624 1544 2451 2320 2617 
13625 1707 2603 1561 2683 
13626 581 582 579 2078 
13627 1080 2156 933 2649 
13628 417 499 498 2433 
13629 443 505 494 2675 
13630 930 931 929 2062 
13631 995 1114 746 2309 
13632 898 868 999 2638 
13633 1858 2074 1724 2502 
13634 1268 1752 2396 2604 
13635 1355 1558 1534 2656 
13636 1372 2008 2464 2597 
13637 1482 1356 1946 2466 
13638 936 1003 1101 2622 
13639 1510 1868 1440 2570 
13640 1534 1679 1535 2278 
13641 2010 2397 88 2400 
13642 1514 2095 1975 2432 
13643 1189 2380 1383 2529 
13644 1245 2525 1705 2682 
13645 2056 2497 1456 2507 
13646 939 1041 1116 2173 
13647 1992 2526 2172 2578 
13648 1833 1363 1918 2443 
13649 1386 2012 1668 2147 
13650 415 416 511 2621 
13651 163 164 162 2506 
13652 1406 2171 1602 2425 
13653 1790 1368 2357 2379 
13654 967 976 938 2695 
13655 1558 1573 1419 1960 
13656 216 283 214 2527 
13657 1551 2176 2080 2503 
13658 1231 2317 2106 2399 
13659 220 222 142 2704 
13660 236 264 238 2607 
13661 9 1867 10 2541 
13662 1241 2265 2046 2267 
13663 1802 2405 1417 2699 
13664 20 1845 21 2167 
13665 1195 2146 1681 2543 
13666 847 1026 845 1893 
13667 931 2062 1975 2649 
13668 1031 1030 1032 1824 
13669 1418 1986 1787 2292 
13670 78 554 79 2164 
13671 1584 2355 1889 2523 
13672 233 273 274 2600 
13673 1389 1597 2590 2591 
13674 1685 2302 2039 2554 
13675 1060 1743 958 2542 
13676 209 207 205 2635 
13677 1230 2026 1475 2302 
13678 965 1117 964 2234 
13679 12 13 1962 1963 
13680 1306 2058 1976 2486 
13681 382 552 526 1959 
13682 1752 2151 1400 2681 
13683 1304 2605 1827 2696 
13684 990 2041 759 2319 
13685 835 1081 838 2094 
13686 1907 2275 1350 2276 
13687 296 9 8 2639 
13688 1996 2398 1624 2545 
13689 1290 1725 1642 1905 
13690 180 2526 1992 2578 
13691 1014 1013 1103 2325 
13692 1220 1317 2121 2313 
13693 1284 1840 1545 2660 
13694 1404 2084 1941 2144 
13695 1868 2570 1510 2671 
13696 1438 1793 1269 2315 
13697 1057 874 776 2669 
13698 350 319 1881 2507 
13699 652 659 657 2512 
13700 1734 2091 1855 2179 
13701 1189 2336 2043 2399 
13702 1159 2191 2008 2597 
13703 862 861 863 1815 
13704 1294 1788 1339 2292 
13705 1523 2267 1241 2662 
13706 1544 2065 1214 2451 
13707 1083 928 1056 2441 
13708 1285 2224 1651 2302 
13709 1662 1788 1573 1897 
13710 528 381 535 2147 
13711 1299 1836 1679 2679 
13712 1050 855 1120 2677 
13713 98 2386 2299 2699 
13714 1379 2335 1997 2675 
13715 1518 1727 1361 2139 
13716 1483 2252 2198 2256 
13717 563 721 2031 2166 
13718 876 2154 1015 2384 
13719 94 93 570 2596 
13720 1182 1308 2285 2315 
13721 60 284 59 2059 
13722 1167 2187 2123 2351 
13723 867 875 952 1857 
13724 971 969 970 2170 
13725 1042 954 1856 2075 
13726 1370 2054 2227 2303 
13727 1825 2045 1309 2631 
13728 1339 1986 1418 2292 
13729 104 750 103 1757 
13730 94 1924 95 2482 
13731 104 748 750 2565 
13732 1603 2203 2383 2562 
13733 1191 2093 2356 2572 
13734 2047 2172 1675 2667 
13735 1335 1966 2142 2544 
13736 2122 2239 1445 2551 
13737 1304 2183 1957 2605 
13738 1713 2311 1635 2410 
13739 1303 2085 1700 2468 
13740 1637 1356 2362 2412 
13741 2387 2580 1753 2703 
13742 759 1101 1003 2319 
13743 1714 2481 1437 2637 
13744 1902 2650 1452 2665 
13745 431 479 2159 2620 
13746 1115 4 102 1572 
13747 707 564 75 2584 
13748 173 175 193 2667 
13749 71 264 123 2607 
13750 1529 1871 1468 2291 
13751 1510 2428 1848 2615 
13752 1205 1355 1422 2112 
13753 834 2094 833 2316 
13754 1318 1689 2021 2628 
13755 1130 2364 2532 2663 
13756 2043 2399 1319 2529 
13757 1011 1010 1090 1935 
13758 1412 1930 1420 2662 
13759 1866 2320 1384 2602 
13760 1202 1562 1900 2642 
13761 1468 1529 1242 2112 
13762 1067 2636 870 2638 
13763 1972 1527 2059 2635 
13764 962 2537 2077 2627 
13765 1039 939 1055 1740 
13766 1026 847 960 2494 
13767 908 909 755 2207 
13768 1136 1904 1811 2552 
13769 1335 2142 1966 2460 
13770 1340 1647 1219 2489 
13771 879 984 1097 2042 
13772 1419 1573 1558 2549 
13773 783 793 781 2479 
13774 818 1075 1051 2284 
13775 1570 2180 1604 2695 
13776 340 2020 141 2526 
13777 1472 2397 2010 2400 
13778 1542 2648 1245 2682 
13779 1290 1642 1637 1905 
13780 1127 2612 1970 2648 
13781 1021 822 817 2208 
13782 1137 2168 2125 2700 
13783 1730 2295 1523 2436 
13784 749 752 108 2327 
13785 1189 1837 2243 2380 
13786 76 730 77 2149 
13787 1370 2585 1648 2687 
13788 1250 1948 1392 2618 
13789 1239 1534 2064 2279 
13790 1727 2139 1518 2246 
13791 95 1834 1924 2596 
13792 1104 1076 850 2518 
13793 1045 1070 1044 2158 
13794 45 2150 1947 2241 
13795 1912 1649 2389 2655 
13796 981 1046 912 2605 
13797 1327 1414 1996 2654 
13798 1455 1672 2384 2668 
13799 1827 2644 1304 2696 
13800 867 952 1066 1979 
13801 1408 2220 1491 2575 
13802 939 1116 980 2173 
13803 1502 2312 1684 2667 
13804 605 700 657 2512 
13805 1064 882 1067 2636 
13806 1784 2306 1604 2418 
13807 1521 1717 1340 2065 
13808 784 783 782 2341 
13809 217 2527 2227 2585 
13810 1350 1257 1496 2010 
13811 810 811 807 2668 
13812 1719 1834 1273 2277 
13813 17 16 1994 2702 
13814 1748 2180 1570 2695 
13815 1400 2427 1984 2669 
13816 1285 2333 1187 2573 
13817 1228 2053 2285 2323 
13818 1320 1880 1644 1907 
13819 556 655 62 2308 
13820 1573 1788 1662 2471 
13821 462 512 474 2086 
13822 245 246 247 2533 
13823 127 263 261 1971 
13824 909 925 910 2395 
13825 1430 1793 1269 1925 
13826 1150 2097 1586 2429 
13827 1159 2569 2191 2597 
13828 840 837 839 2118 
13829 1370 1528 2054 2303 
13830 644 627 634 2501 
13831 1508 2098 2004 2640 
13832 1432 2312 1749 2386 
13833 374 517 536 2229 
13834 104 990 759 2319 
13835 1551 2422 2176 2503 
13836 294 1868 212 2671 
13837 1407 2106 1608 2373 
13838 560 669 668 2049 
13839 1030 872 843 2347 
13840 1706 2481 1714 2637 
13841 1359 2127 2325 2595 
13842 2198 2252 1483 2524 
13843 917 918 1013 2595 
13844 752 744 107 2327 
13845 1388 1345 1924 2196 
13846 61 710 556 2308 
13847 1496 1600 1363 2443 
13848 1254 1444 2022 2471 
13849 1183 2018 1858 2502 
13850 1523 2295 1289 2662 
13851 2191 2464 2008 2597 
13852 411 410 496 2131 
13853 1475 1619 1230 2302 
13854 1092 944 943 2696 
13855 1460 2324 1833 2659 
13856 1122 1050 1120 2677 
13857 1269 1904 1438 2315 
13858 1321 2120 1761 2338 
13859 1927 2165 1470 2552 
13860 23 24 518 2674 
13861 626 631 635 2676 
13862 1326 2257 2388 2389 
13863 1533 1781 1462 2673 
13864 1223 2232 1888 2691 
13865 7 2401 155 2639 
13866 1692 2263 1691 2674 
13867 828 824 826 2561 
13868 1418 1741 1300 1787 
13869 1309 1454 2090 2515 
13870 1427 2125 1892 2168 
13871 1055 813 824 2115 
13872 1524 2587 2321 2670 
13873 1466 1639 1528 2303 
13874 1289 2267 1523 2662 
13875 1518 2279 1361 2420 
13876 718 571 667 2657 
13877 1383 2150 1494 2551 
13878 1318 1911 1689 2628 
13879 69 2001 716 2549 
13880 1238 2441 1942 2561 
13881 1518 1292 2305 2420 
13882 1360 2188 1845 2475 
13883 1099 866 1037 2369 
13884 1222 2243 1837 2380 
13885 771 1065 1057 2427 
13886 871 893 1044 2197 
13887 1340 2065 1717 2451 
13888 1370 2054 1739 2227 
13889 1645 2275 84 2438 
13890 1434 2143 2047 2482 
13891 1046 878 1726 2557 
13892 347 194 138 2411 
13893 712 669 560 2049 
13894 1017 897 952 1979 
13895 2270 2593 1590 2594 
13896 176 2172 2047 2667 
13897 1293 2305 1829 2420 
13898 1707 2239 2147 2683 
13899 105 104 2319 2565 
13900 868 869 999 2113 
13901 1558 2488 1534 2523 
13902 686 606 602 2480 
13903 1131 1676 2211 2681 
13904 237 2188 273 2600 
13905 666 561 664 2443 
13906 1367 1922 1483 2449 
13907 1527 1972 1317 2038 
13908 136 339 89 2019 
13909 2 2289 2224 2693 
13910 1187 1710 2036 2531 
13911 1041 2062 931 2649 
13912 175 177 308 2047 
13913 994 2199 972 2587 
13914 647 642 645 2581 
13915 366 1 383 2602 
13916 1361 1889 1179 2279 
13917 1619 1848 1295 1859 
13918 1488 2485 1731 2538 
13919 1321 2338 1562 2642 
13920 1787 1986 1788 2292 
13921 879 1097 770 2248 
13922 1296 2489 1887 2560 
13923 159 321 360 2671 
13924 1223 2690 1626 2691 
13925 277 80 81 2254 
13926 429 448 501 2140 
13927 1005 114 979 2588 
13928 844 1053 797 2651 
13929 1322 2334 1472 2543 
13930 756 751 745 1983 
13931 1141 2258 2044 2601 
13932 17 18 546 1969 
13933 988 987 944 1827 
13934 1530 2669 2151 2681 
13935 141 2020 42 2458 
13936 1096 1009 1008 1906 
13937 1719 1905 1460 2659 
13938 1370 1808 2585 2687 
13939 810 806 1015 2668 
13940 964 901 935 2247 
13941 955 956 957 2542 
13942 991 1126 3 2587 
13943 1300 2112 1468 2500 
13944 1396 2165 2053 2323 
13945 183 194 347 2411 
13946 1503 1954 1561 2603 
13947 2243 2535 1507 2678 
13948 1718 2428 1510 2615 
13949 976 2306 754 2418 
13950 1793 1925 1430 2647 
13951 139 334 87 2400 
13952 1402 1633 1357 2164 
13953 694 1782 2362 2672 
13954 1297 1765 2214 2619 
13955 1405 2488 1558 2523 
13956 1451 2048 1783 2440 
13957 1102 1017 953 2494 
13958 1829 2007 1179 2420 
13959 1328 2273 1906 2589 
13960 906 1028 890 2375 
13961 1009 880 1008 1879 
13962 2416 2534 1459 2542 
13963 1494 2020 2172 2526 
13964 1577 1849 2213 2394 
13965 251 323 320 2630 
13966 1280 2339 1913 2548 
13967 85 557 86 2276 
13968 1442 1454 2360 2515 
13969 1900 2338 1562 2463 
13970 2299 2312 1432 2386 
13971 1727 1404 2213 2704 
13972 1012 1011 1084 1936 
13973 678 612 621 2133 
13974 1689 1911 2407 2628 
13975 1357 2149 1730 2436 
13976 1337 2265 1426 2266 
13977 2413 2515 1210 2535 
13978 1122 971 1004 2353 
13979 519 22 23 2674 
13980 342 141 318 2458 
13981 962 2077 1124 2627 
13982 272 273 237 2188 
13983 63 2308 1747 2614 
13984 2320 2451 2065 2617 
13985 1565 2346 1985 2374 
13986 1921 2416 1270 2542 
13987 676 594 591 2235 
13988 1275 2072 1301 2430 
13989 1243 2039 1295 2554 
13990 1101 964 935 2041 
13991 1418 1986 1730 2149 
13992 888 889 890 2375 
13993 1355 1534 2064 2656 
13994 1167 2123 2187 2222 
13995 260 332 331 2096 
13996 226 224 225 2144 
13997 2053 2165 1396 2474 
13998 37 36 2253 2425 
13999 1202 1991 2579 2642 
14000 1074 779 781 2250 
14001 1283 1643 1438 2315 
14002 607 673 686 2480 
14003 1319 2047 1675 2667 
14004 1864 2037 1249 2271 
14005 1986 2149 1418 2584 
14006 1705 1750 2498 2574 
14007 750 754 940 2306 
14008 716 735 698 2001 
14009 1412 1289 1795 2662 
14010 78 2164 79 2436 
14011 1118 793 1024 2479 
14012 1712 2566 1555 2622 
14013 784 782 1029 2528 
14014 1121 879 772 2248 
14015 972 993 1126 2587 
14016 627 703 638 2002 
14017 1356 2078 1946 2362 
14018 2147 2239 381 2683 
14019 745 765 756 1983 
14020 85 2276 86 2334 
14021 342 180 2526 2647 
14022 853 1040 836 2496 
14023 1440 2076 1758 2289 
14024 1428 2140 1737 2262 
14025 1639 1978 1373 2618 
14026 1400 2151 2669 2681 
14027 132 162 161 2225 
14028 855 1107 1120 2677 
14029 422 502 443 2228 
14030 1991 1321 2579 2642 
14031 13 533 12 1962 
14032 1774 2268 1236 2472 
14033 1886 2423 1589 2590 
14034 833 838 1125 2094 
14035 1254 2022 1181 2471 
14036 302 2050 320 2630 
14037 1438 1283 1904 2522 
14038 917 915 918 2595 
14039 982 932 978 1975 
14040 349 202 54 2428 
14041 1257 1681 2146 2543 
14042 597 677 671 2216 
14043 599 623 622 2236 
14044 1328 1906 2273 2608 
14045 97 2299 2277 2699 
14046 38 37 120 2056 
14047 1995 1996 1326 2171 
14048 2056 2425 1457 2497 
14049 2056 2060 1457 2425 
14050 56 726 57 2226 
14051 1189 1319 2399 2529 
14052 789 920 792 1835 
14053 1391 1981 2162 2509 
14054 93 2143 1526 2196 
14055 1997 2563 1431 2675 
14056 1535 1534 2278 2279 
14057 1335 1966 1595 2460 
14058 2244 2485 1488 2538 
14059 497 413 417 2703 
14060 1383 1494 1319 2529 
14061 884 886 907 2345 
14062 41 2458 2122 2576 
14063 1819 1336 1971 2493 
14064 1020 873 1011 1936 
14065 2065 2320 1717 2451 
14066 1046 878 912 1726 
14067 338 178 176 2172 
14068 957 960 955 2534 
14069 1203 1927 1926 2145 
14070 114 1005 115 2588 
14071 53 54 346 2428 
14072 294 2570 1868 2671 
14073 1799 2595 1304 2696 
14074 1646 1375 1962 2160 
14075 1292 1518 1361 2420 
14076 1480 2465 2460 2475 
14077 1396 1839 2371 2491 
14078 1077 1053 862 2651 
14079 88 718 89 2294 
14080 1066 897 1040 1979 
14081 1466 1639 2303 2614 
14082 439 489 421 2281 
14083 854 1050 1122 2353 
14084 1932 1452 2650 2665 
14085 164 167 166 2506 
14086 467 465 466 2160 
14087 2125 2168 1427 2700 
14088 1300 1468 1741 2500 
14089 648 647 646 2581 
14090 199 337 191 2120 
14091 1391 2540 1716 2550 
14092 479 480 371 2620 
14093 1729 2340 1424 2490 
14094 1900 2459 188 2463 
14095 299 2054 209 2635 
14096 1634 2205 2066 2286 
14097 296 1867 9 2639 
14098 1527 1392 1972 2059 
14099 174 2370 1675 2667 
14100 573 575 645 2206 
14101 1729 2340 253 2510 
14102 1257 2010 1350 2543 
14103 186 2459 1881 2463 
14104 142 222 290 2084 
14105 1321 2120 2338 2642 
14106 1056 2441 828 2561 
14107 235 2314 123 2607 
14108 1494 2150 1675 2172 
14109 1202 2522 1991 2642 
14110 44 2551 2241 2683 
14111 748 753 1073 2565 
14112 1504 1818 2391 2694 
14113 1634 2532 2364 2663 
14114 1819 1851 1336 2493 
14115 37 2253 2056 2425 
14116 1701 2171 1406 2253 
14117 1468 1871 1529 2112 
14118 763 1113 1068 2326 
14119 1096 1009 1906 2589 
14120 790 873 802 2157 
14121 93 94 122 2143 
14122 1518 1293 2279 2420 
14123 915 917 916 2595 
14124 1424 2340 2184 2490 
14125 362 317 124 2253 
14126 847 845 841 1893 
14127 280 296 155 2639 
14128 2383 2423 1217 2444 
14129 617 598 618 2291 
14130 1005 979 958 1743 
14131 88 2397 2019 2400 
14132 816 852 856 2547 
14133 2084 2536 142 2704 
14134 2185 2528 1574 2604 
14135 1060 958 956 2542 
14136 834 835 833 2094 
14137 1239 1823 2064 2656 
14138 106 763 107 2326 
14139 19 20 380 2233 
14140 852 1051 911 2284 
14141 884 1112 1071 2345 
14142 1637 2362 1782 2672 
14143 901 1117 1035 2234 
14144 131 205 1972 2635 
14145 1178 2030 1812 2553 
14146 1609 2014 1221 2382 
14147 1639 1747 2308 2614 
14148 9 521 378 2617 
14149 1922 1236 2472 2524 
14150 1067 870 898 2638 
14151 369 21 22 2263 
14152 1637 2412 2362 2672 
14153 505 396 494 2675 
14154 2259 2371 1401 2491 
14155 216 217 218 2585 
14156 104 759 105 2319 
14157 8 7 155 2639 
14158 537 383 5 2602 
14159 1505 1918 2196 2517 
14160 484 418 497 2703 
14161 216 2527 217 2585 
14162 892 942 891 2537 
14163 1416 2644 1827 2696 
14164 697 701 592 2293 
14165 1125 1083 832 2624 
14166 1412 2662 1854 2692 
14167 1167 1775 2430 2574 
14168 928 929 1039 2402 
14169 1513 2497 2012 2576 
14170 1470 2381 1927 2552 
14171 1526 2182 92 2196 
14172 1992 1421 2172 2526 
14173 876 973 1015 2154 
14174 370 2603 1707 2683 
14175 1574 2151 1752 2604 
14176 293 256 327 2184 
14177 1179 1361 2279 2420 
14178 1438 1904 1283 2315 
14179 1086 1066 1040 2496 
14180 287 286 294 2570 
14181 1404 2144 1577 2213 
14182 1496 2294 1600 2443 
14183 1022 1023 1024 1988 
14184 1951 1227 2469 2470 
14185 1972 2059 1392 2076 
14186 1194 1887 2489 2560 
14187 1370 2227 1739 2527 
14188 1097 984 985 2042 
14189 1483 2449 1922 2524 
14190 374 549 517 2229 
14191 841 839 897 2583 
14192 222 2084 142 2704 
14193 1031 933 1080 2156 
14194 872 1008 860 2347 
14195 216 1648 2527 2585 
14196 267 312 223 2213 
14197 1060 1005 958 1743 
14198 2010 2334 2276 2543 
14199 1951 2469 2070 2470 
14200 1900 2120 1471 2642 
14201 2093 2356 1532 2645 
14202 1413 2387 1753 2703 
14203 1843 2184 1424 2340 
14204 1370 2227 1808 2303 
14205 1322 1622 2334 2543 
14206 1212 2215 1357 2633 
14207 1148 2218 1745 2680 
14208 1383 2241 1445 2380 
14209 1840 2582 1213 2660 
14210 1298 2110 2248 2594 
14211 1704 1457 2425 2497 
14212 2150 2241 44 2551 
14213 2077 2537 1437 2627 
14214 1924 2143 1434 2482 
14215 961 1111 960 2534 
14216 1922 2449 1204 2524 
14217 931 939 929 2062 
14218 1214 1544 2451 2658 
14219 1056 1039 828 2441 
14220 1405 2394 2029 2488 
14221 1483 1367 2449 2558 
14222 785 1024 783 2479 
14223 829 1056 828 2561 
14224 1328 2273 1886 2608 
14225 2182 2196 1505 2476 
14226 2078 2412 1642 2421 
14227 408 400 406 2262 
14228 954 875 1042 1856 
14229 113 751 112 2240 
14230 1363 1388 1918 2517 
14231 1885 2523 1960 2656 
14232 1968 2032 1226 2625 
14233 715 86 557 2276 
14234 1064 1085 1063 2477 
14235 1439 1483 2449 2558 
14236 1454 2428 1718 2615 
14237 431 428 415 2159 
14238 1123 1025 949 1998 
14239 2130 2498 1542 2648 
14240 111 1002 112 2404 
14241 1232 2070 2469 2470 
14242 1533 1454 2360 2673 
14243 849 1032 807 2495 
14244 2389 2654 1944 2655 
14245 1109 986 987 1827 
14246 950 942 962 2537 
14247 1519 2000 2088 2698 
14248 1239 1534 2523 2656 
14249 1504 2391 2057 2694 
14250 1321 1562 2579 2642 
14251 20 1845 2167 2448 
14252 905 930 929 2402 
14253 878 856 852 2547 
14254 1918 2196 1388 2596 
14255 431 480 479 2620 
14256 2010 2276 1350 2543 
14257 542 472 446 2328 
14258 1922 2373 1204 2449 
14259 962 819 1124 2077 
14260 1833 1877 1363 2443 
14261 1329 1994 1941 2392 
14262 520 8 378 2617 
14263 1100 1086 853 2496 
14264 969 951 924 2170 
14265 2119 2434 1378 2513 
14266 1399 2408 2351 2682 
14267 1210 2090 2413 2511 
14268 1882 2060 1237 2195 
14269 1898 2582 1284 2660 
14270 187 341 185 2459 
14271 1013 918 1012 2325 
14272 1322 1592 1489 2334 
14273 1145 2116 2000 2698 
14274 370 493 454 2603 
14275 2413 2511 2090 2631 
14276 1259 2237 1357 2633 
14277 232 231 230 2161 
14278 350 118 319 2507 
14279 129 76 77 2295 
14280 743 2163 1069 2589 
14281 1287 2598 2032 2599 
14282 124 317 36 2253 
14283 1189 2399 2043 2529 
14284 379 32 33 2398 
14285 1992 2172 1421 2578 
14286 1675 2370 1502 2667 
14287 1472 2334 2010 2543 
14288 939 931 1041 2062 
14289 1480 2142 2460 2465 
14290 7 373 6 2320 
14291 21 2167 1845 2465 
14292 704 740 570 2596 
14293 1981 2287 1391 2550 
14294 1295 1619 1859 2224 
14295 275 310 219 2246 
14296 244 243 242 2219 
14297 342 340 141 2526 
14298 2423 2590 1886 2591 
14299 1412 1930 1795 2533 
14300 1629 2397 2019 2476 
14301 825 866 1025 2369 
14302 2320 2451 1544 2658 
14303 1543 1845 2167 2465 
14304 2191 2569 1653 2597 
14305 1418 2149 2002 2584 
14306 455 445 438 2244 
14307 1662 1788 1444 2471 
14308 1483 1922 2472 2524 
14309 492 426 441 2426 
14310 2365 2366 1571 2686 
14311 342 141 2458 2526 
14312 1361 2139 1849 2278 
14313 1716 2540 2342 2550 
14314 1460 2659 1905 2676 
14315 1326 1944 2257 2389 
14316 476 372 475 2577 
14317 1004 1033 854 2353 
14318 974 927 1058 2192 
14319 771 1057 773 2427 
14320 1001 1064 1067 2015 
14321 596 604 605 2310 
14322 427 430 436 2297 
14323 1073 976 754 2418 
14324 469 504 448 2516 
14325 915 914 913 2183 
14326 177 2172 178 2578 
14327 1283 1643 1629 2019 
14328 1508 2413 2098 2631 
14329 790 802 800 2157 
14330 1392 1948 1373 2618 
14331 148 303 301 2223 
14332 1134 2205 2057 2694 
14333 109 996 110 2452 
14334 56 158 348 2289 
14335 1286 2406 1961 2415 
14336 1187 2333 2036 2573 
14337 125 298 171 2312 
14338 17 18 1969 2251 
14339 931 1975 932 2649 
14340 1292 2344 1630 2687 
14341 467 466 548 2160 
14342 2038 2401 1521 2639 
14343 1505 2196 1918 2476 
14344 253 254 251 2340 
14345 89 718 720 2294 
14346 1043 1076 922 2518 
14347 649 733 709 2245 
14348 7 6 276 2401 
14349 1833 1918 1388 2596 
14350 934 1080 933 2649 
14351 1210 2413 2090 2515 
14352 491 394 397 2335 
14353 863 888 887 2372 
14354 1848 2428 1964 2615 
14355 2301 2357 1368 2379 
14356 138 91 92 2182 
14357 942 950 891 2537 
14358 1017 841 897 2583 
14359 1283 2285 1643 2315 
14360 984 1079 1114 2309 
14361 1274 1820 2266 2434 
14362 1599 1962 1375 2160 
14363 195 190 362 2338 
14364 1496 1350 2010 2657 
14365 857 869 868 2113 
14366 992 2075 994 2587 
14367 91 2182 1643 2476 
14368 1528 1639 1466 2618 
14369 901 896 935 2247 
14370 1454 1964 2428 2615 
14371 314 215 315 2227 
14372 342 2458 318 2647 
14373 796 782 780 2528 
14374 1622 2275 1645 2438 
14375 1015 973 1104 2154 
14376 1489 2120 1471 2400 
14377 1105 1073 764 2418 
14378 1502 1749 1432 2312 
14379 1102 960 847 2494 
14380 35 34 2171 2545 
14381 994 1042 881 2075 
14382 770 771 772 2248 
14383 888 1038 887 2372 
14384 1944 2389 1326 2654 
14385 694 585 679 2362 
14386 1120 971 1122 2677 
14387 342 318 344 2647 
14388 1648 2560 1370 2687 
14389 507 387 388 2374 
14390 925 975 1082 2395 
14391 1384 1717 2320 2451 
14392 989 115 1109 1702 
14393 123 235 291 2314 
14394 872 860 843 2347 
14395 1600 1918 1363 2443 
14396 1287 1565 2598 2599 
14397 751 995 112 2240 
14398 195 191 190 2338 
14399 820 1007 815 2697 
14400 389 473 390 2346 
14401 983 908 1079 2505 
14402 2123 2187 1556 2351 
14403 1964 2225 1442 2360 
14404 1351 1985 1866 2632 
14405 1386 2239 2122 2576 
14406 302 2390 2050 2630 
14407 564 707 742 2584 
14408 969 1120 1107 2677 
14409 1088 972 881 2199 
14410 1289 2662 1412 2692 
14411 1240 2628 2079 2629 
14412 1076 1043 850 2518 
14413 128 240 281 2331 
14414 1309 2090 1825 2631 
14415 1181 2377 1254 2471 
14416 1197 2045 1825 2610 
14417 1629 2019 1643 2476 
14418 147 282 285 2460 
14419 1888 2232 1191 2691 
14420 351 198 197 2555 
14421 442 446 472 2328 
14422 1647 1340 2065 2541 
14423 1056 928 1039 2441 
14424 1042 959 954 2075 
14425 743 1069 1115 2589 
14426 885 856 878 2557 
14427 1573 1897 1422 2549 
14428 110 1006 109 2452 
14429 876 806 799 2384 
14430 1202 2579 1562 2642 
14431 1392 2059 1978 2076 
14432 1070 846 1044 2158 
14433 411 413 412 2387 
14434 1383 2241 2150 2551 
14435 1483 2472 2198 2524 
14436 1534 1239 2064 2656 
14437 1212 1357 2237 2633 
14438 1069 743 1091 2163 
14439 1534 1239 1889 2279 
14440 1034 758 1062 2260 
14441 762 1002 111 2404 
14442 156 99 169 2386 
14443 1111 1089 869 2330 
14444 1392 1373 1978 2618 
14445 1996 2171 34 2545 
14446 88 2294 89 2397 
14447 1101 759 990 2041 
14448 1442 2360 1533 2515 
14449 1194 2092 2489 2665 
14450 1028 967 892 2695 
14451 1505 1918 1600 2476 
14452 881 972 994 2199 
14453 508 401 398 2376 
14454 1534 1889 1239 2523 
14455 2050 2223 1617 2390 
14456 1010 915 913 2183 
14457 108 752 107 2327 
14458 962 1106 819 2077 
14459 870 882 871 2636 
14460 822 821 817 2208 
14461 326 333 172 2370 
14462 1910 1994 1333 2251 
14463 1244 2529 2043 2611 
14464 759 1003 105 2319 
14465 1012 1103 1013 2325 
14466 1533 2360 1454 2515 
14467 1384 2451 2320 2658 
14468 956 958 957 2542 
14469 946 972 1088 2199 
14470 930 932 931 1975 
14471 1084 1011 873 1936 
14472 1438 1900 1881 2459 
14473 1074 1124 779 2627 
14474 986 747 981 2605 
14475 937 967 938 2695 
14476 1637 2672 2324 2676 
14477 566 737 670 2679 
14478 773 1057 776 2427 
14479 951 1007 820 2697 
14480 978 932 930 1975 
14481 1074 950 962 2627 
14482 2209 2437 1188 2592 
14483 13 288 142 2536 
14484 1074 793 1093 2250 
14485 1284 2582 1840 2660 
14486 274 20 19 2448 
14487 228 313 328 2394 
14488 1194 2489 1887 2665 
14489 1921 2534 2416 2542 
14490 577 579 578 2421 
14491 952 897 1066 1979 
14492 940 754 968 2306 
14493 1038 950 1093 2111 
14494 677 588 593 2439 
14495 498 499 500 2433 
14496 1236 2198 1774 2472 
14497 1025 866 1099 2369 
14498 399 488 404 2539 
14499 1062 758 1002 2260 
14500 1460 1637 2324 2676 
14501 1788 1986 1339 2292 
14502 1968 2483 1225 2616 
14503 731 641 565 2405 
14504 352 351 324 2555 
14505 1147 2540 2287 2550 
14506 914 916 986 2605 
14507 1383 1947 1675 2150 
14508 1388 1924 1834 2596 
14509 669 723 670 2679 
14510 580 695 679 2412 
14511 434 433 435 2538 
14512 1347 1648 1630 2687 
14513 1120 969 971 2677 
14514 769 1065 768 2270 
14515 1396 2371 2259 2491 
14516 318 2458 1925 2647 
14517 807 806 810 2668 
14518 1107 1007 951 2697 
14519 80 721 81 2166 
14520 944 916 943 2696 
14521 933 1041 931 2649 
14522 597 690 595 2447 
14523 490 444 506 2563 
14524 1376 2251 1994 2702 
14525 85 2275 2276 2334 
14526 179 177 178 2578 
14527 1051 1075 911 2284 
14528 928 905 929 2402 
14529 9 2065 2541 2617 
14530 889 906 890 2375 
14531 1350 2276 2010 2657 
14532 495 414 420 2580 
14533 1741 1787 1418 2584 
14534 1646 2541 2065 2617 
14535 22 21 279 2465 
14536 769 768 766 2270 
14537 41 318 141 2458 
14538 1032 1095 1031 2495 
14539 772 879 770 2248 
14540 834 833 831 2316 
14541 1363 1918 1600 2517 
14542 833 835 838 2094 
14543 1600 1918 1505 2517 
14544 1114 1079 746 2309 
14545 1376 1994 2392 2702 
14546 862 1053 844 2651 
14547 976 1073 1105 2418 
14548 1961 2349 1286 2415 
14549 1016 834 831 2316 
14550 697 587 590 2455 
14551 149 61 62 2303 
14552 2047 2172 177 2578 
14553 1109 747 986 1827 
14554 957 961 960 2534 
14555 1389 2590 2423 2591 
14556 994 972 1126 2587 
14557 1633 2149 1357 2164 
14558 957 1034 961 2534 
14559 826 829 828 2561 
14560 2167 2233 1433 2263 
14561 187 185 186 2459 
14562 266 279 272 2475 
14563 966 1035 1117 2234 
14564 963 904 1083 2624 
14565 885 1046 993 2557 
14566 1063 882 1064 2477 
14567 289 270 250 2510 
14568 26 302 27 2390 
14569 983 909 908 2505 
14570 84 711 85 2275 
14571 884 907 1112 2345 
14572 1366 1929 1928 2480 
14573 1659 2354 1228 2701 
14574 714 565 641 2405 
14575 682 643 626 2659 
14576 944 987 986 1827 
14577 357 354 120 2463 
14578 602 607 686 2480 
14579 2342 2540 1147 2550 
14580 2287 2540 1391 2550 
14581 202 346 54 2428 
14582 626 625 631 2676 
14583 632 611 609 2661 
14584 1373 2572 2093 2573 
14585 1055 980 813 2115 
14586 605 657 659 2512 
14587 892 967 1087 2695 
14588 2050 2390 1614 2630 
14589 1388 1834 1833 2596 
14590 675 571 741 2657 
14591 616 691 633 2672 
14592 415 407 416 2621 
14593 4 1115 1096 2589 
14594 937 1087 967 2695 
14595 992 1042 994 2075 
14596 1568 2498 2130 2648 
14597 754 976 968 2306 
14598 692 693 637 2606 
14599 1907 2276 1350 2657 
14600 450 449 435 2485 
14601 531 372 476 2577 
14602 39 319 118 2507 
14603 166 162 164 2506 
14604 556 62 61 2308 
14605 17 1994 2251 2702 
14606 1848 1964 1341 2615 
14607 352 198 351 2555 
14608 1068 107 763 2326 
14609 1103 1029 796 2528 
14610 924 970 969 2170 
14611 276 159 212 2671 
14612 1544 2065 2451 2617 
14613 257 256 255 2490 
14614 981 912 914 2605 
14615 959 1042 992 2075 
14616 320 323 133 2630 
14617 2239 2551 43 2683 
14618 261 260 259 2493 
14619 876 1015 806 2384 
14620 1994 16 2392 2702 
14621 1508 2511 2413 2631 
14622 858 868 870 2638 
14623 2198 2472 1236 2524 
14624 342 180 340 2526 
14625 493 370 530 2603 
14626 139 87 88 2400 
14627 623 634 627 2501 
14628 504 469 550 2516 
14629 287 294 345 2570 
14630 1032 849 1095 2495 
14631 105 753 748 2565 
14632 105 748 104 2565 
14633 2020 2458 141 2526 
14634 247 303 245 2533 
14635 413 497 418 2703 
14636 1009 1069 1019 2589 
14637 2128 2684 1423 2685 
14638 357 188 354 2463 
14639 342 2526 2458 2647 
14640 233 234 273 2600 
14641 1024 793 783 2479 
14642 2010 2294 1496 2657 
14643 870 1067 882 2636 
14644 1418 1787 1986 2584 
14645 94 95 363 2482 
14646 778 777 776 2669 
14647 723 566 670 2679 
14648 214 215 216 2527 
14649 1460 2324 2659 2676 
14650 1294 1788 1573 2471 
14651 88 2010 2294 2397 
14652 646 647 645 2581 
14653 1648 2585 1630 2687 
14654 570 740 94 2596 
14655 209 205 284 2635 
14656 342 344 182 2647 
14657 9 378 8 2617 
14658 990 964 1101 2041 
14659 781 793 1074 2250 
14660 848 1054 886 2348 
14661 220 221 222 2704 
14662 1117 965 966 2234 
14663 123 264 236 2607 
14664 1069 1096 1115 2589 
14665 874 778 776 2669 
14666 2239 1445 2551 2683 
14667 1096 1069 1009 2589 
14668 179 358 177 2578 
14669 667 571 675 2657 
14670 1881 2459 1900 2463 
14671 518 519 23 2674 
14672 975 925 909 2395 
14673 994 991 992 2587 
14674 933 932 934 2649 
14675 155 296 8 2639 
14676 886 1054 948 2348 
14677 1111 961 1089 2330 
14678 44 551 43 2683 
14679 1029 782 796 2528 
14680 898 870 868 2638 
14681 1083 1125 963 2624 
14682 1947 2150 1383 2241 
14683 17 2251 1969 2702 
14684 360 212 159 2671 
14685 2241 2551 1445 2683 
14686 962 1124 1074 2627 
14687 847 1017 1102 2494 
14688 1040 853 1086 2496 
14689 5 383 1 2602 
14690 174 175 173 2667 
14691 931 932 933 2649 
14692 1622 2334 2275 2438 
14693 1347 2560 1648 2687 
14694 914 986 981 2605 
14695 854 1122 1004 2353 
14696 1046 885 878 2557 
14697 994 1126 991 2587 
14698 1430 2458 2020 2526 
14699 1925 2458 1430 2647 
14700 1430 2458 2526 2647 
14701 1421 2172 2047 2578 
14702 2629 2345 907 1627 
14703 2629 907 2345 1601 
14704 1885 1796 2006 1166 
14705 1885 2006 1796 1822 
14706 1224 2500 1816 1259 
14707 1816 2500 1224 1982 
14708 2117 1309 1560 1253 
14709 2117 1560 1309 2688 
14710 1891 1612 1160 1786 
14711 1891 1160 1612 2575 
14712 2472 1143 1892 1878 
14713 2472 1892 1143 2268 
14714 117 1994 1525 329 
14715 1525 1994 117 1941 
14716 1525 2144 117 329 
14717 117 2144 1525 1941 
14718 2603 2297 437 454 
14719 2603 437 2297 1503 
14720 1994 265 1525 329 
14721 1994 1525 265 1910 
14722 229 1525 265 329 
14723 229 265 1525 1910 
14724 2336 1162 2456 1509 
14725 2336 2456 1162 1641 
14726 2287 2178 2540 1138 
14727 2287 2540 2178 1391 
14728 2621 1227 1458 1780 
14729 2621 1458 1227 1737 
14730 2323 1132 2165 1575 
14731 2323 2165 1132 1396 
14732 1802 2699 1272 1475 
14733 1802 1272 2699 1417 
14734 1236 1272 2699 1475 
14735 1236 2699 1272 1417 
14736 1489 2642 2120 1321 
14737 2120 2642 1489 1471 
14738 1655 2645 2685 1869 
14739 1655 2685 2645 1143 
14740 1597 2685 2645 1869 
14741 1597 2645 2685 1143 
14742 2665 1159 1831 1932 
14743 2665 1831 1159 1887 
14744 1712 2566 1989 1151 
14745 1712 1989 2566 1554 
14746 2058 1989 2566 1151 
14747 2058 2566 1989 1554 
14748 1909 2304 1789 1522 
14749 1789 2304 1909 1344 
14750 2499 1542 1154 1607 
14751 2499 1154 1542 1775 
14752 2629 2212 2628 1601 
14753 2629 2628 2212 1240 
14754 2325 2378 2127 1574 
14755 2127 2378 2325 1799 
14756 392 2346 1565 390 
14757 1565 2346 392 1997 
14758 1565 391 392 390 
14759 392 391 1565 1997 
14760 503 2262 1731 408 
14761 1731 2262 503 2016 
14762 1731 482 503 408 
14763 503 482 1731 2016 
14764 2519 2341 2364 1515 
14765 2519 2364 2341 1736 
14766 1667 2364 2341 1515 
14767 1667 2341 2364 1736 
14768 1258 2610 2450 1451 
14769 2450 2610 1258 1680 
14770 2309 2505 1006 1453 
14771 1006 2505 2309 1079 
14772 1816 1822 1671 1185 
14773 1671 1822 1816 1821 
14774 2539 410 1594 2131 
14775 2539 1594 410 404 
14776 1986 1444 73 1788 
14777 1986 73 1444 1636 
14778 2643 2069 1487 1140 
14779 1487 2069 2643 1801 
14780 1487 2190 2643 1140 
14781 2643 2190 1487 1801 
14782 1890 29 2242 1615 
14783 1890 2242 29 30 
14784 1426 2215 1844 1262 
14785 1844 2215 1426 1212 
14786 2297 502 424 2228 
14787 2297 424 502 427 
14788 1154 2217 1628 2046 
14789 2110 2650 1298 1939 
14790 1298 2650 2110 1965 
14791 2376 512 1769 508 
14792 2376 1769 512 2086 
14793 403 1769 512 508 
14794 403 512 1769 2086 
14795 2057 1835 2174 1325 
14796 2057 2174 1835 1504 
14797 2568 1863 2471 2005 
14798 2568 2471 1863 1339 
14799 1855 2091 1488 1235 
14800 1488 2091 1855 1428 
14801 1488 1731 1855 1235 
14802 1855 1731 1488 1428 
14803 1717 2401 1933 6 
14804 1717 1933 2401 1469 
14805 5 1933 2401 6 
14806 5 2401 1933 1469 
14807 2384 1504 2391 1654 
14808 2384 2391 1504 2154 
14809 2281 483 1569 1896 
14810 485 1569 483 1896 
14811 2565 1686 104 2319 
14812 2565 104 1686 1757 
14813 2492 2037 1315 1598 
14814 2492 1315 2037 2271 
14815 2496 1221 1567 1627 
14816 2496 1567 1221 1398 
14817 2506 295 168 166 
14818 2506 168 295 1848 
14819 1275 2073 2430 1705 
14820 1275 2430 2073 2072 
14821 1167 2430 2073 1705 
14822 1167 2073 2430 2072 
14823 2033 701 663 651 
14824 2033 663 701 2293 
14825 1081 1861 1770 1110 
14826 1770 1861 1081 1401 
14827 2086 463 461 462 
14828 2086 461 463 1952 
14829 2611 1641 2053 2043 
14830 2611 2053 1641 1182 
14831 2607 234 1620 236 
14832 2607 1620 234 2600 
14833 237 1620 234 236 
14834 237 234 1620 2600 
14835 2506 295 201 1964 
14836 2506 201 295 166 
14837 515 2426 454 492 
14838 454 2426 515 1707 
14839 1359 2126 1304 1511 
14840 1359 1304 2126 2127 
14841 2446 2075 1743 1524 
14842 2446 1743 2075 1270 
14843 2029 335 292 119 
14844 2029 292 335 1862 
14845 1757 2700 1686 1427 
14846 1686 2700 1757 1572 
14847 1622 1967 1820 1274 
14848 1820 1967 1622 1322 
14849 1568 2083 2641 1152 
14850 1568 2641 2083 1190 
14851 1751 2641 2083 1152 
14852 1666 534 15 1599 
14853 1666 15 534 523 
14854 1907 608 610 1880 
14855 1907 610 608 628 
14856 1730 2267 1339 1262 
14857 1339 2267 1730 1289 
14858 2075 1382 2013 1587 
14859 2075 2013 1382 1856 
14860 1965 2110 2594 1353 
14861 2594 2110 1965 1298 
14862 2176 1805 2664 1302 
14863 2176 2664 1805 1809 
14864 1653 2562 2531 1380 
14865 1653 2531 2562 1216 
14866 1687 2531 2562 1380 
14867 1687 2562 2531 1216 
14868 1884 2142 1207 1543 
14869 1207 2142 1884 1335 
14870 2643 2069 2210 1541 
14871 2643 2210 2069 1140 
14872 2459 2411 341 194 
14873 2459 341 2411 2019 
14874 136 341 2411 194 
14875 136 2411 341 2019 
14876 1663 2153 1764 1222 
14877 1764 2153 1663 1395 
14878 2665 1680 2450 1452 
14879 2665 2450 1680 2489 
14880 1384 2673 2688 1462 
14881 2688 2673 1384 1933 
14882 1816 2690 1982 1165 
14883 1982 2690 1816 1242 
14884 1860 900 899 902 
14885 1860 899 900 1698 
14886 2394 227 335 228 
14887 2394 335 227 1862 
14888 1792 2028 1419 1254 
14889 1419 2028 1792 1332 
14890 1892 2444 1248 1427 
14891 1248 2444 1892 1693 
14892 2105 2689 842 1429 
14893 842 2689 2105 1841 
14894 2357 1804 1582 1368 
14895 2357 1582 1804 1581 
14896 2526 1494 1430 1421 
14897 2526 1430 1494 2020 
14898 745 1702 114 989 
14899 114 1702 745 1623 
14900 2169 2513 2017 1154 
14901 2017 2513 2169 1498 
14902 2624 2094 838 1313 
14903 2624 838 2094 1125 
14904 2392 14 1599 15 
14905 2392 1599 14 1481 
14906 2063 1149 2564 1550 
14907 2564 1149 2063 1671 
14908 2564 2003 2063 1550 
14909 2063 2003 2564 1671 
14910 1397 2466 1223 1482 
14911 1223 2466 1397 1982 
14912 1907 705 672 1644 
14913 1907 672 705 674 
14914 978 2234 1049 1035 
14915 978 1049 2234 1514 
14916 1943 1049 2234 1035 
14917 1943 2234 1049 1514 
14918 2370 171 2667 172 
14919 2370 2667 171 2312 
14920 173 2667 171 172 
14921 173 171 2667 2312 
14922 2494 953 952 1017 
14923 952 953 2494 1476 
14924 952 1979 2494 1017 
14925 2494 1979 952 1476 
14926 2119 2217 1628 1154 
14927 1628 2217 2119 1192 
14928 812 2115 823 813 
14929 823 2115 812 1830 
14930 2092 1348 1218 1347 
14931 2092 1218 1348 1779 
14932 1909 937 2695 1344 
14933 1909 2695 937 938 
14934 2615 1442 1964 1341 
14935 2615 1964 1442 1454 
14936 1545 2229 2703 1896 
14937 1545 2703 2229 536 
14938 484 2703 2229 1896 
14939 484 2229 2703 536 
14940 2035 843 797 1579 
14941 2035 797 843 798 
14942 2133 2181 1363 1496 
14943 1363 2181 2133 1585 
14944 2418 2695 1909 938 
14945 1909 2695 2418 1604 
14946 2398 516 2229 1896 
14947 2398 2229 516 379 
14948 517 2229 516 1896 
14949 517 516 2229 379 
14950 2094 836 2118 1817 
14951 2094 2118 836 835 
14952 2386 298 1749 156 
14953 2386 1749 298 2312 
14954 170 1749 298 156 
14955 170 298 1749 2312 
14956 2217 2351 1167 2123 
14957 1167 2351 2217 1775 
14958 7 2065 2639 8 
14959 2639 2065 7 1717 
14960 2598 1769 1997 1379 
14961 2598 1997 1769 1565 
14962 2272 1640 2556 1173 
14963 2272 2556 1640 1884 
14964 421 2228 2281 422 
14965 2281 2228 421 1463 
14966 1542 2574 2499 1775 
14967 1542 2499 2574 2498 
14968 1164 2499 2574 1775 
14969 1164 2574 2499 2498 
14970 2161 2600 1910 1500 
14971 2161 1910 2600 233 
14972 140 1910 2600 1500 
14973 140 2600 1910 233 
14974 1576 1701 1995 1326 
14975 1576 1995 1701 2555 
14976 2314 2607 234 1792 
14977 234 235 2314 1792 
14978 2679 700 656 670 
14979 2679 656 700 1665 
14980 2005 2377 2136 1181 
14981 2136 2377 2005 1564 
14982 2027 1954 1616 1276 
14983 2027 1616 1954 1503 
14984 2644 1495 1304 1708 
14985 2644 1304 1495 1827 
14986 2145 1182 1926 1244 
14987 2145 1926 1182 1927 
14988 2269 2414 2023 1139 
14989 2023 2414 2269 1682 
14990 2332 1399 1173 1883 
14991 2332 1173 1399 1673 
14992 1874 996 2609 757 
14993 1874 2609 996 1582 
14994 1781 2117 2034 1533 
14995 2034 2117 1781 1276 
14996 2323 2552 2285 1575 
14997 2285 2552 2323 1182 
14998 2471 1564 1960 1294 
14999 2471 1960 1564 2377 
15000 636 2606 618 637 
15001 618 2606 636 1871 
15002 2467 305 1995 1478 
15003 2467 1995 305 32 
15004 1566 2132 1340 1214 
15005 1340 2132 1566 2100 
15006 1679 1534 66 2278 
15007 1679 66 1534 67 
15008 2224 160 1859 356 
15009 2224 1859 160 1619 
15010 1769 2346 2086 1497 
15011 1769 2086 2346 473 
15012 2001 629 727 1871 
15013 2001 727 629 698 
15014 2647 184 350 344 
15015 2647 350 184 1793 
15016 2507 2647 350 344 
15017 2507 350 2647 1793 
15018 1925 2647 2507 344 
15019 1925 2507 2647 1793 
15020 196 2338 197 1701 
15021 196 197 2338 195 
15022 364 197 2338 1701 
15023 364 2338 197 195 
15024 859 1763 922 877 
15025 922 1763 859 1605 
15026 2347 844 2652 860 
15027 2347 2652 844 1579 
15028 2325 1011 1935 918 
15029 2325 1935 1011 1936 
15030 2360 48 2225 1442 
15031 2360 2225 48 49 
15032 1895 1050 2353 1632 
15033 1895 2353 1050 803 
15034 2293 2078 582 1482 
15035 2014 2454 1857 1382 
15036 1857 2454 2014 1221 
15037 2443 621 1877 2133 
15038 2443 1877 621 664 
15039 614 1877 621 2133 
15040 614 621 1877 664 
15041 2508 2064 2052 1180 
15042 2508 2052 2064 1535 
15043 2419 2037 2272 1173 
15044 2419 2272 2037 1598 
15045 1888 2198 1290 1177 
15046 1290 2198 1888 1272 
15047 2296 1773 1234 1839 
15048 1234 1773 2296 1398 
15049 1234 2118 2296 1839 
15050 2296 2118 1234 1398 
15051 2486 1810 2201 1914 
15052 2486 2201 1810 1410 
15053 96 2482 193 95 
15054 193 2482 96 1684 
15055 2473 1196 1334 1903 
15056 2473 1334 1196 1920 
15057 2626 1794 1153 1800 
15058 2626 1153 1794 1447 
15059 1969 509 527 546 
15060 1969 527 509 1738 
15061 2491 1229 2487 1425 
15062 2491 2487 1229 2259 
15063 2251 1969 2233 18 
15064 2233 1969 2251 1711 
15065 2233 19 2251 18 
15066 2251 19 2233 1711 
15067 712 1679 67 66 
15068 712 67 1679 2049 
15069 2681 1486 1530 1949 
15070 2681 1530 1486 2151 
15071 2342 1703 1175 1716 
15072 2342 1175 1703 1767 
15073 2699 97 1719 2277 
15074 2699 1719 97 98 
15075 2577 38 529 531 
15076 2577 529 38 1704 
15077 2603 446 510 493 
15078 2603 510 446 1954 
15079 1983 2593 2270 1516 
15080 2270 2593 1983 1826 
15081 2295 248 1795 1930 
15082 2295 1795 248 129 
15083 246 1795 248 1930 
15084 246 248 1795 129 
15085 2525 1140 1390 1883 
15086 2525 1390 1140 2238 
15087 2182 2285 1505 1526 
15088 1505 2285 2182 1643 
15089 2350 1502 1231 1266 
15090 2350 1231 1502 1432 
15091 1909 910 1061 1072 
15092 1909 1061 910 1522 
15093 2325 2528 1012 1103 
15094 1012 2528 2325 2185 
15095 2468 1826 1141 1754 
15096 2468 1141 1826 2108 
15097 2561 1318 826 1838 
15098 2561 826 1318 1678 
15099 2206 576 574 575 
15100 2206 574 576 1725 
15101 2495 2649 1041 933 
15102 1041 2649 2495 1403 
15103 1659 1193 1145 2116 
15104 1659 1145 1193 2354 
15105 1684 2277 2482 96 
15106 1684 2482 2277 1924 
15107 95 2482 2277 96 
15108 95 2277 2482 1924 
15109 2368 1289 1168 2267 
15110 2368 1168 1289 1863 
15111 2360 1781 2673 49 
15112 2360 2673 1781 1533 
15113 2210 2653 2343 1310 
15114 2343 2653 2210 1541 
15115 2383 1794 1603 1846 
15116 2383 1603 1794 2203 
15117 2281 485 483 439 
15118 2281 483 485 1569 
15119 2164 644 2149 728 
15120 2164 2149 644 1633 
15121 2578 1526 200 2143 
15122 2578 200 1526 1992 
15123 1527 2313 1392 1250 
15124 1392 2313 1527 1317 
15125 2040 2000 2698 1145 
15126 2040 2698 2000 1519 
15127 1951 1738 2469 1435 
15128 1951 2469 1738 1305 
15129 2172 143 336 338 
15130 2172 336 143 2150 
15131 2516 519 451 1691 
15132 2516 451 519 550 
15133 2086 2376 471 512 
15134 471 2376 2086 1458 
15135 2614 1808 2305 1518 
15136 2614 2305 1808 2303 
15137 1616 2027 2024 1287 
15138 2024 2027 1616 1276 
15139 2245 58 59 709 
15140 2245 59 58 1537 
15141 2535 2350 1442 1210 
15142 2535 1442 2350 1266 
15143 2477 1113 2015 1064 
15144 2477 2015 1113 1554 
15145 2570 53 135 345 
15146 2570 135 53 1510 
15147 553 2485 514 449 
15148 514 2485 553 1950 
15149 138 2411 200 347 
15150 200 2411 138 2182 
15151 2277 719 1834 96 
15152 2277 1834 719 1719 
15153 2358 1400 2681 1752 
15154 2358 2681 1400 1676 
15155 1805 2571 2504 1465 
15156 2504 2571 1805 2088 
15157 1867 2560 1739 1648 
15158 1739 2560 1867 1296 
15159 1586 1812 1820 1211 
15160 1586 1820 1812 1322 
15161 1592 1820 1812 1211 
15162 1592 1812 1820 1322 
15163 1998 830 1016 1123 
15164 1998 1016 830 1838 
15165 1602 1959 35 2545 
15166 1925 2576 2507 1513 
15167 1925 2507 2576 40 
15168 39 2507 2576 1513 
15169 39 2576 2507 40 
15170 2581 649 1847 2245 
15171 2581 1847 649 647 
15172 2276 711 85 557 
15173 2276 85 711 2275 
15174 2329 1917 2134 1207 
15175 2329 2134 1917 1408 
15176 2593 2601 2110 1516 
15177 2110 2601 2593 2044 
15178 2154 971 1504 973 
15179 2154 1504 971 1818 
15180 1004 1504 971 973 
15181 1004 971 1504 1818 
15182 2430 2222 2072 1301 
15183 2430 2072 2222 1167 
15184 2673 366 1 50 
15185 2673 1 366 2602 
15186 2263 20 2167 2233 
15187 2263 2167 20 21 
15188 2424 1800 1714 1153 
15189 2424 1714 1800 1548 
15190 1983 767 766 756 
15191 1983 766 767 1516 
15192 2651 2652 844 1815 
15193 844 2652 2651 1579 
15194 1683 2470 1232 1170 
15195 1232 2470 1683 2070 
15196 2218 2410 2680 1148 
15197 2680 2410 2218 1635 
15198 2280 2697 1690 1371 
15199 1690 2697 2280 1411 
15200 2603 46 45 530 
15201 2603 45 46 1561 
15202 2425 35 1959 36 
15203 2425 1959 35 1602 
15204 2399 1261 1135 2043 
15205 2399 1135 1261 2317 
15206 2586 1901 1853 1329 
15207 2586 1853 1901 1697 
15208 2521 1779 1353 1902 
15209 2521 1353 1779 1656 
15210 2190 1940 2689 1473 
15211 2190 2689 1940 1267 
15212 1743 2542 2534 958 
15213 2534 2542 1743 1459 
15214 2534 1034 1743 958 
15215 1743 1034 2534 1459 
15216 2538 1594 1235 2131 
15217 2538 1235 1594 1731 
15218 2257 1164 1255 1894 
15219 2257 1255 1164 1944 
15220 2143 1261 1345 1434 
15221 2143 1345 1261 1526 
15222 1859 361 160 1848 
15223 1859 160 361 322 
15224 2600 1845 146 2448 
15225 2600 146 1845 2188 
15226 1583 2445 1553 1270 
15227 1553 2445 1583 1908 
15228 1541 2653 814 808 
15229 1541 814 2653 1803 
15230 809 814 2653 808 
15231 809 2653 814 1803 
15232 2002 639 624 1618 
15233 2002 624 639 638 
15234 2607 235 234 236 
15235 2607 234 235 2314 
15236 2148 2296 2202 1132 
15237 2202 2296 2148 1567 
15238 2476 89 2294 2397 
15239 2476 2294 89 90 
15240 2604 1515 2528 2341 
15241 2604 2528 1515 2185 
15242 2549 71 569 70 
15243 2549 569 71 1897 
15244 2524 1608 2026 2089 
15245 2524 2026 1608 1922 
15246 2666 2442 2452 1133 
15247 2666 2452 2442 1547 
15248 2607 1792 1254 1620 
15249 2607 1254 1792 2314 
15250 1962 14 377 1599 
15251 1962 377 14 13 
15252 1505 2285 1629 1228 
15253 1629 2285 1505 1643 
15254 2338 357 2463 190 
15255 2338 2463 357 1562 
15256 2512 1557 1397 1665 
15257 2512 1397 1557 2033 
15258 2317 2089 2106 1204 
15259 2317 2106 2089 1231 
15260 2164 729 644 554 
15261 2164 644 729 1633 
15262 2067 2290 1663 1196 
15263 1663 2290 2067 1256 
15264 2656 1422 1573 1205 
15265 2656 1573 1422 1558 
15266 2455 2439 587 589 
15267 2455 587 2439 1715 
15268 588 587 2439 589 
15269 588 2439 587 1715 
15270 2680 2342 2540 1364 
15271 2680 2540 2342 1716 
15272 2373 2486 1976 1151 
15273 1976 2486 2373 1407 
15274 2557 972 993 885 
15275 2557 993 972 1485 
15276 2623 2088 1945 1195 
15277 2623 1945 2088 1549 
15278 2234 2247 1035 901 
15279 2234 1035 2247 1698 
15280 900 1035 2247 901 
15281 900 2247 1035 1698 
15282 2587 881 2075 994 
15283 2587 2075 881 1587 
15284 2657 715 2010 571 
15285 2657 2010 715 2276 
15286 87 2010 715 571 
15287 87 715 2010 2276 
15288 2447 2455 590 589 
15289 590 2455 2447 1723 
15290 590 595 2447 589 
15291 2447 595 590 1723 
15292 2077 1087 2537 1106 
15293 2077 2537 1087 1748 
15294 2438 1322 2334 1592 
15295 2438 2334 1322 1622 
15296 2551 143 44 2150 
15297 2551 44 143 43 
15298 73 1444 1662 1788 
15299 1662 1444 73 2331 
15300 1977 2290 1445 1222 
15301 1445 2290 1977 1256 
15302 2358 1965 1156 1676 
15303 2358 1156 1965 1349 
15304 2248 1097 1516 2042 
15305 2248 1516 1097 770 
15306 2294 561 90 1600 
15307 2294 90 561 720 
15308 590 2455 596 660 
15309 590 596 2455 1723 
15310 2310 596 2455 660 
15311 2310 2455 596 1723 
15312 2671 6 276 159 
15313 2671 276 6 2401 
15314 972 2557 946 885 
15315 946 2557 972 2199 
15316 2532 1477 2205 1634 
15317 2532 2205 1477 2174 
15318 2576 2147 2239 41 
15319 2576 2239 2147 1386 
15320 947 2348 2345 886 
15321 2345 2348 947 1627 
15322 2369 877 1037 1763 
15323 2369 1037 877 866 
15324 2678 1914 1129 1777 
15325 2678 1129 1914 2301 
15326 2316 2514 1313 1606 
15327 1313 2514 2316 2094 
15328 1313 1942 2316 1606 
15329 2316 1942 1313 2094 
15330 2639 1739 1296 2038 
15331 2639 1296 1739 1867 
15332 2430 1775 1164 1750 
15333 1164 1775 2430 1255 
15334 1164 1944 2430 1750 
15335 2430 1944 1164 1255 
15336 2421 1725 1393 2206 
15337 2421 1393 1725 1642 
15338 2192 1087 2077 974 
15339 2192 2077 1087 1748 
15340 2638 2197 1915 2636 
15341 2638 1915 2197 1621 
15342 2168 2685 2063 1423 
15343 2063 2685 2168 1597 
15344 2553 2484 2407 1150 
15345 2553 2407 2484 1735 
15346 2551 316 42 43 
15347 2551 42 316 2020 
15348 181 2647 180 182 
15349 180 2647 181 1992 
15350 2312 98 97 298 
15351 2312 97 98 2299 
15352 703 2149 644 730 
15353 644 2149 703 2002 
15354 1528 2305 2303 1370 
15355 2303 2305 1528 1466 
15356 2704 2585 220 219 
15357 2704 220 2585 1630 
15358 2682 2612 1542 2648 
15359 2682 1542 2612 1538 
15360 2463 1456 2507 2056 
15361 2463 2507 1456 1881 
15362 2492 2271 1316 1315 
15363 2492 1316 2271 1184 
15364 2457 1999 1484 1683 
15365 2457 1484 1999 2307 
15366 2626 2637 1706 1714 
15367 1706 2637 2626 2061 
15368 2438 85 2275 84 
15369 2438 2275 85 2334 
15370 2600 1360 1845 1500 
15371 2600 1845 1360 2188 
15372 2306 750 2565 1757 
15373 2306 2565 750 754 
15374 2024 2117 1462 1198 
15375 1462 2117 2024 1276 
15376 2596 724 704 1833 
15377 2596 704 724 570 
15378 2405 100 702 714 
15379 2405 702 100 1802 
15380 1802 2224 2693 101 
15381 2693 2224 1802 1651 
15382 2688 1309 1533 1933 
15383 1533 1309 2688 2117 
15384 1533 2673 2688 1933 
15385 2688 2673 1533 2117 
15386 2250 950 2627 2111 
15387 2250 2627 950 1074 
15388 2641 2453 2083 1190 
15389 2641 2083 2453 1751 
15390 2565 754 1073 748 
15391 2612 1498 2646 2169 
15392 2612 2646 1498 2137 
15393 2507 1793 1269 1881 
15394 2507 1269 1793 1925 
15395 2305 2614 1293 1466 
15396 1293 2614 2305 1518 
15397 1595 2692 1795 1412 
15398 1795 2692 1595 1260 
15399 2312 2370 165 171 
15400 165 2370 2312 1502 
15401 2584 638 703 2002 
15402 2584 703 638 742 
15403 1418 2500 1185 1300 
15404 1185 2500 1418 1259 
15405 2545 1277 1327 1602 
15406 2545 1327 1277 1624 
15407 2400 337 334 2120 
15408 2400 334 337 139 
15409 2555 1211 1971 1761 
15410 2555 1971 1211 1576 
15411 2470 1479 1232 2081 
15412 2470 1232 1479 2469 
15413 2679 712 669 723 
15414 2679 669 712 2049 
15415 2576 543 2147 41 
15416 2576 2147 543 2012 
15417 2318 2692 1863 1260 
15418 1863 2692 2318 1760 
15419 2683 515 370 551 
15420 2683 370 515 1707 
15421 2380 1947 1266 1383 
15422 2380 1266 1947 1443 
15423 2570 348 158 2289 
15424 2570 158 348 287 
15425 2215 2292 2568 1339 
15426 2568 2292 2215 1185 
15427 2697 809 855 1007 
15428 2697 855 809 1803 
15429 2397 1600 2476 1629 
15430 2397 2476 1600 2294 
15431 1758 2573 2333 1285 
15432 2333 2573 1758 1373 
15433 2576 1342 1926 2122 
15434 2576 1926 1342 1513 
15435 2549 2488 69 68 
15436 2549 69 2488 1558 
15437 2029 69 2488 68 
15438 2029 2488 69 1558 
15439 2450 2665 1159 1887 
15440 1159 2665 2450 1452 
15441 1106 2537 962 942 
15442 962 2537 1106 2077 
15443 754 2418 2565 1073 
15444 2565 2418 754 2306 
15445 2196 2517 1345 1505 
15446 1345 2517 2196 1388 
15447 2546 2556 1884 1201 
15448 1884 2556 2546 2272 
15449 2505 975 909 2395 
15450 2505 909 975 983 
15451 2586 2392 1376 1329 
15452 2586 1376 2392 1481 
15453 2534 1111 1358 2330 
15454 2534 1358 1111 960 
15455 1026 1358 1111 2330 
15456 1026 1111 1358 960 
15457 2543 2276 1622 2334 
15458 2543 1622 2276 1350 
15459 2275 1622 2276 2334 
15460 2275 2276 1622 1350 
15461 1960 2656 1573 1885 
15462 1573 2656 1960 1558 
15463 2235 684 683 676 
15464 2235 683 684 1449 
15465 2353 920 2174 1504 
15466 2353 2174 920 1033 
15467 2603 2328 437 1503 
15468 594 599 1929 600 
15469 593 599 2235 594 
15470 593 2235 599 2236 
15471 1534 1849 66 2278 
15472 1534 67 1849 2488 
15473 1849 67 1534 66 
15474 2346 457 2086 1497 
15475 2086 473 457 2346 
15476 457 473 2086 474 
15477 582 2293 1807 2078 
15478 1807 2293 582 592 
15479 1807 662 582 2078 
15480 582 662 1807 592 
15481 446 2603 437 493 
15482 446 437 2603 2328 
15483 685 599 1928 2236 
15484 685 1928 599 600 
15485 1929 599 1928 600 
15486 599 1929 2235 594 
15487 2236 1928 1929 599 
15488 1929 1928 2236 1450 
15489 1929 2235 2236 599 
15490 2236 2235 1929 1450 
$EndElements
